ID,Age,Masked,Vaccinate,Initial_Status
1,52,Yes,Yes,Susceptible
2,15,No,No,Susceptible
3,72,No,No,Susceptible
4,61,Yes,No,Susceptible
5,21,No,Yes,Infectious
6,83,Yes,Yes,Susceptible
7,87,Yes,Yes,Susceptible
8,75,Yes,No,Susceptible
9,75,Yes,Yes,Susceptible
10,88,Yes,Yes,Susceptible
11,24,No,No,Susceptible
12,3,Yes,No,Susceptible
13,22,Yes,No,Susceptible
14,53,Yes,No,Susceptible
15,2,Yes,No,Susceptible
16,88,No,Yes,Susceptible
17,30,Yes,Yes,Susceptible
18,38,Yes,No,Susceptible
19,2,Yes,Yes,Susceptible
20,64,Yes,No,Susceptible
21,60,Yes,No,Susceptible
22,21,Yes,No,Susceptible
23,33,Yes,Yes,Susceptible
24,76,Yes,Yes,Susceptible
25,58,Yes,Yes,Susceptible
26,22,Yes,No,Susceptible
27,89,No,No,Susceptible
28,49,Yes,Yes,Susceptible
29,59,Yes,No,Susceptible
30,42,Yes,No,Susceptible
31,60,Yes,No,Susceptible
32,80,Yes,Yes,Susceptible
33,15,Yes,Yes,Susceptible
34,62,Yes,No,Susceptible
35,62,Yes,No,Exposed
36,47,Yes,No,Susceptible
37,62,No,No,Susceptible
38,51,No,Yes,Susceptible
39,55,Yes,Yes,Susceptible
40,64,Yes,Yes,Susceptible
41,3,Yes,Yes,Susceptible
42,51,Yes,No,Susceptible
43,7,Yes,Yes,Exposed
44,21,Yes,No,Susceptible
45,73,Yes,Yes,Susceptible
46,39,No,Yes,Susceptible
47,18,Yes,Yes,Susceptible
48,4,No,No,Susceptible
49,89,Yes,No,Susceptible
50,60,No,No,Susceptible
51,14,No,No,Susceptible
52,9,Yes,No,Susceptible
53,53,Yes,Yes,Susceptible
54,2,No,Yes,Susceptible
55,84,No,No,Susceptible
56,60,Yes,No,Susceptible
57,71,Yes,No,Susceptible
58,44,No,Yes,Susceptible
59,8,Yes,Yes,Susceptible
60,47,No,Yes,Susceptible
61,35,No,Yes,Susceptible
62,78,No,Yes,Susceptible
63,81,No,Yes,Susceptible
64,36,No,Yes,Exposed
65,50,No,No,Susceptible
66,4,Yes,No,Susceptible
67,2,Yes,No,Susceptible
68,6,No,Yes,Susceptible
69,54,Yes,No,Susceptible
70,4,Yes,No,Susceptible
71,54,Yes,No,Susceptible
72,63,Yes,No,Susceptible
73,18,Yes,Yes,Susceptible
74,44,No,No,Susceptible
75,34,Yes,No,Susceptible
76,74,Yes,No,Recovered
77,62,No,No,Susceptible
78,14,No,Yes,Susceptible
79,48,Yes,Yes,Susceptible
80,15,Yes,Yes,Infectious
81,72,No,No,Susceptible
82,78,Yes,No,Susceptible
83,87,Yes,No,Susceptible
84,62,Yes,No,Susceptible
85,40,Yes,Yes,Susceptible
86,85,Yes,No,Susceptible
87,80,Yes,No,Susceptible
88,82,Yes,Yes,Susceptible
89,53,No,Yes,Susceptible
90,24,No,No,Susceptible
91,26,Yes,Yes,Susceptible
92,89,No,No,Susceptible
93,60,No,Yes,Susceptible
94,41,No,Yes,Susceptible
95,29,No,Yes,Susceptible
96,15,Yes,No,Susceptible
97,45,Yes,No,Susceptible
98,65,Yes,Yes,Susceptible
99,89,Yes,No,Exposed
100,71,Yes,No,Susceptible
101,9,Yes,No,Susceptible
102,88,Yes,No,Susceptible
103,1,Yes,No,Susceptible
104,8,Yes,No,Susceptible
105,88,Yes,No,Susceptible
106,63,Yes,No,Susceptible
107,11,No,Yes,Recovered
108,81,Yes,No,Infectious
109,8,Yes,No,Susceptible
110,35,Yes,Yes,Susceptible
111,35,No,Yes,Susceptible
112,33,No,Yes,Susceptible
113,5,No,Yes,Susceptible
114,41,No,No,Susceptible
115,28,Yes,Yes,Susceptible
116,7,Yes,No,Susceptible
117,73,No,Yes,Susceptible
118,72,Yes,No,Susceptible
119,12,No,No,Susceptible
120,34,No,No,Susceptible
121,33,Yes,No,Susceptible
122,48,Yes,Yes,Susceptible
123,23,Yes,Yes,Susceptible
124,62,Yes,Yes,Susceptible
125,88,No,No,Susceptible
126,37,Yes,No,Susceptible
127,44,Yes,No,Susceptible
128,86,No,No,Susceptible
129,35,Yes,Yes,Susceptible
130,65,Yes,Yes,Susceptible
131,47,Yes,No,Susceptible
132,78,Yes,Yes,Susceptible
133,3,No,Yes,Susceptible
134,1,Yes,Yes,Susceptible
135,5,Yes,Yes,Susceptible
136,14,No,No,Susceptible
137,27,Yes,No,Susceptible
138,9,Yes,Yes,Susceptible
139,79,Yes,Yes,Exposed
140,15,Yes,Yes,Susceptible
141,42,No,No,Susceptible
142,77,Yes,Yes,Susceptible
143,51,Yes,No,Infectious
144,63,Yes,No,Susceptible
145,52,Yes,No,Susceptible
146,4,Yes,No,Susceptible
147,23,Yes,No,Susceptible
148,15,No,No,Susceptible
149,43,Yes,No,Susceptible
150,29,Yes,Yes,Infectious
151,36,Yes,Yes,Susceptible
152,13,Yes,No,Susceptible
153,32,Yes,No,Susceptible
154,71,No,Yes,Exposed
155,59,Yes,No,Susceptible
156,86,Yes,No,Susceptible
157,28,Yes,No,Susceptible
158,66,Yes,Yes,Susceptible
159,42,Yes,Yes,Susceptible
160,45,Yes,Yes,Susceptible
161,62,No,No,Susceptible
162,57,No,No,Recovered
163,6,Yes,Yes,Susceptible
164,28,Yes,No,Susceptible
165,28,No,Yes,Susceptible
166,44,No,No,Infectious
167,84,Yes,No,Susceptible
168,30,No,No,Infectious
169,62,Yes,Yes,Susceptible
170,75,Yes,No,Susceptible
171,89,Yes,Yes,Susceptible
172,62,No,No,Susceptible
173,1,Yes,No,Susceptible
174,27,Yes,No,Susceptible
175,62,No,No,Susceptible
176,77,Yes,No,Susceptible
177,3,Yes,No,Susceptible
178,70,No,Yes,Susceptible
179,72,Yes,No,Susceptible
180,27,Yes,Yes,Susceptible
181,9,Yes,Yes,Susceptible
182,62,Yes,No,Susceptible
183,37,Yes,No,Susceptible
184,51,Yes,Yes,Susceptible
185,44,Yes,Yes,Susceptible
186,24,No,No,Susceptible
187,79,Yes,No,Recovered
188,59,No,Yes,Susceptible
189,32,Yes,No,Susceptible
190,88,Yes,No,Susceptible
191,52,No,No,Susceptible
192,62,Yes,Yes,Susceptible
193,58,No,Yes,Susceptible
194,52,Yes,Yes,Susceptible
195,12,No,No,Susceptible
196,39,Yes,No,Susceptible
197,2,Yes,Yes,Susceptible
198,3,Yes,No,Susceptible
199,56,Yes,No,Infectious
200,81,Yes,No,Susceptible
201,59,Yes,Yes,Susceptible
202,2,Yes,No,Susceptible
203,2,Yes,Yes,Susceptible
204,54,No,Yes,Susceptible
205,87,Yes,Yes,Susceptible
206,1,Yes,Yes,Susceptible
207,19,Yes,Yes,Susceptible
208,2,No,No,Susceptible
209,53,Yes,Yes,Susceptible
210,44,Yes,Yes,Susceptible
211,32,Yes,Yes,Susceptible
212,70,Yes,No,Susceptible
213,32,Yes,Yes,Susceptible
214,68,Yes,Yes,Susceptible
215,55,Yes,Yes,Recovered
216,75,No,Yes,Susceptible
217,56,Yes,Yes,Infectious
218,17,No,Yes,Susceptible
219,38,No,No,Susceptible
220,24,Yes,Yes,Susceptible
221,69,Yes,Yes,Susceptible
222,70,Yes,No,Susceptible
223,86,Yes,No,Susceptible
224,11,Yes,Yes,Infectious
225,16,No,Yes,Susceptible
226,73,Yes,Yes,Susceptible
227,59,Yes,No,Susceptible
228,70,No,No,Susceptible
229,80,Yes,Yes,Recovered
230,3,Yes,Yes,Susceptible
231,20,Yes,No,Susceptible
232,59,Yes,Yes,Susceptible
233,36,Yes,Yes,Susceptible
234,19,Yes,No,Susceptible
235,67,Yes,Yes,Susceptible
236,19,Yes,Yes,Susceptible
237,20,Yes,Yes,Susceptible
238,71,Yes,Yes,Recovered
239,52,Yes,Yes,Exposed
240,33,Yes,Yes,Exposed
241,40,Yes,Yes,Susceptible
242,39,Yes,Yes,Susceptible
243,82,Yes,Yes,Recovered
244,1,Yes,Yes,Susceptible
245,11,Yes,Yes,Susceptible
246,57,Yes,No,Susceptible
247,89,Yes,Yes,Susceptible
248,50,No,Yes,Susceptible
249,23,Yes,No,Susceptible
250,31,Yes,Yes,Susceptible
251,42,Yes,No,Susceptible
252,7,No,Yes,Susceptible
253,16,Yes,No,Susceptible
254,60,Yes,Yes,Susceptible
255,2,No,Yes,Susceptible
256,1,Yes,No,Susceptible
257,48,Yes,Yes,Susceptible
258,12,Yes,Yes,Susceptible
259,69,Yes,Yes,Recovered
260,37,Yes,Yes,Susceptible
261,32,No,Yes,Susceptible
262,9,Yes,No,Susceptible
263,19,No,Yes,Recovered
264,48,No,No,Susceptible
265,80,No,No,Susceptible
266,3,Yes,Yes,Susceptible
267,20,Yes,Yes,Susceptible
268,24,Yes,No,Susceptible
269,54,Yes,Yes,Exposed
270,33,No,No,Infectious
271,24,Yes,Yes,Susceptible
272,75,Yes,Yes,Susceptible
273,72,Yes,Yes,Susceptible
274,36,Yes,Yes,Susceptible
275,38,Yes,Yes,Susceptible
276,84,Yes,Yes,Susceptible
277,89,Yes,Yes,Susceptible
278,25,Yes,No,Susceptible
279,18,No,No,Susceptible
280,82,Yes,No,Susceptible
281,66,Yes,Yes,Susceptible
282,54,Yes,Yes,Susceptible
283,35,Yes,Yes,Susceptible
284,80,Yes,Yes,Recovered
285,61,No,Yes,Susceptible
286,41,No,No,Susceptible
287,33,No,No,Susceptible
288,68,Yes,No,Susceptible
289,33,Yes,Yes,Susceptible
290,14,Yes,Yes,Susceptible
291,21,No,No,Susceptible
292,48,Yes,No,Susceptible
293,20,Yes,No,Infectious
294,8,Yes,Yes,Susceptible
295,7,No,Yes,Susceptible
296,67,No,No,Susceptible
297,17,Yes,No,Susceptible
298,33,Yes,No,Susceptible
299,48,Yes,No,Susceptible
300,76,No,Yes,Susceptible
301,59,Yes,Yes,Susceptible
302,86,Yes,Yes,Susceptible
303,22,No,No,Susceptible
304,30,Yes,Yes,Susceptible
305,38,No,No,Susceptible
306,51,Yes,Yes,Susceptible
307,54,Yes,No,Susceptible
308,8,No,Yes,Susceptible
309,27,Yes,No,Susceptible
310,27,Yes,Yes,Susceptible
311,21,Yes,No,Susceptible
312,30,Yes,No,Susceptible
313,28,Yes,No,Susceptible
314,64,No,Yes,Susceptible
315,69,Yes,Yes,Exposed
316,61,Yes,Yes,Infectious
317,48,No,Yes,Susceptible
318,19,Yes,Yes,Susceptible
319,4,No,Yes,Infectious
320,35,No,Yes,Infectious
321,64,Yes,Yes,Infectious
322,49,Yes,Yes,Exposed
323,17,No,No,Susceptible
324,44,Yes,No,Susceptible
325,30,Yes,No,Susceptible
326,46,Yes,No,Susceptible
327,6,Yes,Yes,Susceptible
328,37,Yes,No,Susceptible
329,24,No,Yes,Susceptible
330,46,Yes,Yes,Susceptible
331,53,Yes,Yes,Susceptible
332,60,Yes,No,Susceptible
333,63,Yes,No,Susceptible
334,85,Yes,Yes,Susceptible
335,32,Yes,No,Susceptible
336,87,Yes,No,Susceptible
337,33,No,No,Susceptible
338,67,No,No,Susceptible
339,18,No,Yes,Susceptible
340,25,No,No,Susceptible
341,54,Yes,Yes,Infectious
342,58,Yes,Yes,Susceptible
343,67,Yes,Yes,Susceptible
344,46,Yes,Yes,Susceptible
345,24,No,No,Susceptible
346,32,Yes,No,Susceptible
347,47,Yes,Yes,Susceptible
348,86,Yes,Yes,Susceptible
349,23,No,No,Susceptible
350,66,Yes,No,Susceptible
351,27,Yes,Yes,Susceptible
352,2,No,No,Susceptible
353,17,No,Yes,Susceptible
354,33,Yes,Yes,Susceptible
355,9,No,Yes,Susceptible
356,43,No,No,Susceptible
357,48,Yes,Yes,Susceptible
358,39,Yes,Yes,Susceptible
359,42,Yes,Yes,Susceptible
360,26,No,Yes,Exposed
361,50,Yes,No,Infectious
362,25,No,No,Susceptible
363,24,No,Yes,Susceptible
364,13,Yes,Yes,Susceptible
365,60,No,Yes,Susceptible
366,7,Yes,No,Susceptible
367,57,Yes,No,Susceptible
368,36,Yes,No,Susceptible
369,45,Yes,Yes,Infectious
370,20,Yes,No,Susceptible
371,65,Yes,Yes,Susceptible
372,8,Yes,Yes,Susceptible
373,16,Yes,Yes,Susceptible
374,14,Yes,Yes,Susceptible
375,76,Yes,Yes,Susceptible
376,87,No,No,Susceptible
377,15,Yes,No,Susceptible
378,66,Yes,No,Susceptible
379,32,Yes,No,Susceptible
380,87,Yes,No,Susceptible
381,63,Yes,No,Exposed
382,86,Yes,No,Susceptible
383,51,Yes,Yes,Susceptible
384,25,Yes,Yes,Susceptible
385,58,No,Yes,Susceptible
386,63,No,Yes,Susceptible
387,62,Yes,Yes,Susceptible
388,22,Yes,Yes,Susceptible
389,58,Yes,No,Susceptible
390,58,No,Yes,Susceptible
391,86,Yes,Yes,Susceptible
392,49,No,No,Susceptible
393,52,Yes,No,Susceptible
394,42,Yes,Yes,Susceptible
395,70,Yes,Yes,Susceptible
396,15,Yes,No,Susceptible
397,54,Yes,No,Susceptible
398,60,Yes,No,Susceptible
399,8,No,Yes,Exposed
400,53,Yes,Yes,Infectious
401,60,No,No,Susceptible
402,5,No,Yes,Susceptible
403,68,Yes,Yes,Susceptible
404,6,Yes,No,Exposed
405,47,Yes,No,Recovered
406,55,No,Yes,Infectious
407,40,Yes,No,Susceptible
408,52,No,No,Susceptible
409,16,Yes,No,Susceptible
410,13,Yes,Yes,Susceptible
411,30,Yes,No,Susceptible
412,19,Yes,No,Infectious
413,17,No,No,Susceptible
414,63,No,Yes,Susceptible
415,19,Yes,Yes,Susceptible
416,58,No,Yes,Susceptible
417,55,No,No,Susceptible
418,62,Yes,Yes,Susceptible
419,23,Yes,Yes,Susceptible
420,9,No,Yes,Susceptible
421,12,Yes,No,Susceptible
422,1,Yes,No,Susceptible
423,58,No,No,Susceptible
424,1,Yes,No,Susceptible
425,34,No,No,Susceptible
426,48,Yes,Yes,Susceptible
427,89,Yes,No,Susceptible
428,1,Yes,No,Recovered
429,16,Yes,No,Susceptible
430,61,Yes,Yes,Susceptible
431,64,Yes,No,Susceptible
432,63,No,Yes,Susceptible
433,69,Yes,Yes,Recovered
434,22,Yes,No,Susceptible
435,67,Yes,No,Recovered
436,76,Yes,Yes,Susceptible
437,26,Yes,No,Susceptible
438,16,No,No,Infectious
439,51,No,Yes,Susceptible
440,86,Yes,Yes,Susceptible
441,57,Yes,No,Recovered
442,29,No,No,Susceptible
443,78,Yes,Yes,Susceptible
444,69,Yes,No,Susceptible
445,47,Yes,No,Susceptible
446,62,Yes,Yes,Susceptible
447,69,Yes,Yes,Susceptible
448,76,No,Yes,Susceptible
449,16,Yes,Yes,Susceptible
450,48,Yes,No,Susceptible
451,85,No,Yes,Susceptible
452,39,No,No,Susceptible
453,33,No,Yes,Exposed
454,23,No,Yes,Susceptible
455,10,Yes,Yes,Susceptible
456,69,Yes,Yes,Susceptible
457,34,Yes,No,Infectious
458,52,Yes,Yes,Susceptible
459,10,Yes,No,Susceptible
460,19,Yes,Yes,Susceptible
461,58,Yes,Yes,Susceptible
462,1,Yes,Yes,Susceptible
463,69,Yes,No,Susceptible
464,4,Yes,Yes,Susceptible
465,16,No,Yes,Susceptible
466,24,Yes,Yes,Susceptible
467,80,No,Yes,Susceptible
468,2,Yes,Yes,Susceptible
469,32,No,No,Recovered
470,84,Yes,No,Susceptible
471,24,No,No,Susceptible
472,12,Yes,Yes,Susceptible
473,50,Yes,No,Susceptible
474,35,No,Yes,Susceptible
475,33,Yes,Yes,Susceptible
476,33,Yes,Yes,Susceptible
477,61,Yes,No,Susceptible
478,51,Yes,Yes,Exposed
479,43,No,Yes,Susceptible
480,12,No,Yes,Exposed
481,67,Yes,No,Susceptible
482,65,Yes,No,Susceptible
483,33,Yes,Yes,Susceptible
484,40,Yes,Yes,Susceptible
485,74,Yes,No,Susceptible
486,43,Yes,No,Susceptible
487,44,Yes,Yes,Susceptible
488,29,Yes,No,Susceptible
489,13,No,Yes,Susceptible
490,12,Yes,Yes,Infectious
491,46,Yes,No,Infectious
492,2,Yes,Yes,Susceptible
493,35,No,Yes,Susceptible
494,87,Yes,Yes,Susceptible
495,81,No,Yes,Susceptible
496,8,Yes,No,Susceptible
497,26,No,No,Susceptible
498,74,No,Yes,Susceptible
499,34,No,No,Susceptible
500,7,Yes,No,Susceptible
501,68,No,No,Susceptible
502,58,Yes,No,Susceptible
503,75,No,No,Susceptible
504,29,Yes,Yes,Susceptible
505,36,Yes,No,Susceptible
506,89,Yes,Yes,Susceptible
507,21,No,No,Susceptible
508,36,No,No,Recovered
509,10,No,Yes,Infectious
510,73,Yes,No,Susceptible
511,24,No,Yes,Susceptible
512,64,Yes,No,Recovered
513,49,No,Yes,Susceptible
514,36,Yes,No,Susceptible
515,82,Yes,No,Susceptible
516,24,Yes,Yes,Susceptible
517,23,Yes,Yes,Susceptible
518,62,No,No,Susceptible
519,37,No,Yes,Recovered
520,12,No,No,Susceptible
521,55,Yes,No,Susceptible
522,13,Yes,Yes,Susceptible
523,23,Yes,Yes,Susceptible
524,89,Yes,No,Susceptible
525,30,Yes,Yes,Susceptible
526,17,Yes,Yes,Susceptible
527,62,Yes,No,Susceptible
528,84,No,No,Susceptible
529,89,Yes,No,Susceptible
530,86,Yes,Yes,Infectious
531,13,No,No,Susceptible
532,59,Yes,No,Susceptible
533,19,Yes,No,Susceptible
534,49,No,Yes,Susceptible
535,12,No,Yes,Susceptible
536,61,Yes,No,Susceptible
537,19,Yes,No,Susceptible
538,76,Yes,Yes,Susceptible
539,9,Yes,Yes,Susceptible
540,71,No,Yes,Susceptible
541,28,No,Yes,Susceptible
542,78,Yes,No,Susceptible
543,52,No,No,Susceptible
544,83,Yes,Yes,Susceptible
545,16,Yes,Yes,Exposed
546,69,Yes,No,Susceptible
547,12,Yes,Yes,Recovered
548,25,Yes,No,Recovered
549,52,No,No,Susceptible
550,85,Yes,Yes,Exposed
551,53,Yes,No,Exposed
552,23,No,Yes,Susceptible
553,16,Yes,Yes,Susceptible
554,57,Yes,Yes,Susceptible
555,39,Yes,Yes,Susceptible
556,53,Yes,No,Susceptible
557,42,Yes,Yes,Susceptible
558,58,Yes,No,Infectious
559,39,Yes,Yes,Susceptible
560,14,Yes,Yes,Susceptible
561,5,Yes,Yes,Infectious
562,35,No,Yes,Susceptible
563,87,Yes,No,Susceptible
564,75,Yes,No,Susceptible
565,18,No,No,Susceptible
566,76,Yes,Yes,Susceptible
567,9,Yes,No,Susceptible
568,74,Yes,No,Susceptible
569,58,Yes,No,Susceptible
570,17,Yes,No,Infectious
571,7,No,No,Susceptible
572,46,No,Yes,Infectious
573,13,No,No,Exposed
574,40,No,No,Susceptible
575,42,No,No,Susceptible
576,9,No,No,Susceptible
577,50,Yes,Yes,Susceptible
578,27,Yes,Yes,Susceptible
579,66,Yes,No,Recovered
580,5,Yes,Yes,Susceptible
581,29,Yes,No,Susceptible
582,37,Yes,No,Susceptible
583,38,Yes,No,Susceptible
584,83,Yes,Yes,Susceptible
585,8,Yes,Yes,Susceptible
586,65,Yes,No,Exposed
587,86,Yes,No,Infectious
588,17,Yes,Yes,Recovered
589,71,Yes,Yes,Susceptible
590,89,Yes,Yes,Recovered
591,45,Yes,No,Susceptible
592,4,Yes,Yes,Susceptible
593,36,No,No,Susceptible
594,70,No,No,Susceptible
595,31,Yes,No,Recovered
596,19,Yes,No,Susceptible
597,61,Yes,Yes,Infectious
598,54,Yes,Yes,Susceptible
599,39,Yes,Yes,Infectious
600,74,Yes,No,Susceptible
601,19,Yes,No,Susceptible
602,39,Yes,Yes,Susceptible
603,67,No,No,Susceptible
604,45,Yes,No,Susceptible
605,13,Yes,Yes,Susceptible
606,58,Yes,No,Exposed
607,20,Yes,Yes,Exposed
608,72,Yes,No,Susceptible
609,61,No,Yes,Susceptible
610,39,Yes,Yes,Susceptible
611,1,Yes,Yes,Susceptible
612,3,No,Yes,Susceptible
613,77,Yes,No,Susceptible
614,62,Yes,Yes,Exposed
615,63,Yes,No,Infectious
616,25,No,No,Susceptible
617,56,No,No,Infectious
618,33,Yes,Yes,Susceptible
619,38,Yes,No,Susceptible
620,6,Yes,Yes,Susceptible
621,58,No,No,Susceptible
622,44,Yes,Yes,Susceptible
623,45,Yes,No,Susceptible
624,32,Yes,No,Susceptible
625,45,No,No,Susceptible
626,61,No,Yes,Recovered
627,47,Yes,Yes,Susceptible
628,21,Yes,Yes,Infectious
629,80,No,Yes,Susceptible
630,85,Yes,No,Susceptible
631,75,Yes,Yes,Susceptible
632,36,Yes,Yes,Susceptible
633,19,Yes,Yes,Susceptible
634,20,Yes,Yes,Susceptible
635,57,Yes,No,Recovered
636,18,No,Yes,Susceptible
637,47,Yes,No,Susceptible
638,49,Yes,Yes,Susceptible
639,14,Yes,Yes,Susceptible
640,15,Yes,Yes,Susceptible
641,31,Yes,No,Susceptible
642,1,Yes,Yes,Susceptible
643,54,Yes,No,Susceptible
644,3,No,Yes,Exposed
645,16,Yes,No,Susceptible
646,87,No,Yes,Susceptible
647,57,No,No,Susceptible
648,75,No,No,Susceptible
649,12,No,No,Susceptible
650,74,No,Yes,Recovered
651,16,Yes,Yes,Susceptible
652,72,Yes,Yes,Susceptible
653,76,No,Yes,Susceptible
654,24,Yes,Yes,Susceptible
655,28,Yes,Yes,Susceptible
656,8,Yes,Yes,Susceptible
657,36,Yes,Yes,Susceptible
658,8,Yes,Yes,Infectious
659,58,Yes,No,Infectious
660,60,No,No,Susceptible
661,50,No,No,Susceptible
662,28,No,No,Susceptible
663,41,Yes,Yes,Susceptible
664,64,Yes,No,Susceptible
665,27,No,Yes,Susceptible
666,63,Yes,No,Susceptible
667,17,No,No,Susceptible
668,73,Yes,Yes,Susceptible
669,33,Yes,No,Susceptible
670,84,No,Yes,Susceptible
671,77,Yes,Yes,Susceptible
672,29,No,Yes,Susceptible
673,13,Yes,Yes,Susceptible
674,46,No,No,Susceptible
675,35,Yes,No,Susceptible
676,6,No,No,Susceptible
677,82,Yes,Yes,Susceptible
678,69,Yes,Yes,Susceptible
679,47,Yes,Yes,Susceptible
680,25,Yes,Yes,Susceptible
681,66,Yes,Yes,Susceptible
682,10,Yes,Yes,Susceptible
683,56,Yes,No,Susceptible
684,30,Yes,Yes,Susceptible
685,5,Yes,No,Susceptible
686,33,Yes,No,Recovered
687,65,Yes,Yes,Susceptible
688,18,Yes,Yes,Susceptible
689,49,No,No,Recovered
690,11,Yes,No,Susceptible
691,85,Yes,No,Susceptible
692,26,No,Yes,Infectious
693,63,No,No,Susceptible
694,89,Yes,Yes,Susceptible
695,86,No,Yes,Susceptible
696,59,Yes,Yes,Susceptible
697,27,Yes,Yes,Susceptible
698,49,Yes,No,Susceptible
699,77,Yes,Yes,Infectious
700,33,Yes,Yes,Susceptible
701,1,Yes,No,Susceptible
702,21,Yes,Yes,Susceptible
703,55,No,Yes,Susceptible
704,6,Yes,No,Susceptible
705,81,Yes,No,Susceptible
706,69,Yes,Yes,Susceptible
707,5,No,No,Susceptible
708,3,No,No,Susceptible
709,53,Yes,Yes,Infectious
710,23,No,No,Exposed
711,53,No,Yes,Susceptible
712,37,Yes,No,Susceptible
713,74,Yes,No,Susceptible
714,74,Yes,Yes,Susceptible
715,83,Yes,No,Susceptible
716,17,Yes,No,Susceptible
717,85,No,Yes,Susceptible
718,78,Yes,No,Susceptible
719,73,Yes,Yes,Susceptible
720,1,No,No,Susceptible
721,51,Yes,No,Susceptible
722,45,Yes,Yes,Infectious
723,77,Yes,No,Susceptible
724,4,Yes,No,Susceptible
725,62,Yes,No,Susceptible
726,65,Yes,No,Susceptible
727,32,Yes,No,Exposed
728,34,Yes,Yes,Susceptible
729,72,No,Yes,Infectious
730,39,Yes,No,Recovered
731,26,Yes,Yes,Susceptible
732,34,Yes,No,Susceptible
733,54,Yes,No,Susceptible
734,3,No,Yes,Exposed
735,50,No,Yes,Susceptible
736,12,Yes,No,Recovered
737,65,Yes,No,Susceptible
738,54,Yes,Yes,Susceptible
739,5,Yes,Yes,Susceptible
740,57,Yes,No,Susceptible
741,17,No,No,Susceptible
742,47,No,Yes,Susceptible
743,23,Yes,No,Susceptible
744,79,Yes,No,Susceptible
745,85,Yes,Yes,Susceptible
746,14,Yes,Yes,Susceptible
747,66,Yes,No,Susceptible
748,75,Yes,Yes,Susceptible
749,51,Yes,Yes,Exposed
750,38,Yes,No,Susceptible
751,64,No,Yes,Susceptible
752,38,Yes,No,Susceptible
753,50,Yes,Yes,Susceptible
754,82,Yes,Yes,Recovered
755,30,Yes,Yes,Susceptible
756,79,No,Yes,Susceptible
757,51,Yes,No,Susceptible
758,63,Yes,No,Susceptible
759,52,Yes,No,Susceptible
760,38,Yes,Yes,Susceptible
761,88,Yes,No,Susceptible
762,79,No,No,Susceptible
763,30,No,No,Susceptible
764,51,Yes,No,Recovered
765,81,No,Yes,Susceptible
766,5,No,No,Susceptible
767,29,Yes,Yes,Susceptible
768,4,Yes,No,Susceptible
769,10,Yes,No,Susceptible
770,56,No,Yes,Susceptible
771,17,No,Yes,Susceptible
772,74,Yes,Yes,Susceptible
773,17,No,Yes,Susceptible
774,84,Yes,No,Susceptible
775,88,Yes,Yes,Exposed
776,69,Yes,Yes,Susceptible
777,34,Yes,No,Susceptible
778,6,Yes,No,Exposed
779,53,Yes,Yes,Susceptible
780,66,Yes,No,Susceptible
781,77,Yes,Yes,Susceptible
782,43,Yes,No,Susceptible
783,75,No,No,Exposed
784,23,Yes,Yes,Susceptible
785,55,Yes,No,Susceptible
786,80,Yes,No,Infectious
787,75,No,No,Recovered
788,16,Yes,Yes,Susceptible
789,8,Yes,Yes,Susceptible
790,4,No,Yes,Susceptible
791,4,Yes,Yes,Susceptible
792,56,Yes,Yes,Susceptible
793,25,Yes,No,Infectious
794,67,Yes,Yes,Susceptible
795,67,Yes,No,Susceptible
796,27,Yes,Yes,Susceptible
797,32,No,No,Susceptible
798,50,No,Yes,Exposed
799,61,Yes,Yes,Recovered
800,51,Yes,Yes,Susceptible
801,19,No,No,Susceptible
802,21,No,Yes,Susceptible
803,5,Yes,No,Susceptible
804,82,Yes,Yes,Susceptible
805,42,Yes,No,Susceptible
806,61,Yes,No,Susceptible
807,22,No,Yes,Susceptible
808,21,No,No,Susceptible
809,70,No,Yes,Susceptible
810,1,Yes,Yes,Susceptible
811,5,Yes,No,Susceptible
812,12,Yes,No,Susceptible
813,46,No,No,Susceptible
814,34,Yes,No,Susceptible
815,49,No,No,Susceptible
816,78,Yes,Yes,Susceptible
817,45,Yes,Yes,Susceptible
818,27,No,Yes,Susceptible
819,73,Yes,No,Susceptible
820,26,Yes,Yes,Susceptible
821,47,No,Yes,Susceptible
822,86,Yes,Yes,Exposed
823,56,No,Yes,Susceptible
824,63,No,No,Susceptible
825,48,Yes,Yes,Susceptible
826,61,Yes,No,Susceptible
827,81,Yes,Yes,Recovered
828,26,No,Yes,Exposed
829,36,Yes,Yes,Susceptible
830,1,Yes,No,Susceptible
831,8,Yes,Yes,Susceptible
832,52,No,Yes,Susceptible
833,79,No,No,Susceptible
834,47,Yes,Yes,Susceptible
835,56,No,Yes,Exposed
836,86,Yes,Yes,Susceptible
837,14,Yes,No,Susceptible
838,28,Yes,No,Susceptible
839,87,Yes,Yes,Susceptible
840,78,No,No,Susceptible
841,88,Yes,No,Susceptible
842,2,No,No,Susceptible
843,26,No,No,Susceptible
844,14,Yes,No,Susceptible
845,59,Yes,No,Susceptible
846,56,Yes,No,Recovered
847,7,Yes,No,Susceptible
848,3,No,No,Susceptible
849,23,Yes,No,Susceptible
850,18,Yes,Yes,Susceptible
851,38,No,Yes,Susceptible
852,15,Yes,Yes,Susceptible
853,64,Yes,Yes,Susceptible
854,89,Yes,Yes,Susceptible
855,28,Yes,No,Susceptible
856,74,No,No,Susceptible
857,39,No,No,Susceptible
858,57,Yes,No,Susceptible
859,17,No,Yes,Susceptible
860,86,Yes,Yes,Susceptible
861,44,Yes,Yes,Susceptible
862,25,Yes,No,Susceptible
863,17,Yes,No,Susceptible
864,13,Yes,No,Susceptible
865,84,Yes,No,Susceptible
866,25,No,Yes,Susceptible
867,68,Yes,No,Susceptible
868,10,No,Yes,Susceptible
869,67,No,No,Recovered
870,18,Yes,Yes,Susceptible
871,86,Yes,No,Susceptible
872,34,Yes,Yes,Susceptible
873,8,Yes,No,Susceptible
874,40,Yes,Yes,Exposed
875,83,No,Yes,Infectious
876,42,Yes,No,Infectious
877,41,Yes,No,Susceptible
878,6,No,No,Susceptible
879,52,No,Yes,Susceptible
880,26,Yes,Yes,Susceptible
881,64,Yes,Yes,Susceptible
882,59,Yes,Yes,Susceptible
883,56,No,Yes,Susceptible
884,59,Yes,Yes,Susceptible
885,70,Yes,Yes,Susceptible
886,33,Yes,No,Susceptible
887,53,No,Yes,Recovered
888,22,No,No,Susceptible
889,21,No,Yes,Susceptible
890,70,No,Yes,Susceptible
891,70,Yes,No,Susceptible
892,4,No,Yes,Susceptible
893,75,Yes,Yes,Susceptible
894,62,Yes,Yes,Susceptible
895,62,No,Yes,Susceptible
896,24,Yes,No,Susceptible
897,55,Yes,No,Susceptible
898,9,No,Yes,Susceptible
899,3,No,No,Susceptible
900,31,Yes,No,Susceptible
901,40,Yes,No,Susceptible
902,36,Yes,No,Susceptible
903,24,Yes,Yes,Susceptible
904,6,Yes,No,Susceptible
905,66,Yes,Yes,Susceptible
906,84,No,No,Susceptible
907,75,Yes,No,Recovered
908,4,Yes,No,Susceptible
909,79,No,No,Susceptible
910,6,Yes,Yes,Infectious
911,51,Yes,Yes,Susceptible
912,62,No,No,Susceptible
913,57,Yes,No,Recovered
914,66,No,No,Exposed
915,79,Yes,No,Susceptible
916,75,Yes,No,Susceptible
917,8,Yes,No,Susceptible
918,26,No,No,Infectious
919,51,Yes,Yes,Susceptible
920,45,Yes,Yes,Susceptible
921,44,Yes,No,Susceptible
922,5,Yes,No,Recovered
923,70,No,No,Susceptible
924,26,Yes,Yes,Susceptible
925,68,No,No,Infectious
926,19,Yes,Yes,Susceptible
927,84,Yes,Yes,Susceptible
928,20,Yes,Yes,Susceptible
929,12,Yes,Yes,Susceptible
930,47,Yes,No,Susceptible
931,1,Yes,No,Susceptible
932,14,Yes,Yes,Susceptible
933,64,Yes,No,Susceptible
934,38,Yes,Yes,Susceptible
935,37,Yes,Yes,Susceptible
936,11,Yes,No,Exposed
937,77,Yes,No,Exposed
938,3,Yes,No,Susceptible
939,33,No,No,Susceptible
940,6,Yes,Yes,Susceptible
941,50,No,Yes,Susceptible
942,10,Yes,Yes,Susceptible
943,5,No,No,Susceptible
944,23,No,Yes,Susceptible
945,10,Yes,No,Susceptible
946,44,Yes,Yes,Susceptible
947,2,Yes,Yes,Susceptible
948,13,No,Yes,Exposed
949,40,Yes,Yes,Susceptible
950,2,Yes,Yes,Exposed
951,84,No,Yes,Susceptible
952,65,Yes,Yes,Susceptible
953,63,Yes,Yes,Susceptible
954,73,Yes,No,Susceptible
955,17,Yes,No,Susceptible
956,9,No,Yes,Susceptible
957,75,Yes,Yes,Infectious
958,15,Yes,No,Susceptible
959,24,Yes,Yes,Susceptible
960,38,Yes,Yes,Susceptible
961,35,No,Yes,Susceptible
962,49,Yes,Yes,Susceptible
963,69,Yes,Yes,Susceptible
964,62,No,Yes,Susceptible
965,60,Yes,Yes,Susceptible
966,50,No,No,Susceptible
967,78,No,Yes,Susceptible
968,75,Yes,No,Recovered
969,9,Yes,Yes,Susceptible
970,34,Yes,No,Susceptible
971,76,Yes,Yes,Susceptible
972,35,Yes,Yes,Susceptible
973,1,Yes,No,Susceptible
974,40,No,No,Susceptible
975,64,No,Yes,Susceptible
976,22,Yes,Yes,Susceptible
977,60,No,Yes,Susceptible
978,64,Yes,Yes,Susceptible
979,72,No,No,Susceptible
980,11,No,Yes,Susceptible
981,14,Yes,No,Susceptible
982,60,No,No,Susceptible
983,30,No,Yes,Susceptible
984,35,No,No,Susceptible
985,85,Yes,No,Infectious
986,37,Yes,Yes,Susceptible
987,5,Yes,Yes,Susceptible
988,83,Yes,No,Susceptible
989,78,Yes,Yes,Susceptible
990,26,No,Yes,Recovered
991,62,Yes,Yes,Susceptible
992,4,Yes,Yes,Susceptible
993,89,Yes,No,Infectious
994,42,Yes,Yes,Susceptible
995,89,Yes,Yes,Susceptible
996,18,No,No,Susceptible
997,40,Yes,Yes,Susceptible
998,72,Yes,Yes,Exposed
999,39,No,Yes,Susceptible
1000,14,No,No,Susceptible
1001,32,Yes,Yes,Susceptible
1002,51,No,Yes,Susceptible
1003,38,Yes,No,Susceptible
1004,23,Yes,No,Susceptible
1005,63,Yes,No,Susceptible
1006,15,Yes,Yes,Susceptible
1007,25,Yes,Yes,Susceptible
1008,17,Yes,Yes,Susceptible
1009,66,No,Yes,Susceptible
1010,78,No,Yes,Susceptible
1011,53,Yes,No,Susceptible
1012,51,Yes,Yes,Susceptible
1013,39,No,Yes,Susceptible
1014,51,No,No,Susceptible
1015,70,Yes,Yes,Susceptible
1016,6,Yes,No,Susceptible
1017,67,Yes,No,Susceptible
1018,7,No,Yes,Susceptible
1019,51,Yes,Yes,Susceptible
1020,72,Yes,Yes,Susceptible
1021,42,Yes,Yes,Susceptible
1022,64,No,Yes,Susceptible
1023,15,No,Yes,Infectious
1024,29,No,No,Susceptible
1025,33,Yes,Yes,Susceptible
1026,27,No,Yes,Susceptible
1027,36,No,No,Susceptible
1028,29,Yes,No,Susceptible
1029,38,Yes,Yes,Infectious
1030,57,Yes,Yes,Susceptible
1031,27,No,No,Susceptible
1032,55,Yes,No,Susceptible
1033,33,Yes,Yes,Susceptible
1034,68,Yes,Yes,Susceptible
1035,86,No,Yes,Susceptible
1036,66,Yes,No,Susceptible
1037,10,Yes,Yes,Susceptible
1038,5,No,No,Susceptible
1039,74,No,Yes,Susceptible
1040,38,Yes,No,Susceptible
1041,13,Yes,Yes,Susceptible
1042,31,Yes,Yes,Infectious
1043,47,Yes,No,Susceptible
1044,88,Yes,Yes,Susceptible
1045,52,No,Yes,Susceptible
1046,56,Yes,Yes,Susceptible
1047,15,Yes,No,Susceptible
1048,29,Yes,No,Susceptible
1049,8,No,Yes,Susceptible
1050,5,Yes,Yes,Susceptible
1051,29,Yes,Yes,Susceptible
1052,47,No,No,Susceptible
1053,68,No,Yes,Exposed
1054,76,No,No,Susceptible
1055,45,Yes,No,Susceptible
1056,2,Yes,Yes,Susceptible
1057,27,Yes,No,Exposed
1058,36,No,Yes,Infectious
1059,36,No,No,Susceptible
1060,26,No,No,Susceptible
1061,43,Yes,Yes,Susceptible
1062,27,Yes,No,Susceptible
1063,69,No,No,Susceptible
1064,20,Yes,Yes,Susceptible
1065,11,Yes,No,Susceptible
1066,74,Yes,No,Exposed
1067,38,Yes,Yes,Susceptible
1068,6,Yes,Yes,Susceptible
1069,72,Yes,Yes,Susceptible
1070,23,Yes,Yes,Susceptible
1071,47,Yes,Yes,Susceptible
1072,46,Yes,No,Susceptible
1073,12,Yes,No,Susceptible
1074,13,No,Yes,Susceptible
1075,62,Yes,Yes,Susceptible
1076,82,Yes,Yes,Susceptible
1077,89,No,No,Susceptible
1078,60,No,No,Susceptible
1079,43,Yes,No,Susceptible
1080,76,Yes,No,Exposed
1081,68,No,No,Recovered
1082,5,No,Yes,Susceptible
1083,37,Yes,No,Susceptible
1084,72,Yes,No,Infectious
1085,31,No,Yes,Susceptible
1086,9,Yes,No,Susceptible
1087,51,Yes,No,Recovered
1088,29,Yes,Yes,Susceptible
1089,78,Yes,Yes,Susceptible
1090,40,No,Yes,Susceptible
1091,41,Yes,Yes,Recovered
1092,86,Yes,No,Exposed
1093,11,Yes,No,Susceptible
1094,23,Yes,Yes,Susceptible
1095,1,Yes,Yes,Susceptible
1096,46,No,No,Susceptible
1097,21,Yes,Yes,Susceptible
1098,36,Yes,Yes,Susceptible
1099,54,No,No,Susceptible
1100,87,Yes,No,Susceptible
1101,57,Yes,No,Infectious
1102,1,Yes,No,Susceptible
1103,63,Yes,No,Exposed
1104,54,Yes,Yes,Susceptible
1105,55,No,No,Susceptible
1106,40,No,Yes,Susceptible
1107,15,Yes,Yes,Susceptible
1108,21,No,Yes,Susceptible
1109,47,No,No,Susceptible
1110,73,No,Yes,Infectious
1111,53,No,Yes,Susceptible
1112,9,No,No,Susceptible
1113,74,Yes,No,Susceptible
1114,52,Yes,No,Susceptible
1115,57,Yes,Yes,Susceptible
1116,26,No,Yes,Susceptible
1117,41,Yes,Yes,Susceptible
1118,35,Yes,No,Susceptible
1119,63,No,Yes,Susceptible
1120,25,No,No,Infectious
1121,75,Yes,Yes,Susceptible
1122,38,Yes,No,Exposed
1123,2,No,No,Exposed
1124,7,Yes,No,Susceptible
1125,82,Yes,No,Susceptible
1126,34,Yes,Yes,Susceptible
1127,17,No,No,Susceptible
1128,43,No,No,Exposed
1129,59,Yes,Yes,Susceptible
1130,51,Yes,No,Susceptible
1131,54,No,No,Susceptible
1132,24,No,Yes,Exposed
1133,25,Yes,No,Susceptible
1134,71,Yes,No,Susceptible
1135,52,Yes,Yes,Exposed
1136,70,Yes,Yes,Susceptible
1137,88,Yes,Yes,Susceptible
1138,33,Yes,No,Susceptible
1139,49,Yes,No,Susceptible
1140,29,Yes,No,Susceptible
1141,63,No,No,Exposed
1142,22,Yes,Yes,Susceptible
1143,26,Yes,No,Susceptible
1144,28,Yes,No,Susceptible
1145,85,Yes,No,Susceptible
1146,49,Yes,Yes,Susceptible
1147,71,Yes,No,Susceptible
1148,81,No,Yes,Susceptible
1149,84,Yes,No,Susceptible
1150,49,Yes,No,Recovered
1151,20,Yes,Yes,Susceptible
1152,86,Yes,Yes,Susceptible
1153,63,Yes,Yes,Susceptible
1154,61,Yes,Yes,Susceptible
1155,49,Yes,No,Infectious
1156,71,Yes,Yes,Susceptible
1157,1,No,Yes,Susceptible
1158,13,No,Yes,Susceptible
1159,87,Yes,No,Susceptible
1160,51,Yes,Yes,Exposed
1161,56,No,Yes,Susceptible
1162,83,No,No,Susceptible
1163,62,Yes,No,Exposed
1164,32,No,Yes,Susceptible
1165,30,Yes,Yes,Susceptible
1166,29,Yes,Yes,Susceptible
1167,49,Yes,No,Susceptible
1168,45,Yes,No,Susceptible
1169,30,No,No,Susceptible
1170,16,Yes,Yes,Susceptible
1171,40,Yes,No,Susceptible
1172,19,Yes,Yes,Susceptible
1173,18,No,No,Susceptible
1174,1,Yes,No,Infectious
1175,78,Yes,No,Susceptible
1176,47,No,Yes,Exposed
1177,66,Yes,No,Susceptible
1178,38,Yes,Yes,Susceptible
1179,51,No,Yes,Susceptible
1180,63,Yes,No,Susceptible
1181,4,Yes,Yes,Susceptible
1182,1,Yes,No,Recovered
1183,8,Yes,No,Susceptible
1184,29,No,No,Susceptible
1185,55,No,No,Susceptible
1186,3,No,No,Susceptible
1187,32,Yes,Yes,Susceptible
1188,10,Yes,Yes,Susceptible
1189,74,Yes,No,Susceptible
1190,83,Yes,Yes,Susceptible
1191,34,Yes,No,Susceptible
1192,87,No,No,Susceptible
1193,55,Yes,Yes,Susceptible
1194,32,No,No,Susceptible
1195,50,Yes,No,Susceptible
1196,7,Yes,No,Susceptible
1197,8,Yes,No,Susceptible
1198,65,Yes,Yes,Susceptible
1199,57,Yes,No,Susceptible
1200,67,No,No,Susceptible
1201,88,Yes,No,Susceptible
1202,87,No,Yes,Susceptible
1203,59,Yes,Yes,Susceptible
1204,72,Yes,Yes,Recovered
1205,54,Yes,Yes,Susceptible
1206,67,Yes,No,Susceptible
1207,51,Yes,No,Susceptible
1208,8,Yes,Yes,Infectious
1209,34,Yes,No,Susceptible
1210,35,Yes,Yes,Susceptible
1211,88,No,Yes,Susceptible
1212,78,Yes,Yes,Susceptible
1213,32,Yes,No,Susceptible
1214,46,Yes,Yes,Susceptible
1215,16,No,Yes,Susceptible
1216,68,Yes,Yes,Susceptible
1217,37,Yes,No,Susceptible
1218,54,Yes,No,Susceptible
1219,85,No,Yes,Susceptible
1220,14,Yes,No,Recovered
1221,55,No,Yes,Susceptible
1222,48,Yes,No,Susceptible
1223,82,Yes,No,Exposed
1224,7,No,Yes,Infectious
1225,74,Yes,Yes,Infectious
1226,7,Yes,No,Susceptible
1227,33,Yes,Yes,Susceptible
1228,23,Yes,Yes,Susceptible
1229,85,No,Yes,Susceptible
1230,19,No,Yes,Infectious
1231,19,Yes,Yes,Susceptible
1232,36,Yes,No,Susceptible
1233,29,Yes,Yes,Recovered
1234,60,Yes,Yes,Recovered
1235,82,No,No,Recovered
1236,2,Yes,No,Infectious
1237,1,No,Yes,Susceptible
1238,47,No,Yes,Susceptible
1239,69,Yes,Yes,Exposed
1240,20,Yes,No,Susceptible
1241,11,Yes,Yes,Susceptible
1242,2,No,No,Susceptible
1243,67,Yes,No,Susceptible
1244,87,No,Yes,Susceptible
1245,12,Yes,Yes,Susceptible
1246,20,No,No,Susceptible
1247,5,Yes,Yes,Susceptible
1248,37,Yes,No,Recovered
1249,38,No,Yes,Recovered
1250,9,Yes,Yes,Susceptible
1251,53,Yes,No,Susceptible
1252,44,Yes,Yes,Susceptible
1253,86,Yes,No,Susceptible
1254,24,Yes,No,Susceptible
1255,81,Yes,No,Susceptible
1256,74,Yes,Yes,Recovered
1257,30,Yes,Yes,Susceptible
1258,59,Yes,Yes,Susceptible
1259,87,Yes,No,Susceptible
1260,81,No,Yes,Susceptible
1261,81,Yes,No,Susceptible
1262,14,No,Yes,Susceptible
1263,9,No,Yes,Susceptible
1264,40,Yes,Yes,Susceptible
1265,66,Yes,No,Susceptible
1266,25,Yes,Yes,Susceptible
1267,73,No,Yes,Susceptible
1268,22,No,Yes,Susceptible
1269,4,Yes,Yes,Susceptible
1270,26,No,No,Susceptible
1271,58,No,Yes,Exposed
1272,29,Yes,No,Susceptible
1273,87,Yes,No,Susceptible
1274,37,No,Yes,Susceptible
1275,75,Yes,No,Susceptible
1276,70,No,Yes,Susceptible
1277,18,No,No,Susceptible
1278,85,No,Yes,Susceptible
1279,42,Yes,No,Susceptible
1280,41,Yes,No,Susceptible
1281,38,Yes,Yes,Susceptible
1282,34,Yes,No,Susceptible
1283,17,Yes,Yes,Susceptible
1284,37,Yes,No,Susceptible
1285,25,Yes,Yes,Susceptible
1286,76,Yes,No,Susceptible
1287,87,No,No,Susceptible
1288,86,Yes,Yes,Susceptible
1289,85,Yes,Yes,Susceptible
1290,27,Yes,Yes,Recovered
1291,57,No,Yes,Susceptible
1292,31,No,No,Susceptible
1293,6,Yes,No,Susceptible
1294,40,Yes,Yes,Susceptible
1295,12,No,Yes,Susceptible
1296,53,Yes,Yes,Susceptible
1297,71,Yes,Yes,Susceptible
1298,10,No,No,Susceptible
1299,45,Yes,Yes,Susceptible
1300,17,Yes,Yes,Susceptible
1301,26,Yes,Yes,Susceptible
1302,85,No,No,Susceptible
1303,62,Yes,No,Susceptible
1304,46,Yes,Yes,Susceptible
1305,64,Yes,Yes,Susceptible
1306,2,No,Yes,Recovered
1307,54,Yes,Yes,Susceptible
1308,65,Yes,Yes,Susceptible
1309,51,Yes,No,Susceptible
1310,53,Yes,No,Susceptible
1311,36,Yes,No,Exposed
1312,26,Yes,No,Susceptible
1313,29,Yes,No,Susceptible
1314,21,Yes,Yes,Susceptible
1315,11,Yes,Yes,Susceptible
1316,40,Yes,No,Susceptible
1317,11,Yes,No,Susceptible
1318,36,No,No,Susceptible
1319,59,No,Yes,Susceptible
1320,39,Yes,No,Susceptible
1321,54,Yes,Yes,Infectious
1322,55,Yes,Yes,Susceptible
1323,24,No,Yes,Recovered
1324,22,No,Yes,Infectious
1325,69,No,No,Susceptible
1326,56,Yes,No,Susceptible
1327,33,No,Yes,Susceptible
1328,36,Yes,No,Susceptible
1329,20,Yes,No,Susceptible
1330,83,No,Yes,Susceptible
1331,81,Yes,Yes,Susceptible
1332,62,Yes,No,Susceptible
1333,73,No,Yes,Recovered
1334,26,Yes,No,Susceptible
1335,66,Yes,No,Susceptible
1336,73,Yes,No,Susceptible
1337,73,No,No,Exposed
1338,40,Yes,No,Exposed
1339,17,No,Yes,Susceptible
1340,1,No,Yes,Susceptible
1341,89,No,Yes,Susceptible
1342,61,No,No,Susceptible
1343,43,No,Yes,Infectious
1344,42,No,Yes,Susceptible
1345,25,No,No,Susceptible
1346,39,Yes,Yes,Susceptible
1347,35,Yes,Yes,Susceptible
1348,3,Yes,Yes,Susceptible
1349,44,Yes,No,Susceptible
1350,51,Yes,No,Susceptible
1351,12,Yes,No,Susceptible
1352,19,Yes,Yes,Exposed
1353,44,No,Yes,Susceptible
1354,59,No,Yes,Susceptible
1355,49,Yes,Yes,Susceptible
1356,61,No,No,Susceptible
1357,17,Yes,No,Susceptible
1358,74,Yes,No,Exposed
1359,57,Yes,No,Susceptible
1360,55,Yes,No,Susceptible
1361,47,No,No,Susceptible
1362,12,Yes,Yes,Susceptible
1363,62,No,Yes,Susceptible
1364,80,Yes,Yes,Susceptible
1365,88,Yes,No,Susceptible
1366,83,Yes,Yes,Susceptible
1367,8,Yes,Yes,Susceptible
1368,21,No,No,Susceptible
1369,81,Yes,Yes,Susceptible
1370,87,Yes,No,Susceptible
1371,80,No,Yes,Susceptible
1372,70,Yes,Yes,Exposed
1373,72,No,No,Susceptible
1374,25,Yes,Yes,Exposed
1375,82,No,Yes,Susceptible
1376,89,Yes,No,Susceptible
1377,12,Yes,Yes,Infectious
1378,15,Yes,No,Susceptible
1379,59,Yes,No,Susceptible
1380,26,Yes,No,Susceptible
1381,26,Yes,Yes,Susceptible
1382,47,No,Yes,Susceptible
1383,32,Yes,No,Susceptible
1384,10,Yes,Yes,Susceptible
1385,16,No,Yes,Susceptible
1386,71,Yes,Yes,Susceptible
1387,17,Yes,No,Recovered
1388,23,Yes,No,Exposed
1389,26,Yes,No,Susceptible
1390,85,Yes,Yes,Susceptible
1391,86,Yes,No,Susceptible
1392,7,Yes,Yes,Susceptible
1393,14,No,Yes,Susceptible
1394,79,No,No,Exposed
1395,7,Yes,No,Susceptible
1396,9,Yes,No,Susceptible
1397,48,Yes,No,Susceptible
1398,72,Yes,Yes,Susceptible
1399,59,Yes,Yes,Susceptible
1400,87,Yes,No,Infectious
1401,82,Yes,Yes,Susceptible
1402,39,Yes,No,Susceptible
1403,18,No,No,Susceptible
1404,59,Yes,Yes,Susceptible
1405,17,Yes,No,Susceptible
1406,14,No,Yes,Susceptible
1407,31,Yes,No,Susceptible
1408,24,No,Yes,Susceptible
1409,60,Yes,No,Infectious
1410,45,Yes,Yes,Susceptible
1411,3,Yes,Yes,Susceptible
1412,37,Yes,No,Exposed
1413,43,Yes,Yes,Susceptible
1414,40,No,Yes,Susceptible
1415,55,Yes,Yes,Susceptible
1416,87,Yes,Yes,Susceptible
1417,39,Yes,No,Exposed
1418,15,Yes,Yes,Susceptible
1419,4,No,No,Susceptible
1420,86,Yes,No,Susceptible
1421,25,Yes,Yes,Susceptible
1422,13,Yes,Yes,Susceptible
1423,82,Yes,Yes,Recovered
1424,33,Yes,Yes,Infectious
1425,16,Yes,Yes,Susceptible
1426,42,Yes,No,Susceptible
1427,66,Yes,Yes,Susceptible
1428,55,No,No,Susceptible
1429,42,Yes,Yes,Recovered
1430,34,Yes,Yes,Susceptible
1431,30,No,No,Susceptible
1432,13,No,No,Susceptible
1433,13,Yes,No,Susceptible
1434,18,Yes,No,Susceptible
1435,32,No,Yes,Susceptible
1436,39,No,No,Susceptible
1437,46,No,No,Susceptible
1438,29,Yes,No,Susceptible
1439,62,Yes,Yes,Susceptible
1440,62,Yes,No,Recovered
1441,57,Yes,Yes,Susceptible
1442,16,No,No,Susceptible
1443,56,No,Yes,Exposed
1444,10,Yes,Yes,Susceptible
1445,30,No,Yes,Susceptible
1446,25,Yes,Yes,Susceptible
1447,84,No,No,Susceptible
1448,5,Yes,No,Susceptible
1449,65,Yes,No,Susceptible
1450,49,No,No,Susceptible
1451,3,Yes,Yes,Susceptible
1452,45,No,No,Susceptible
1453,14,No,No,Susceptible
1454,30,Yes,No,Susceptible
1455,68,Yes,Yes,Recovered
1456,18,No,Yes,Susceptible
1457,62,Yes,No,Susceptible
1458,37,Yes,No,Susceptible
1459,25,Yes,Yes,Susceptible
1460,48,No,Yes,Susceptible
1461,65,Yes,No,Susceptible
1462,53,Yes,Yes,Susceptible
1463,79,No,Yes,Susceptible
1464,73,Yes,No,Susceptible
1465,15,No,No,Susceptible
1466,49,Yes,No,Susceptible
1467,88,No,No,Susceptible
1468,68,No,No,Susceptible
1469,12,No,Yes,Susceptible
1470,59,No,No,Susceptible
1471,37,Yes,Yes,Susceptible
1472,61,Yes,No,Susceptible
1473,43,Yes,No,Susceptible
1474,70,No,Yes,Susceptible
1475,39,No,Yes,Susceptible
1476,56,Yes,No,Recovered
1477,63,Yes,No,Susceptible
1478,46,No,No,Susceptible
1479,88,Yes,Yes,Susceptible
1480,11,No,Yes,Susceptible
1481,62,Yes,Yes,Susceptible
1482,77,No,Yes,Susceptible
1483,25,No,Yes,Susceptible
1484,71,Yes,Yes,Susceptible
1485,52,Yes,Yes,Susceptible
1486,4,Yes,No,Susceptible
1487,59,Yes,No,Susceptible
1488,72,Yes,No,Susceptible
1489,20,No,Yes,Susceptible
1490,63,Yes,Yes,Susceptible
1491,54,Yes,No,Susceptible
1492,74,Yes,No,Susceptible
1493,57,Yes,No,Susceptible
1494,41,Yes,No,Infectious
1495,3,Yes,No,Susceptible
1496,6,Yes,No,Susceptible
1497,5,Yes,No,Susceptible
1498,5,No,No,Susceptible
1499,54,Yes,No,Recovered
1500,47,Yes,No,Susceptible
1501,87,No,Yes,Susceptible
1502,49,No,Yes,Susceptible
1503,9,Yes,No,Susceptible
1504,20,Yes,Yes,Susceptible
1505,61,Yes,No,Exposed
1506,35,Yes,Yes,Susceptible
1507,50,Yes,No,Exposed
1508,82,Yes,No,Susceptible
1509,62,Yes,Yes,Susceptible
1510,17,Yes,No,Susceptible
1511,88,Yes,No,Susceptible
1512,3,Yes,No,Susceptible
1513,32,Yes,No,Susceptible
1514,13,Yes,No,Susceptible
1515,89,No,Yes,Susceptible
1516,73,Yes,No,Susceptible
1517,68,Yes,No,Susceptible
1518,14,Yes,No,Susceptible
1519,11,No,No,Susceptible
1520,56,Yes,No,Susceptible
1521,67,Yes,Yes,Susceptible
1522,29,Yes,No,Exposed
1523,9,Yes,Yes,Susceptible
1524,67,No,Yes,Exposed
1525,25,Yes,No,Susceptible
1526,76,Yes,No,Susceptible
1527,42,Yes,Yes,Susceptible
1528,9,Yes,No,Exposed
1529,79,No,No,Susceptible
1530,40,Yes,Yes,Susceptible
1531,25,Yes,No,Susceptible
1532,5,No,Yes,Susceptible
1533,11,Yes,No,Susceptible
1534,59,Yes,No,Susceptible
1535,88,Yes,No,Susceptible
1536,79,Yes,Yes,Susceptible
1537,38,No,Yes,Susceptible
1538,72,No,Yes,Susceptible
1539,5,Yes,Yes,Recovered
1540,48,Yes,Yes,Susceptible
1541,18,Yes,Yes,Susceptible
1542,70,Yes,Yes,Susceptible
1543,37,Yes,No,Susceptible
1544,60,Yes,Yes,Susceptible
1545,48,Yes,Yes,Susceptible
1546,77,No,No,Susceptible
1547,28,Yes,Yes,Susceptible
1548,69,Yes,Yes,Susceptible
1549,77,No,No,Susceptible
1550,81,No,No,Susceptible
1551,40,Yes,Yes,Susceptible
1552,45,Yes,No,Susceptible
1553,62,Yes,No,Susceptible
1554,58,Yes,No,Susceptible
1555,67,Yes,No,Susceptible
1556,56,Yes,Yes,Susceptible
1557,40,No,No,Recovered
1558,40,Yes,Yes,Susceptible
1559,77,Yes,No,Susceptible
1560,33,No,No,Susceptible
1561,6,Yes,Yes,Susceptible
1562,88,No,Yes,Susceptible
1563,19,No,Yes,Exposed
1564,80,No,No,Susceptible
1565,40,Yes,Yes,Susceptible
1566,59,Yes,Yes,Susceptible
1567,59,No,Yes,Susceptible
1568,48,Yes,No,Susceptible
1569,41,No,No,Susceptible
1570,13,Yes,No,Susceptible
1571,45,Yes,Yes,Susceptible
1572,89,Yes,Yes,Susceptible
1573,53,Yes,Yes,Susceptible
1574,42,Yes,Yes,Exposed
1575,63,No,Yes,Susceptible
1576,27,Yes,No,Susceptible
1577,38,No,Yes,Susceptible
1578,60,Yes,No,Susceptible
1579,7,No,Yes,Susceptible
1580,5,No,Yes,Susceptible
1581,45,No,No,Susceptible
1582,58,No,No,Susceptible
1583,31,Yes,Yes,Susceptible
1584,23,Yes,Yes,Exposed
1585,42,Yes,Yes,Susceptible
1586,10,Yes,Yes,Susceptible
1587,32,Yes,Yes,Susceptible
1588,53,Yes,No,Exposed
1589,30,Yes,No,Recovered
1590,39,Yes,No,Susceptible
1591,31,Yes,No,Susceptible
1592,82,No,No,Susceptible
1593,2,No,No,Susceptible
1594,78,Yes,No,Susceptible
1595,77,No,No,Susceptible
1596,12,Yes,No,Susceptible
1597,39,Yes,No,Susceptible
1598,66,Yes,No,Susceptible
1599,13,No,Yes,Susceptible
1600,46,Yes,No,Susceptible
1601,27,Yes,No,Recovered
1602,17,Yes,No,Susceptible
1603,60,Yes,Yes,Susceptible
1604,64,No,No,Susceptible
1605,88,Yes,No,Susceptible
1606,35,Yes,No,Susceptible
1607,70,Yes,Yes,Susceptible
1608,83,No,Yes,Susceptible
1609,30,No,Yes,Susceptible
1610,71,No,Yes,Susceptible
1611,74,No,Yes,Infectious
1612,63,Yes,No,Susceptible
1613,28,Yes,Yes,Susceptible
1614,60,Yes,No,Susceptible
1615,79,Yes,No,Susceptible
1616,37,Yes,No,Susceptible
1617,22,Yes,No,Susceptible
1618,68,Yes,Yes,Susceptible
1619,20,Yes,Yes,Susceptible
1620,68,Yes,Yes,Susceptible
1621,64,Yes,No,Susceptible
1622,17,No,No,Susceptible
1623,12,Yes,Yes,Susceptible
1624,22,Yes,Yes,Susceptible
1625,17,Yes,No,Susceptible
1626,10,Yes,No,Susceptible
1627,65,Yes,No,Susceptible
1628,22,No,No,Susceptible
1629,82,No,No,Exposed
1630,50,Yes,No,Infectious
1631,14,Yes,Yes,Exposed
1632,64,No,No,Susceptible
1633,47,No,No,Susceptible
1634,29,Yes,No,Infectious
1635,76,Yes,Yes,Susceptible
1636,36,Yes,No,Susceptible
1637,52,No,Yes,Susceptible
1638,76,Yes,Yes,Susceptible
1639,7,No,Yes,Susceptible
1640,29,No,Yes,Susceptible
1641,11,Yes,No,Susceptible
1642,33,Yes,Yes,Susceptible
1643,6,Yes,Yes,Susceptible
1644,79,No,Yes,Exposed
1645,32,Yes,Yes,Susceptible
1646,51,Yes,No,Susceptible
1647,75,No,Yes,Susceptible
1648,58,Yes,No,Susceptible
1649,87,Yes,No,Susceptible
1650,26,Yes,Yes,Susceptible
1651,46,Yes,Yes,Susceptible
1652,29,Yes,No,Susceptible
1653,4,Yes,Yes,Susceptible
1654,81,Yes,Yes,Susceptible
1655,13,Yes,Yes,Infectious
1656,39,No,Yes,Infectious
1657,15,Yes,No,Susceptible
1658,29,Yes,Yes,Susceptible
1659,29,Yes,No,Infectious
1660,75,No,No,Susceptible
1661,32,Yes,No,Susceptible
1662,2,No,Yes,Susceptible
1663,47,Yes,Yes,Recovered
1664,78,Yes,No,Susceptible
1665,84,Yes,No,Infectious
1666,22,Yes,No,Susceptible
1667,75,Yes,No,Susceptible
1668,27,Yes,No,Susceptible
1669,67,Yes,No,Susceptible
1670,81,Yes,No,Recovered
1671,56,No,No,Susceptible
1672,21,No,No,Recovered
1673,47,Yes,Yes,Susceptible
1674,80,Yes,Yes,Susceptible
1675,59,Yes,Yes,Susceptible
1676,84,Yes,No,Susceptible
1677,6,Yes,Yes,Susceptible
1678,19,Yes,Yes,Susceptible
1679,57,Yes,Yes,Susceptible
1680,69,No,Yes,Susceptible
1681,3,Yes,Yes,Susceptible
1682,1,No,Yes,Susceptible
1683,58,Yes,Yes,Susceptible
1684,38,Yes,No,Susceptible
1685,15,No,Yes,Susceptible
1686,34,Yes,No,Susceptible
1687,61,Yes,Yes,Recovered
1688,35,No,No,Susceptible
1689,64,Yes,No,Susceptible
1690,25,Yes,No,Susceptible
1691,24,Yes,No,Infectious
1692,12,Yes,Yes,Susceptible
1693,18,No,No,Susceptible
1694,15,Yes,Yes,Exposed
1695,80,No,No,Exposed
1696,27,Yes,Yes,Susceptible
1697,72,Yes,Yes,Susceptible
1698,60,Yes,Yes,Susceptible
1699,46,Yes,No,Susceptible
1700,89,Yes,Yes,Susceptible
1701,17,No,No,Susceptible
1702,53,No,Yes,Susceptible
1703,8,Yes,No,Susceptible
1704,79,Yes,Yes,Susceptible
1705,27,Yes,Yes,Susceptible
1706,46,No,No,Recovered
1707,50,No,Yes,Susceptible
1708,71,Yes,No,Susceptible
1709,3,Yes,Yes,Susceptible
1710,64,No,Yes,Susceptible
1711,44,Yes,Yes,Susceptible
1712,53,No,Yes,Susceptible
1713,24,Yes,Yes,Susceptible
1714,60,Yes,No,Susceptible
1715,3,Yes,No,Recovered
1716,20,Yes,No,Susceptible
1717,46,Yes,Yes,Susceptible
1718,15,Yes,No,Susceptible
1719,25,Yes,Yes,Infectious
1720,78,Yes,No,Susceptible
1721,71,Yes,No,Infectious
1722,17,No,Yes,Susceptible
1723,84,No,No,Susceptible
1724,9,Yes,Yes,Susceptible
1725,38,Yes,Yes,Susceptible
1726,48,No,Yes,Susceptible
1727,60,Yes,Yes,Susceptible
1728,63,Yes,Yes,Susceptible
1729,86,Yes,Yes,Susceptible
1730,2,Yes,Yes,Susceptible
1731,88,No,Yes,Susceptible
1732,72,Yes,No,Susceptible
1733,11,No,Yes,Susceptible
1734,64,Yes,No,Susceptible
1735,77,Yes,Yes,Susceptible
1736,81,Yes,Yes,Susceptible
1737,72,Yes,Yes,Susceptible
1738,21,No,No,Susceptible
1739,18,No,Yes,Susceptible
1740,64,Yes,No,Susceptible
1741,82,No,No,Susceptible
1742,38,No,Yes,Susceptible
1743,32,Yes,Yes,Susceptible
1744,11,Yes,Yes,Susceptible
1745,45,No,Yes,Infectious
1746,89,No,No,Susceptible
1747,33,Yes,No,Recovered
1748,41,No,Yes,Susceptible
1749,8,Yes,Yes,Susceptible
1750,11,No,No,Susceptible
1751,86,Yes,No,Susceptible
1752,51,Yes,Yes,Susceptible
1753,88,No,Yes,Susceptible
1754,41,No,No,Susceptible
1755,17,No,No,Susceptible
1756,76,No,No,Susceptible
1757,46,Yes,No,Susceptible
1758,32,Yes,Yes,Infectious
1759,79,Yes,No,Susceptible
1760,80,Yes,No,Susceptible
1761,54,Yes,No,Susceptible
1762,86,No,No,Susceptible
1763,20,Yes,Yes,Susceptible
1764,33,Yes,No,Susceptible
1765,74,No,No,Susceptible
1766,40,No,Yes,Susceptible
1767,32,Yes,Yes,Infectious
1768,2,No,Yes,Recovered
1769,33,Yes,No,Susceptible
1770,77,Yes,Yes,Susceptible
1771,30,Yes,Yes,Susceptible
1772,33,Yes,No,Susceptible
1773,77,No,No,Susceptible
1774,26,No,No,Susceptible
1775,22,Yes,Yes,Susceptible
1776,66,No,Yes,Susceptible
1777,38,No,Yes,Susceptible
1778,46,Yes,Yes,Susceptible
1779,15,Yes,No,Susceptible
1780,44,Yes,Yes,Susceptible
1781,49,Yes,No,Susceptible
1782,75,No,Yes,Susceptible
1783,61,No,No,Recovered
1784,67,No,Yes,Susceptible
1785,6,Yes,Yes,Susceptible
1786,9,Yes,No,Susceptible
1787,6,Yes,Yes,Susceptible
1788,73,Yes,No,Susceptible
1789,32,Yes,Yes,Susceptible
1790,41,Yes,Yes,Susceptible
1791,76,Yes,No,Susceptible
1792,8,Yes,No,Susceptible
1793,72,No,Yes,Susceptible
1794,50,No,Yes,Susceptible
1795,62,Yes,No,Susceptible
1796,84,Yes,No,Susceptible
1797,62,Yes,No,Susceptible
1798,7,No,Yes,Susceptible
1799,75,Yes,No,Susceptible
1800,84,Yes,No,Susceptible
1801,80,Yes,No,Susceptible
1802,4,Yes,No,Susceptible
1803,6,No,No,Susceptible
1804,58,No,Yes,Susceptible
1805,22,No,Yes,Infectious
1806,26,Yes,No,Susceptible
1807,3,Yes,Yes,Infectious
1808,41,Yes,Yes,Susceptible
1809,60,Yes,No,Susceptible
1810,14,Yes,Yes,Infectious
1811,75,No,Yes,Susceptible
1812,82,Yes,No,Susceptible
1813,12,Yes,No,Susceptible
1814,87,Yes,No,Susceptible
1815,12,No,No,Susceptible
1816,13,Yes,No,Susceptible
1817,25,Yes,No,Susceptible
1818,45,No,No,Susceptible
1819,19,No,No,Susceptible
1820,55,Yes,Yes,Susceptible
1821,45,No,Yes,Susceptible
1822,8,No,No,Susceptible
1823,53,Yes,No,Susceptible
1824,55,Yes,Yes,Susceptible
1825,32,No,No,Susceptible
1826,51,Yes,No,Susceptible
1827,44,Yes,No,Susceptible
1828,82,Yes,No,Susceptible
1829,70,Yes,Yes,Susceptible
1830,18,Yes,No,Susceptible
1831,83,Yes,Yes,Susceptible
1832,22,Yes,No,Susceptible
1833,37,No,No,Susceptible
1834,56,Yes,Yes,Susceptible
1835,59,Yes,Yes,Susceptible
1836,3,Yes,Yes,Susceptible
1837,28,No,No,Exposed
1838,74,No,No,Susceptible
1839,35,No,No,Susceptible
1840,61,Yes,Yes,Susceptible
1841,54,No,Yes,Susceptible
1842,63,Yes,No,Infectious
1843,79,Yes,Yes,Exposed
1844,7,Yes,Yes,Recovered
1845,76,No,No,Susceptible
1846,49,No,No,Susceptible
1847,85,Yes,No,Exposed
1848,31,Yes,No,Susceptible
1849,58,Yes,Yes,Susceptible
1850,61,Yes,Yes,Susceptible
1851,24,Yes,Yes,Infectious
1852,20,No,Yes,Infectious
1853,37,Yes,Yes,Susceptible
1854,4,Yes,Yes,Susceptible
1855,20,Yes,Yes,Susceptible
1856,60,Yes,No,Susceptible
1857,24,Yes,No,Susceptible
1858,50,No,No,Susceptible
1859,49,Yes,No,Susceptible
1860,51,No,Yes,Susceptible
1861,36,No,No,Susceptible
1862,66,Yes,No,Susceptible
1863,79,Yes,No,Susceptible
1864,34,Yes,No,Susceptible
1865,36,Yes,No,Susceptible
1866,6,No,No,Susceptible
1867,39,No,No,Susceptible
1868,42,No,No,Susceptible
1869,58,No,No,Susceptible
1870,12,Yes,No,Susceptible
1871,3,Yes,No,Susceptible
1872,18,Yes,No,Susceptible
1873,40,Yes,Yes,Susceptible
1874,21,No,Yes,Susceptible
1875,15,Yes,Yes,Exposed
1876,26,Yes,No,Susceptible
1877,8,Yes,No,Susceptible
1878,87,Yes,Yes,Susceptible
1879,42,Yes,No,Infectious
1880,44,No,Yes,Susceptible
1881,14,Yes,No,Susceptible
1882,78,Yes,No,Susceptible
1883,2,Yes,No,Susceptible
1884,37,Yes,No,Susceptible
1885,69,No,No,Infectious
1886,38,No,No,Susceptible
1887,41,Yes,Yes,Susceptible
1888,62,No,No,Susceptible
1889,60,No,Yes,Susceptible
1890,14,No,No,Susceptible
1891,89,No,No,Susceptible
1892,84,Yes,No,Recovered
1893,2,No,Yes,Susceptible
1894,70,No,Yes,Susceptible
1895,17,Yes,Yes,Infectious
1896,89,No,No,Susceptible
1897,28,No,No,Susceptible
1898,66,Yes,No,Susceptible
1899,35,Yes,Yes,Susceptible
1900,5,Yes,No,Susceptible
1901,65,No,No,Susceptible
1902,40,No,Yes,Susceptible
1903,76,Yes,Yes,Infectious
1904,56,No,No,Exposed
1905,36,Yes,No,Susceptible
1906,45,Yes,No,Susceptible
1907,23,Yes,Yes,Susceptible
1908,47,No,Yes,Susceptible
1909,31,No,Yes,Susceptible
1910,11,Yes,No,Susceptible
1911,10,No,Yes,Susceptible
1912,67,Yes,Yes,Susceptible
1913,14,Yes,Yes,Susceptible
1914,80,Yes,Yes,Susceptible
1915,74,Yes,Yes,Susceptible
1916,10,Yes,No,Susceptible
1917,76,Yes,No,Susceptible
1918,1,Yes,No,Susceptible
1919,5,Yes,No,Susceptible
1920,20,No,Yes,Susceptible
1921,8,Yes,Yes,Susceptible
1922,43,Yes,No,Susceptible
1923,76,Yes,Yes,Susceptible
1924,1,Yes,Yes,Susceptible
1925,57,Yes,No,Susceptible
1926,64,Yes,No,Susceptible
1927,84,Yes,Yes,Susceptible
1928,28,No,Yes,Susceptible
1929,37,Yes,Yes,Susceptible
1930,47,Yes,No,Susceptible
1931,76,Yes,No,Susceptible
1932,37,Yes,No,Susceptible
1933,49,Yes,Yes,Susceptible
1934,44,Yes,Yes,Susceptible
1935,56,Yes,Yes,Susceptible
1936,28,Yes,No,Susceptible
1937,79,Yes,No,Recovered
1938,6,Yes,No,Susceptible
1939,61,Yes,Yes,Susceptible
1940,20,Yes,No,Susceptible
1941,78,No,No,Exposed
1942,2,Yes,Yes,Exposed
1943,73,No,No,Susceptible
1944,37,Yes,Yes,Susceptible
1945,20,No,No,Susceptible
1946,26,Yes,No,Susceptible
1947,29,No,Yes,Susceptible
1948,1,Yes,Yes,Susceptible
1949,35,No,Yes,Susceptible
1950,70,Yes,Yes,Susceptible
1951,59,Yes,Yes,Susceptible
1952,69,Yes,Yes,Susceptible
1953,33,Yes,No,Recovered
1954,51,Yes,No,Susceptible
1955,78,No,No,Susceptible
1956,12,Yes,Yes,Susceptible
1957,20,No,No,Infectious
1958,53,No,Yes,Susceptible
1959,88,Yes,No,Susceptible
1960,43,No,No,Susceptible
1961,89,Yes,No,Susceptible
1962,50,Yes,Yes,Exposed
1963,29,No,No,Recovered
1964,57,Yes,No,Susceptible
1965,39,Yes,No,Susceptible
1966,56,Yes,No,Susceptible
1967,43,Yes,No,Susceptible
1968,50,Yes,Yes,Susceptible
1969,23,Yes,No,Susceptible
1970,44,Yes,Yes,Susceptible
1971,38,Yes,No,Susceptible
1972,84,No,Yes,Susceptible
1973,23,No,No,Recovered
1974,45,Yes,Yes,Infectious
1975,52,Yes,No,Susceptible
1976,80,Yes,Yes,Susceptible
1977,50,Yes,Yes,Susceptible
1978,8,Yes,No,Susceptible
1979,85,No,Yes,Susceptible
1980,1,Yes,No,Susceptible
1981,8,Yes,No,Susceptible
1982,29,Yes,No,Susceptible
1983,5,Yes,No,Susceptible
1984,86,Yes,Yes,Recovered
1985,47,Yes,Yes,Susceptible
1986,34,No,Yes,Susceptible
1987,65,Yes,Yes,Recovered
1988,55,Yes,No,Susceptible
1989,43,No,Yes,Susceptible
1990,74,Yes,Yes,Susceptible
1991,30,Yes,No,Susceptible
1992,82,Yes,No,Susceptible
1993,17,Yes,Yes,Recovered
1994,26,Yes,No,Susceptible
1995,8,Yes,Yes,Infectious
1996,47,Yes,No,Susceptible
1997,76,Yes,No,Susceptible
1998,72,Yes,Yes,Susceptible
1999,89,Yes,No,Susceptible
2000,46,No,Yes,Recovered
2001,68,Yes,No,Susceptible
2002,33,Yes,No,Susceptible
2003,1,No,Yes,Susceptible
2004,19,Yes,Yes,Susceptible
2005,31,Yes,Yes,Susceptible
2006,80,Yes,Yes,Susceptible
2007,14,No,No,Susceptible
2008,53,No,No,Infectious
2009,48,Yes,Yes,Susceptible
2010,69,No,Yes,Susceptible
2011,62,No,No,Susceptible
2012,66,No,No,Susceptible
2013,64,No,Yes,Susceptible
2014,70,No,No,Susceptible
2015,63,No,Yes,Susceptible
2016,73,Yes,Yes,Susceptible
2017,33,No,Yes,Susceptible
2018,41,No,No,Susceptible
2019,89,Yes,No,Recovered
2020,48,Yes,No,Susceptible
2021,13,Yes,No,Susceptible
2022,73,Yes,Yes,Susceptible
2023,77,No,Yes,Susceptible
2024,31,Yes,Yes,Susceptible
2025,75,No,No,Susceptible
2026,68,Yes,No,Susceptible
2027,4,Yes,No,Susceptible
2028,19,No,Yes,Susceptible
2029,70,Yes,No,Susceptible
2030,82,No,No,Susceptible
2031,13,No,Yes,Susceptible
2032,23,Yes,No,Susceptible
2033,83,Yes,No,Susceptible
2034,75,Yes,No,Susceptible
2035,1,Yes,Yes,Susceptible
2036,88,Yes,No,Recovered
2037,54,Yes,No,Exposed
2038,71,Yes,No,Infectious
2039,89,Yes,Yes,Susceptible
2040,85,Yes,No,Susceptible
2041,15,No,Yes,Susceptible
2042,65,Yes,Yes,Susceptible
2043,76,Yes,No,Susceptible
2044,71,Yes,No,Susceptible
2045,15,Yes,Yes,Susceptible
2046,21,Yes,Yes,Susceptible
2047,19,No,No,Susceptible
2048,60,Yes,No,Susceptible
2049,89,No,No,Infectious
2050,33,Yes,Yes,Susceptible
2051,49,No,Yes,Susceptible
2052,35,No,Yes,Susceptible
2053,44,Yes,Yes,Susceptible
2054,11,No,No,Susceptible
2055,72,Yes,Yes,Susceptible
2056,78,Yes,Yes,Susceptible
2057,74,No,Yes,Recovered
2058,66,Yes,Yes,Susceptible
2059,46,Yes,Yes,Infectious
2060,9,No,No,Susceptible
2061,3,Yes,Yes,Recovered
2062,85,Yes,Yes,Susceptible
2063,26,No,No,Susceptible
2064,72,Yes,No,Susceptible
2065,48,Yes,Yes,Susceptible
2066,66,No,Yes,Infectious
2067,70,Yes,Yes,Exposed
2068,28,Yes,No,Susceptible
2069,26,Yes,Yes,Susceptible
2070,25,Yes,No,Susceptible
2071,12,Yes,No,Susceptible
2072,5,No,No,Susceptible
2073,48,Yes,No,Susceptible
2074,37,Yes,Yes,Infectious
2075,79,No,No,Recovered
2076,44,Yes,No,Recovered
2077,15,Yes,Yes,Susceptible
2078,43,No,Yes,Susceptible
2079,48,Yes,Yes,Susceptible
2080,87,Yes,No,Susceptible
2081,70,Yes,No,Susceptible
2082,46,No,Yes,Susceptible
2083,43,Yes,No,Susceptible
2084,21,Yes,Yes,Exposed
2085,23,Yes,Yes,Susceptible
2086,80,No,No,Susceptible
2087,47,No,No,Susceptible
2088,15,No,No,Susceptible
2089,25,No,No,Susceptible
2090,36,Yes,No,Susceptible
2091,75,Yes,No,Susceptible
2092,51,Yes,No,Susceptible
2093,15,No,No,Susceptible
2094,68,No,Yes,Susceptible
2095,21,Yes,Yes,Susceptible
2096,13,Yes,Yes,Susceptible
2097,86,Yes,Yes,Susceptible
2098,19,Yes,No,Susceptible
2099,34,Yes,No,Susceptible
2100,78,Yes,Yes,Susceptible
2101,68,Yes,No,Susceptible
2102,52,Yes,Yes,Susceptible
2103,27,Yes,Yes,Susceptible
2104,29,Yes,Yes,Susceptible
2105,28,Yes,No,Susceptible
2106,35,Yes,No,Susceptible
2107,8,Yes,Yes,Infectious
2108,16,No,Yes,Susceptible
2109,36,Yes,Yes,Susceptible
2110,30,Yes,No,Susceptible
2111,18,Yes,Yes,Recovered
2112,2,Yes,No,Recovered
2113,49,Yes,No,Susceptible
2114,77,Yes,Yes,Susceptible
2115,4,No,No,Susceptible
2116,89,Yes,No,Susceptible
2117,75,Yes,Yes,Susceptible
2118,7,Yes,No,Susceptible
2119,74,Yes,Yes,Susceptible
2120,39,Yes,No,Susceptible
2121,13,Yes,Yes,Infectious
2122,31,Yes,Yes,Susceptible
2123,71,Yes,No,Susceptible
2124,63,Yes,No,Susceptible
2125,56,Yes,Yes,Susceptible
2126,42,Yes,No,Exposed
2127,61,Yes,No,Exposed
2128,42,Yes,No,Susceptible
2129,56,Yes,Yes,Susceptible
2130,36,Yes,Yes,Exposed
2131,84,Yes,No,Susceptible
2132,68,No,Yes,Susceptible
2133,7,No,No,Susceptible
2134,54,Yes,No,Susceptible
2135,1,No,Yes,Susceptible
2136,44,Yes,No,Susceptible
2137,45,Yes,No,Susceptible
2138,47,Yes,Yes,Susceptible
2139,13,Yes,No,Susceptible
2140,22,Yes,Yes,Susceptible
2141,21,Yes,Yes,Susceptible
2142,86,Yes,Yes,Susceptible
2143,9,No,No,Recovered
2144,26,No,No,Susceptible
2145,9,No,Yes,Susceptible
2146,15,No,Yes,Susceptible
2147,10,No,Yes,Susceptible
2148,88,No,Yes,Susceptible
2149,42,Yes,No,Susceptible
2150,72,Yes,No,Susceptible
2151,24,Yes,Yes,Susceptible
2152,80,Yes,Yes,Susceptible
2153,49,No,No,Susceptible
2154,26,Yes,Yes,Susceptible
2155,37,Yes,Yes,Susceptible
2156,68,Yes,No,Exposed
2157,50,Yes,Yes,Recovered
2158,24,Yes,Yes,Susceptible
2159,19,Yes,No,Susceptible
2160,60,Yes,Yes,Susceptible
2161,39,No,Yes,Susceptible
2162,74,No,No,Susceptible
2163,89,Yes,Yes,Susceptible
2164,18,Yes,No,Susceptible
2165,19,Yes,Yes,Susceptible
2166,36,No,No,Susceptible
2167,74,Yes,Yes,Exposed
2168,55,Yes,No,Susceptible
2169,69,Yes,No,Exposed
2170,47,Yes,No,Susceptible
2171,49,Yes,Yes,Susceptible
2172,33,Yes,Yes,Infectious
2173,21,Yes,No,Susceptible
2174,81,Yes,No,Susceptible
2175,22,No,Yes,Susceptible
2176,48,Yes,No,Susceptible
2177,37,No,No,Recovered
2178,15,No,No,Susceptible
2179,35,No,Yes,Recovered
2180,71,No,No,Susceptible
2181,32,No,Yes,Susceptible
2182,11,No,No,Susceptible
2183,10,Yes,No,Susceptible
2184,73,Yes,Yes,Susceptible
2185,78,No,No,Susceptible
2186,77,Yes,No,Susceptible
2187,57,Yes,No,Exposed
2188,25,Yes,Yes,Susceptible
2189,2,Yes,No,Susceptible
2190,64,Yes,Yes,Susceptible
2191,35,No,No,Susceptible
2192,7,Yes,No,Susceptible
2193,85,Yes,Yes,Susceptible
2194,18,Yes,No,Susceptible
2195,67,Yes,Yes,Susceptible
2196,42,No,Yes,Susceptible
2197,39,Yes,Yes,Susceptible
2198,41,Yes,Yes,Exposed
2199,75,No,Yes,Susceptible
2200,24,Yes,No,Susceptible
2201,60,Yes,No,Susceptible
2202,46,No,No,Susceptible
2203,19,Yes,No,Susceptible
2204,68,Yes,Yes,Susceptible
2205,42,Yes,No,Susceptible
2206,32,Yes,Yes,Susceptible
2207,39,No,No,Susceptible
2208,36,Yes,Yes,Susceptible
2209,36,Yes,No,Susceptible
2210,3,Yes,Yes,Susceptible
2211,73,Yes,Yes,Susceptible
2212,8,Yes,Yes,Susceptible
2213,70,Yes,Yes,Susceptible
2214,41,No,No,Susceptible
2215,68,Yes,Yes,Infectious
2216,13,Yes,Yes,Susceptible
2217,49,Yes,Yes,Susceptible
2218,60,No,No,Susceptible
2219,2,Yes,No,Susceptible
2220,60,No,Yes,Susceptible
2221,5,No,Yes,Susceptible
2222,44,Yes,No,Susceptible
2223,27,Yes,Yes,Susceptible
2224,32,Yes,No,Susceptible
2225,21,No,No,Susceptible
2226,8,Yes,Yes,Susceptible
2227,72,No,Yes,Susceptible
2228,50,Yes,No,Susceptible
2229,67,No,No,Susceptible
2230,44,Yes,No,Susceptible
2231,58,No,No,Susceptible
2232,3,Yes,No,Susceptible
2233,86,Yes,Yes,Susceptible
2234,70,No,Yes,Susceptible
2235,2,Yes,No,Exposed
2236,87,Yes,Yes,Susceptible
2237,44,No,No,Infectious
2238,2,Yes,Yes,Exposed
2239,81,Yes,Yes,Exposed
2240,35,No,Yes,Exposed
2241,87,No,Yes,Susceptible
2242,30,No,Yes,Susceptible
2243,8,Yes,No,Susceptible
2244,22,No,Yes,Infectious
2245,44,Yes,No,Susceptible
2246,58,No,Yes,Susceptible
2247,36,Yes,No,Susceptible
2248,69,Yes,Yes,Susceptible
2249,77,No,No,Susceptible
2250,31,No,Yes,Susceptible
2251,47,Yes,Yes,Susceptible
2252,55,Yes,Yes,Susceptible
2253,80,Yes,Yes,Susceptible
2254,62,Yes,No,Exposed
2255,30,No,No,Susceptible
2256,55,Yes,Yes,Susceptible
2257,16,Yes,Yes,Exposed
2258,12,No,No,Susceptible
2259,17,Yes,No,Susceptible
2260,16,Yes,No,Susceptible
2261,12,Yes,Yes,Susceptible
2262,8,No,Yes,Susceptible
2263,84,Yes,No,Infectious
2264,3,No,No,Susceptible
2265,16,Yes,Yes,Susceptible
2266,30,Yes,Yes,Susceptible
2267,23,Yes,Yes,Susceptible
2268,5,Yes,Yes,Susceptible
2269,84,No,Yes,Recovered
2270,65,Yes,No,Susceptible
2271,30,Yes,No,Susceptible
2272,21,Yes,No,Susceptible
2273,84,Yes,No,Susceptible
2274,70,No,Yes,Exposed
2275,22,Yes,Yes,Susceptible
2276,82,No,Yes,Susceptible
2277,72,Yes,No,Susceptible
2278,32,No,Yes,Susceptible
2279,33,Yes,Yes,Susceptible
2280,16,No,Yes,Susceptible
2281,76,Yes,Yes,Susceptible
2282,38,Yes,Yes,Susceptible
2283,14,Yes,Yes,Exposed
2284,36,Yes,No,Susceptible
2285,23,No,Yes,Susceptible
2286,66,Yes,No,Susceptible
2287,85,Yes,No,Exposed
2288,2,Yes,Yes,Susceptible
2289,73,No,No,Susceptible
2290,65,No,No,Susceptible
2291,75,No,Yes,Susceptible
2292,67,Yes,Yes,Susceptible
2293,52,No,No,Susceptible
2294,62,Yes,No,Susceptible
2295,23,No,No,Infectious
2296,26,No,Yes,Susceptible
2297,68,Yes,No,Susceptible
2298,82,No,No,Susceptible
2299,55,No,No,Susceptible
2300,6,Yes,No,Exposed
2301,35,Yes,Yes,Susceptible
2302,22,Yes,No,Susceptible
2303,43,Yes,No,Susceptible
2304,15,Yes,Yes,Susceptible
2305,86,Yes,Yes,Susceptible
2306,60,No,No,Susceptible
2307,12,Yes,No,Susceptible
2308,49,Yes,No,Susceptible
2309,42,No,Yes,Susceptible
2310,38,Yes,No,Susceptible
2311,82,Yes,Yes,Recovered
2312,45,Yes,Yes,Susceptible
2313,35,Yes,No,Susceptible
2314,30,Yes,Yes,Susceptible
2315,88,Yes,Yes,Susceptible
2316,30,Yes,No,Susceptible
2317,78,No,Yes,Susceptible
2318,6,Yes,No,Susceptible
2319,67,Yes,Yes,Recovered
2320,80,No,No,Exposed
2321,7,No,No,Exposed
2322,52,Yes,No,Susceptible
2323,14,No,Yes,Susceptible
2324,73,Yes,No,Susceptible
2325,15,Yes,Yes,Exposed
2326,21,No,Yes,Susceptible
2327,35,No,No,Susceptible
2328,66,No,No,Susceptible
2329,2,Yes,No,Susceptible
2330,35,No,Yes,Infectious
2331,82,Yes,No,Susceptible
2332,78,Yes,Yes,Susceptible
2333,20,Yes,Yes,Susceptible
2334,82,Yes,Yes,Susceptible
2335,10,Yes,Yes,Susceptible
2336,25,No,Yes,Susceptible
2337,66,Yes,Yes,Recovered
2338,25,No,No,Recovered
2339,54,Yes,Yes,Susceptible
2340,33,Yes,No,Susceptible
2341,36,No,Yes,Susceptible
2342,14,Yes,Yes,Susceptible
2343,65,Yes,No,Susceptible
2344,80,No,Yes,Susceptible
2345,54,Yes,No,Susceptible
2346,52,No,Yes,Susceptible
2347,3,Yes,No,Susceptible
2348,41,No,Yes,Susceptible
2349,6,Yes,No,Susceptible
2350,25,Yes,No,Susceptible
2351,13,Yes,Yes,Susceptible
2352,8,Yes,Yes,Exposed
2353,21,Yes,Yes,Susceptible
2354,68,Yes,Yes,Susceptible
2355,25,Yes,No,Susceptible
2356,79,Yes,No,Infectious
2357,68,Yes,No,Susceptible
2358,45,No,No,Susceptible
2359,60,Yes,Yes,Susceptible
2360,12,Yes,No,Susceptible
2361,32,Yes,Yes,Susceptible
2362,13,No,Yes,Susceptible
2363,31,No,Yes,Susceptible
2364,78,Yes,No,Susceptible
2365,20,Yes,Yes,Exposed
2366,18,Yes,No,Susceptible
2367,60,Yes,No,Susceptible
2368,63,Yes,Yes,Susceptible
2369,6,Yes,No,Susceptible
2370,32,No,No,Susceptible
2371,43,Yes,No,Susceptible
2372,2,Yes,No,Susceptible
2373,60,No,Yes,Susceptible
2374,23,Yes,No,Exposed
2375,83,Yes,No,Susceptible
2376,31,Yes,Yes,Recovered
2377,5,Yes,No,Susceptible
2378,83,Yes,No,Susceptible
2379,34,Yes,No,Susceptible
2380,10,Yes,Yes,Susceptible
2381,89,No,No,Susceptible
2382,2,Yes,No,Susceptible
2383,11,No,No,Susceptible
2384,50,Yes,Yes,Susceptible
2385,31,No,No,Susceptible
2386,56,Yes,Yes,Susceptible
2387,79,Yes,Yes,Susceptible
2388,73,Yes,No,Susceptible
2389,87,No,No,Susceptible
2390,83,No,No,Susceptible
2391,9,Yes,No,Susceptible
2392,21,Yes,No,Susceptible
2393,73,Yes,No,Susceptible
2394,28,No,No,Susceptible
2395,62,Yes,No,Susceptible
2396,7,No,No,Recovered
2397,80,No,Yes,Recovered
2398,16,Yes,Yes,Recovered
2399,4,Yes,No,Susceptible
2400,4,Yes,No,Susceptible
2401,40,Yes,Yes,Susceptible
2402,17,Yes,No,Infectious
2403,52,Yes,No,Susceptible
2404,52,Yes,Yes,Susceptible
2405,36,Yes,No,Susceptible
2406,38,No,Yes,Recovered
2407,50,No,Yes,Susceptible
2408,63,No,No,Susceptible
2409,63,Yes,Yes,Susceptible
2410,62,Yes,No,Susceptible
2411,7,Yes,No,Susceptible
2412,27,No,Yes,Susceptible
2413,86,No,No,Susceptible
2414,14,Yes,Yes,Susceptible
2415,71,Yes,No,Susceptible
2416,86,No,No,Susceptible
2417,5,No,Yes,Susceptible
2418,55,No,No,Exposed
2419,2,Yes,No,Susceptible
2420,62,No,Yes,Susceptible
2421,21,Yes,No,Susceptible
2422,79,No,Yes,Susceptible
2423,21,No,No,Susceptible
2424,10,Yes,Yes,Susceptible
2425,87,Yes,No,Susceptible
2426,58,Yes,Yes,Susceptible
2427,39,Yes,Yes,Susceptible
2428,5,No,Yes,Susceptible
2429,65,No,Yes,Susceptible
2430,13,Yes,Yes,Susceptible
2431,85,Yes,Yes,Susceptible
2432,85,Yes,No,Susceptible
2433,53,Yes,Yes,Susceptible
2434,82,Yes,Yes,Susceptible
2435,45,No,Yes,Susceptible
2436,32,Yes,No,Susceptible
2437,36,Yes,Yes,Susceptible
2438,81,Yes,Yes,Susceptible
2439,60,Yes,Yes,Susceptible
2440,11,Yes,Yes,Susceptible
2441,63,Yes,No,Susceptible
2442,21,Yes,Yes,Susceptible
2443,52,No,Yes,Susceptible
2444,55,No,No,Susceptible
2445,26,Yes,Yes,Susceptible
2446,68,Yes,No,Susceptible
2447,34,Yes,No,Susceptible
2448,52,No,Yes,Susceptible
2449,82,No,Yes,Exposed
2450,52,No,Yes,Susceptible
2451,29,No,No,Susceptible
2452,38,Yes,Yes,Recovered
2453,42,Yes,Yes,Infectious
2454,21,No,Yes,Susceptible
2455,42,No,No,Susceptible
2456,13,Yes,No,Susceptible
2457,64,Yes,Yes,Susceptible
2458,17,Yes,No,Susceptible
2459,9,Yes,Yes,Susceptible
2460,41,Yes,No,Susceptible
2461,1,Yes,Yes,Infectious
2462,2,No,Yes,Susceptible
2463,60,Yes,No,Susceptible
2464,48,No,No,Susceptible
2465,29,Yes,No,Susceptible
2466,10,Yes,Yes,Susceptible
2467,58,Yes,Yes,Susceptible
2468,60,Yes,Yes,Susceptible
2469,21,No,Yes,Susceptible
2470,28,Yes,Yes,Recovered
2471,75,Yes,No,Susceptible
2472,34,Yes,No,Susceptible
2473,8,Yes,No,Susceptible
2474,59,Yes,Yes,Susceptible
2475,86,Yes,Yes,Susceptible
2476,72,No,Yes,Susceptible
2477,49,Yes,Yes,Susceptible
2478,79,No,Yes,Susceptible
2479,17,Yes,Yes,Recovered
2480,60,Yes,Yes,Infectious
2481,87,No,Yes,Susceptible
2482,88,Yes,No,Susceptible
2483,45,Yes,No,Infectious
2484,83,No,Yes,Susceptible
2485,69,Yes,Yes,Susceptible
2486,32,No,No,Susceptible
2487,44,Yes,No,Susceptible
2488,65,Yes,Yes,Susceptible
2489,87,Yes,Yes,Susceptible
2490,8,Yes,Yes,Recovered
2491,77,No,No,Susceptible
2492,72,Yes,No,Susceptible
2493,87,Yes,Yes,Susceptible
2494,43,Yes,No,Susceptible
2495,1,No,No,Susceptible
2496,51,Yes,No,Susceptible
2497,24,Yes,Yes,Susceptible
2498,24,Yes,No,Susceptible
2499,17,Yes,Yes,Susceptible
2500,5,Yes,Yes,Susceptible
2501,20,Yes,Yes,Exposed
2502,21,Yes,Yes,Susceptible
2503,58,Yes,No,Susceptible
2504,31,Yes,No,Recovered
2505,11,No,Yes,Susceptible
2506,52,Yes,Yes,Susceptible
2507,15,Yes,No,Susceptible
2508,83,Yes,No,Susceptible
2509,7,No,No,Susceptible
2510,28,Yes,No,Susceptible
2511,51,Yes,No,Susceptible
2512,58,No,No,Susceptible
2513,5,No,Yes,Susceptible
2514,5,Yes,No,Susceptible
2515,8,Yes,Yes,Susceptible
2516,64,Yes,Yes,Exposed
2517,10,Yes,No,Susceptible
2518,38,Yes,No,Susceptible
2519,81,Yes,Yes,Recovered
2520,8,Yes,No,Susceptible
2521,25,Yes,No,Susceptible
2522,73,No,Yes,Susceptible
2523,66,Yes,Yes,Susceptible
2524,79,No,Yes,Susceptible
2525,50,Yes,Yes,Susceptible
2526,67,Yes,No,Susceptible
2527,49,No,Yes,Susceptible
2528,36,Yes,Yes,Susceptible
2529,68,Yes,Yes,Susceptible
2530,78,Yes,No,Recovered
2531,41,Yes,No,Susceptible
2532,89,Yes,No,Susceptible
2533,62,Yes,Yes,Susceptible
2534,10,Yes,Yes,Susceptible
2535,21,Yes,No,Susceptible
2536,36,No,Yes,Susceptible
2537,12,Yes,No,Susceptible
2538,2,No,Yes,Susceptible
2539,13,Yes,Yes,Susceptible
2540,53,Yes,Yes,Susceptible
2541,32,No,Yes,Susceptible
2542,16,Yes,Yes,Infectious
2543,32,No,Yes,Susceptible
2544,32,Yes,No,Susceptible
2545,11,No,Yes,Susceptible
2546,10,Yes,No,Susceptible
2547,15,Yes,Yes,Susceptible
2548,17,No,No,Infectious
2549,40,Yes,Yes,Susceptible
2550,18,Yes,Yes,Susceptible
2551,55,Yes,No,Susceptible
2552,73,Yes,No,Susceptible
2553,25,No,No,Susceptible
2554,59,No,Yes,Susceptible
2555,78,No,No,Susceptible
2556,89,Yes,Yes,Susceptible
2557,22,No,Yes,Susceptible
2558,30,No,No,Susceptible
2559,84,Yes,Yes,Susceptible
2560,85,Yes,Yes,Susceptible
2561,44,Yes,No,Susceptible
2562,32,Yes,Yes,Susceptible
2563,51,Yes,Yes,Exposed
2564,46,Yes,Yes,Recovered
2565,21,Yes,Yes,Susceptible
2566,32,Yes,No,Susceptible
2567,39,No,No,Infectious
2568,12,Yes,Yes,Susceptible
2569,47,No,Yes,Susceptible
2570,18,No,Yes,Susceptible
2571,21,No,Yes,Susceptible
2572,13,No,No,Susceptible
2573,21,Yes,No,Susceptible
2574,8,Yes,Yes,Infectious
2575,46,Yes,No,Susceptible
2576,7,Yes,No,Recovered
2577,23,Yes,No,Exposed
2578,75,Yes,Yes,Susceptible
2579,86,Yes,No,Susceptible
2580,22,Yes,Yes,Exposed
2581,89,Yes,Yes,Exposed
2582,22,Yes,Yes,Susceptible
2583,29,No,Yes,Susceptible
2584,13,No,Yes,Susceptible
2585,82,Yes,Yes,Susceptible
2586,2,Yes,Yes,Susceptible
2587,29,No,Yes,Susceptible
2588,85,Yes,Yes,Exposed
2589,79,No,No,Susceptible
2590,52,Yes,Yes,Susceptible
2591,27,Yes,Yes,Susceptible
2592,50,No,No,Recovered
2593,79,No,Yes,Susceptible
2594,23,No,Yes,Susceptible
2595,88,Yes,No,Susceptible
2596,44,No,No,Susceptible
2597,77,Yes,Yes,Susceptible
2598,22,Yes,Yes,Susceptible
2599,43,Yes,No,Susceptible
2600,37,No,No,Exposed
2601,61,No,No,Exposed
2602,56,Yes,Yes,Susceptible
2603,3,No,No,Infectious
2604,63,Yes,No,Susceptible
2605,19,Yes,No,Recovered
2606,23,Yes,No,Susceptible
2607,29,No,No,Susceptible
2608,30,Yes,Yes,Susceptible
2609,39,Yes,No,Susceptible
2610,25,Yes,Yes,Susceptible
2611,8,Yes,No,Susceptible
2612,58,Yes,Yes,Susceptible
2613,16,No,No,Susceptible
2614,72,No,No,Exposed
2615,1,Yes,No,Susceptible
2616,5,Yes,Yes,Susceptible
2617,3,Yes,Yes,Susceptible
2618,65,No,No,Susceptible
2619,4,Yes,No,Susceptible
2620,64,Yes,No,Susceptible
2621,89,Yes,Yes,Susceptible
2622,10,No,No,Susceptible
2623,21,Yes,No,Susceptible
2624,46,No,No,Susceptible
2625,27,Yes,Yes,Susceptible
2626,66,Yes,Yes,Susceptible
2627,41,Yes,Yes,Susceptible
2628,13,Yes,No,Susceptible
2629,9,Yes,No,Susceptible
2630,36,No,Yes,Susceptible
2631,86,Yes,No,Susceptible
2632,58,No,No,Exposed
2633,54,Yes,Yes,Susceptible
2634,12,No,No,Recovered
2635,81,Yes,No,Exposed
2636,78,Yes,Yes,Susceptible
2637,14,Yes,No,Susceptible
2638,34,No,Yes,Susceptible
2639,53,Yes,No,Exposed
2640,20,No,Yes,Susceptible
2641,75,No,No,Susceptible
2642,16,No,Yes,Susceptible
2643,70,Yes,Yes,Susceptible
2644,56,No,Yes,Susceptible
2645,83,Yes,Yes,Susceptible
2646,58,Yes,Yes,Susceptible
2647,4,Yes,Yes,Susceptible
2648,4,Yes,No,Susceptible
2649,20,No,No,Susceptible
2650,10,No,No,Susceptible
2651,24,Yes,Yes,Susceptible
2652,26,Yes,Yes,Susceptible
2653,37,No,Yes,Susceptible
2654,85,Yes,Yes,Susceptible
2655,54,Yes,No,Susceptible
2656,21,Yes,No,Susceptible
2657,74,Yes,No,Susceptible
2658,38,Yes,No,Susceptible
2659,46,Yes,Yes,Susceptible
2660,4,No,No,Susceptible
2661,60,Yes,Yes,Recovered
2662,57,Yes,Yes,Exposed
2663,45,Yes,No,Susceptible
2664,20,Yes,Yes,Exposed
2665,17,Yes,No,Susceptible
2666,71,No,Yes,Susceptible
2667,4,No,No,Susceptible
2668,14,Yes,No,Susceptible
2669,3,Yes,Yes,Susceptible
2670,88,No,Yes,Recovered
2671,80,Yes,Yes,Susceptible
2672,58,Yes,No,Exposed
2673,55,Yes,No,Susceptible
2674,4,No,Yes,Susceptible
2675,24,Yes,No,Susceptible
2676,34,Yes,Yes,Susceptible
2677,30,Yes,Yes,Susceptible
2678,82,Yes,Yes,Susceptible
2679,19,No,No,Recovered
2680,31,Yes,Yes,Susceptible
2681,60,Yes,Yes,Recovered
2682,60,Yes,Yes,Susceptible
2683,19,Yes,No,Infectious
2684,49,Yes,Yes,Susceptible
2685,63,Yes,No,Susceptible
2686,83,No,Yes,Susceptible
2687,22,Yes,No,Susceptible
2688,24,Yes,Yes,Recovered
2689,76,Yes,Yes,Susceptible
2690,30,Yes,Yes,Recovered
2691,58,Yes,Yes,Susceptible
2692,31,Yes,Yes,Exposed
2693,64,Yes,No,Exposed
2694,19,No,No,Susceptible
2695,48,Yes,No,Susceptible
2696,45,Yes,Yes,Susceptible
2697,55,Yes,Yes,Infectious
2698,55,Yes,No,Susceptible
2699,18,Yes,No,Susceptible
2700,63,Yes,No,Recovered
2701,47,No,No,Susceptible
2702,75,No,No,Recovered
2703,57,Yes,Yes,Susceptible
2704,45,Yes,No,Susceptible
2705,33,Yes,No,Recovered
2706,17,Yes,No,Recovered
2707,70,Yes,Yes,Susceptible
2708,4,Yes,No,Infectious
2709,20,No,No,Susceptible
2710,47,Yes,No,Susceptible
2711,15,Yes,Yes,Exposed
2712,70,Yes,Yes,Susceptible
2713,47,Yes,Yes,Susceptible
2714,78,Yes,No,Susceptible
2715,75,Yes,Yes,Susceptible
2716,9,Yes,Yes,Susceptible
2717,16,Yes,No,Susceptible
2718,69,Yes,Yes,Susceptible
2719,61,No,No,Susceptible
2720,10,Yes,No,Susceptible
2721,50,Yes,No,Susceptible
2722,3,Yes,Yes,Susceptible
2723,77,No,No,Susceptible
2724,70,Yes,No,Susceptible
2725,81,Yes,Yes,Susceptible
2726,51,No,Yes,Exposed
2727,19,Yes,Yes,Infectious
2728,42,No,Yes,Susceptible
2729,35,Yes,No,Susceptible
2730,46,No,No,Exposed
2731,26,Yes,Yes,Susceptible
2732,69,Yes,Yes,Susceptible
2733,64,Yes,No,Susceptible
2734,37,No,Yes,Susceptible
2735,84,No,No,Susceptible
2736,49,Yes,Yes,Susceptible
2737,21,No,Yes,Susceptible
2738,74,Yes,Yes,Infectious
2739,64,Yes,Yes,Susceptible
2740,5,Yes,Yes,Infectious
2741,70,Yes,No,Susceptible
2742,4,No,Yes,Susceptible
2743,39,Yes,Yes,Recovered
2744,35,Yes,Yes,Susceptible
2745,1,Yes,Yes,Susceptible
2746,24,Yes,No,Susceptible
2747,57,Yes,Yes,Exposed
2748,70,No,Yes,Susceptible
2749,41,Yes,Yes,Susceptible
2750,54,Yes,No,Exposed
2751,46,Yes,Yes,Susceptible
2752,60,No,Yes,Infectious
2753,60,Yes,No,Susceptible
2754,57,No,Yes,Susceptible
2755,31,Yes,No,Susceptible
2756,84,Yes,No,Susceptible
2757,24,Yes,Yes,Susceptible
2758,89,Yes,Yes,Susceptible
2759,36,Yes,Yes,Susceptible
2760,85,Yes,Yes,Exposed
2761,30,Yes,Yes,Susceptible
2762,24,Yes,Yes,Susceptible
2763,30,No,Yes,Susceptible
2764,86,Yes,No,Exposed
2765,7,Yes,Yes,Susceptible
2766,35,No,Yes,Susceptible
2767,55,Yes,Yes,Susceptible
2768,14,Yes,No,Susceptible
2769,10,Yes,No,Exposed
2770,80,Yes,No,Susceptible
2771,16,Yes,Yes,Susceptible
2772,54,Yes,No,Susceptible
2773,89,Yes,Yes,Susceptible
2774,77,No,Yes,Recovered
2775,70,Yes,No,Susceptible
2776,44,No,No,Susceptible
2777,73,Yes,Yes,Susceptible
2778,45,Yes,Yes,Susceptible
2779,56,No,No,Susceptible
2780,84,Yes,Yes,Susceptible
2781,82,Yes,No,Susceptible
2782,57,No,Yes,Susceptible
2783,21,Yes,Yes,Susceptible
2784,68,No,Yes,Exposed
2785,50,No,Yes,Susceptible
2786,33,No,Yes,Susceptible
2787,7,Yes,Yes,Exposed
2788,70,Yes,No,Infectious
2789,15,Yes,No,Infectious
2790,82,Yes,Yes,Susceptible
2791,32,Yes,No,Infectious
2792,75,No,Yes,Susceptible
2793,20,Yes,No,Exposed
2794,88,Yes,Yes,Susceptible
2795,15,Yes,Yes,Susceptible
2796,48,Yes,Yes,Susceptible
2797,71,Yes,No,Recovered
2798,21,Yes,No,Susceptible
2799,42,Yes,No,Susceptible
2800,26,Yes,No,Susceptible
2801,14,Yes,No,Susceptible
2802,57,No,No,Susceptible
2803,37,Yes,Yes,Susceptible
2804,58,Yes,Yes,Susceptible
2805,21,Yes,No,Susceptible
2806,82,No,No,Susceptible
2807,69,No,No,Susceptible
2808,3,Yes,No,Susceptible
2809,87,Yes,Yes,Susceptible
2810,37,Yes,No,Infectious
2811,88,No,No,Susceptible
2812,49,Yes,No,Infectious
2813,19,Yes,No,Susceptible
2814,89,Yes,No,Susceptible
2815,85,Yes,No,Recovered
2816,12,Yes,Yes,Susceptible
2817,61,Yes,Yes,Exposed
2818,41,No,Yes,Susceptible
2819,33,Yes,Yes,Susceptible
2820,50,Yes,No,Susceptible
2821,68,No,No,Susceptible
2822,71,Yes,Yes,Susceptible
2823,86,Yes,Yes,Susceptible
2824,33,No,Yes,Susceptible
2825,81,Yes,No,Susceptible
2826,24,Yes,Yes,Susceptible
2827,61,Yes,Yes,Recovered
2828,61,Yes,No,Susceptible
2829,28,Yes,Yes,Susceptible
2830,58,No,No,Susceptible
2831,43,Yes,No,Susceptible
2832,41,No,No,Susceptible
2833,39,Yes,No,Susceptible
2834,86,No,Yes,Susceptible
2835,49,Yes,No,Susceptible
2836,17,Yes,No,Susceptible
2837,70,Yes,Yes,Susceptible
2838,70,Yes,No,Susceptible
2839,65,Yes,Yes,Susceptible
2840,74,No,No,Susceptible
2841,85,Yes,No,Susceptible
2842,5,No,No,Susceptible
2843,2,Yes,No,Susceptible
2844,22,No,No,Recovered
2845,57,Yes,Yes,Susceptible
2846,66,No,Yes,Susceptible
2847,74,No,No,Susceptible
2848,16,Yes,No,Susceptible
2849,51,No,Yes,Susceptible
2850,39,Yes,No,Exposed
2851,86,Yes,No,Exposed
2852,76,Yes,No,Susceptible
2853,88,Yes,Yes,Susceptible
2854,40,No,Yes,Susceptible
2855,38,Yes,Yes,Susceptible
2856,60,No,Yes,Susceptible
2857,59,Yes,Yes,Susceptible
2858,10,No,No,Recovered
2859,64,Yes,Yes,Susceptible
2860,63,No,Yes,Susceptible
2861,49,Yes,No,Susceptible
2862,64,Yes,Yes,Susceptible
2863,32,No,No,Susceptible
2864,7,No,No,Susceptible
2865,21,No,No,Susceptible
2866,20,No,No,Susceptible
2867,26,Yes,Yes,Susceptible
2868,68,Yes,No,Susceptible
2869,86,Yes,Yes,Susceptible
2870,15,No,No,Susceptible
2871,85,Yes,No,Susceptible
2872,79,No,No,Susceptible
2873,86,No,Yes,Susceptible
2874,14,Yes,Yes,Exposed
2875,27,Yes,No,Susceptible
2876,40,No,No,Susceptible
2877,58,No,No,Susceptible
2878,28,Yes,Yes,Susceptible
2879,26,No,Yes,Susceptible
2880,63,No,No,Susceptible
2881,66,Yes,No,Susceptible
2882,25,Yes,Yes,Susceptible
2883,3,No,Yes,Susceptible
2884,72,No,No,Susceptible
2885,44,Yes,No,Susceptible
2886,42,Yes,No,Recovered
2887,6,Yes,No,Susceptible
2888,39,Yes,No,Susceptible
2889,52,No,Yes,Recovered
2890,23,No,Yes,Susceptible
2891,89,No,No,Susceptible
2892,50,Yes,Yes,Susceptible
2893,43,Yes,Yes,Susceptible
2894,19,No,Yes,Susceptible
2895,69,No,No,Susceptible
2896,51,Yes,No,Susceptible
2897,11,Yes,Yes,Susceptible
2898,12,Yes,Yes,Susceptible
2899,74,No,No,Susceptible
2900,8,Yes,Yes,Susceptible
2901,24,No,Yes,Susceptible
2902,41,Yes,No,Susceptible
2903,36,Yes,No,Susceptible
2904,85,Yes,Yes,Susceptible
2905,72,No,No,Susceptible
2906,55,Yes,Yes,Susceptible
2907,9,No,No,Susceptible
2908,47,Yes,No,Susceptible
2909,15,Yes,Yes,Recovered
2910,48,No,No,Susceptible
2911,82,Yes,No,Susceptible
2912,42,No,No,Infectious
2913,60,Yes,Yes,Susceptible
2914,84,Yes,Yes,Susceptible
2915,70,No,Yes,Recovered
2916,12,Yes,Yes,Susceptible
2917,2,No,No,Susceptible
2918,7,No,Yes,Susceptible
2919,80,Yes,Yes,Susceptible
2920,3,Yes,Yes,Exposed
2921,3,Yes,No,Susceptible
2922,27,Yes,Yes,Susceptible
2923,40,Yes,Yes,Susceptible
2924,33,Yes,Yes,Infectious
2925,1,Yes,Yes,Susceptible
2926,8,Yes,Yes,Infectious
2927,32,Yes,Yes,Exposed
2928,48,Yes,No,Recovered
2929,4,Yes,Yes,Susceptible
2930,70,Yes,Yes,Susceptible
2931,19,Yes,Yes,Susceptible
2932,32,Yes,Yes,Susceptible
2933,9,Yes,Yes,Susceptible
2934,12,Yes,No,Susceptible
2935,11,Yes,Yes,Susceptible
2936,46,Yes,Yes,Susceptible
2937,16,Yes,Yes,Susceptible
2938,1,No,No,Susceptible
2939,63,Yes,Yes,Infectious
2940,21,Yes,Yes,Recovered
2941,30,Yes,Yes,Susceptible
2942,13,Yes,No,Susceptible
2943,34,Yes,Yes,Susceptible
2944,4,Yes,Yes,Susceptible
2945,28,Yes,Yes,Susceptible
2946,59,Yes,No,Susceptible
2947,27,Yes,Yes,Susceptible
2948,69,Yes,Yes,Susceptible
2949,25,No,Yes,Susceptible
2950,3,Yes,No,Susceptible
2951,68,Yes,No,Susceptible
2952,25,No,No,Susceptible
2953,20,Yes,No,Recovered
2954,34,No,No,Susceptible
2955,26,Yes,Yes,Susceptible
2956,5,No,Yes,Susceptible
2957,61,Yes,No,Recovered
2958,9,Yes,No,Infectious
2959,50,No,Yes,Susceptible
2960,6,Yes,Yes,Susceptible
2961,83,Yes,Yes,Exposed
2962,60,Yes,Yes,Susceptible
2963,44,No,No,Susceptible
2964,11,No,Yes,Infectious
2965,66,Yes,Yes,Susceptible
2966,47,Yes,Yes,Recovered
2967,73,Yes,No,Susceptible
2968,85,Yes,Yes,Susceptible
2969,88,Yes,Yes,Susceptible
2970,86,Yes,Yes,Susceptible
2971,3,No,No,Susceptible
2972,76,Yes,No,Exposed
2973,30,Yes,Yes,Susceptible
2974,21,Yes,No,Susceptible
2975,28,No,No,Exposed
2976,62,No,Yes,Susceptible
2977,33,Yes,Yes,Susceptible
2978,85,Yes,No,Susceptible
2979,35,Yes,No,Susceptible
2980,52,Yes,Yes,Susceptible
2981,34,Yes,No,Recovered
2982,41,Yes,No,Susceptible
2983,51,Yes,No,Infectious
2984,47,Yes,No,Exposed
2985,82,No,No,Exposed
2986,58,Yes,No,Susceptible
2987,75,Yes,No,Susceptible
2988,57,Yes,No,Susceptible
2989,23,No,No,Susceptible
2990,48,Yes,Yes,Susceptible
2991,22,Yes,No,Susceptible
2992,17,Yes,Yes,Susceptible
2993,69,No,Yes,Infectious
2994,11,Yes,Yes,Susceptible
2995,15,No,No,Susceptible
2996,35,Yes,No,Susceptible
2997,33,Yes,No,Susceptible
2998,84,Yes,No,Infectious
2999,16,Yes,No,Susceptible
3000,34,Yes,No,Susceptible
3001,66,Yes,No,Susceptible
3002,40,Yes,No,Susceptible
3003,28,Yes,Yes,Recovered
3004,47,Yes,No,Recovered
3005,39,Yes,No,Susceptible
3006,70,No,Yes,Susceptible
3007,73,Yes,Yes,Susceptible
3008,20,No,Yes,Susceptible
3009,1,Yes,Yes,Susceptible
3010,72,Yes,Yes,Susceptible
3011,87,Yes,Yes,Exposed
3012,63,No,Yes,Susceptible
3013,67,No,No,Susceptible
3014,4,Yes,No,Susceptible
3015,58,No,Yes,Susceptible
3016,25,No,No,Recovered
3017,47,Yes,No,Susceptible
3018,38,Yes,No,Susceptible
3019,15,Yes,Yes,Susceptible
3020,63,No,No,Susceptible
3021,21,Yes,No,Exposed
3022,57,Yes,Yes,Susceptible
3023,53,No,No,Susceptible
3024,46,No,Yes,Susceptible
3025,14,Yes,No,Susceptible
3026,76,Yes,No,Susceptible
3027,17,Yes,No,Susceptible
3028,39,Yes,No,Susceptible
3029,9,Yes,No,Susceptible
3030,77,No,No,Recovered
3031,79,Yes,No,Susceptible
3032,82,Yes,No,Susceptible
3033,6,Yes,No,Susceptible
3034,23,Yes,No,Susceptible
3035,59,Yes,No,Susceptible
3036,46,Yes,Yes,Susceptible
3037,38,No,No,Exposed
3038,14,Yes,No,Susceptible
3039,72,No,No,Susceptible
3040,62,Yes,No,Susceptible
3041,35,Yes,Yes,Susceptible
3042,19,Yes,No,Susceptible
3043,30,Yes,Yes,Susceptible
3044,78,Yes,Yes,Susceptible
3045,84,Yes,Yes,Susceptible
3046,25,Yes,Yes,Infectious
3047,40,No,Yes,Susceptible
3048,88,No,Yes,Exposed
3049,14,No,No,Susceptible
3050,26,Yes,No,Susceptible
3051,87,No,Yes,Susceptible
3052,22,No,Yes,Susceptible
3053,48,Yes,Yes,Susceptible
3054,83,Yes,No,Recovered
3055,51,Yes,No,Susceptible
3056,3,Yes,No,Susceptible
3057,42,No,No,Susceptible
3058,19,Yes,Yes,Susceptible
3059,73,Yes,No,Susceptible
3060,28,Yes,Yes,Susceptible
3061,84,No,Yes,Susceptible
3062,45,Yes,No,Susceptible
3063,71,Yes,Yes,Recovered
3064,78,Yes,Yes,Susceptible
3065,63,Yes,Yes,Susceptible
3066,73,Yes,Yes,Susceptible
3067,19,No,No,Susceptible
3068,47,No,Yes,Susceptible
3069,14,Yes,Yes,Susceptible
3070,38,No,No,Susceptible
3071,53,Yes,Yes,Susceptible
3072,61,Yes,No,Infectious
3073,36,No,No,Susceptible
3074,40,Yes,Yes,Susceptible
3075,81,Yes,No,Exposed
3076,30,Yes,Yes,Susceptible
3077,9,No,No,Susceptible
3078,64,Yes,No,Susceptible
3079,33,No,No,Susceptible
3080,52,Yes,Yes,Susceptible
3081,89,No,Yes,Susceptible
3082,14,Yes,Yes,Susceptible
3083,75,No,Yes,Susceptible
3084,53,Yes,No,Susceptible
3085,59,Yes,No,Susceptible
3086,78,Yes,No,Susceptible
3087,41,No,No,Susceptible
3088,68,Yes,No,Recovered
3089,68,No,No,Susceptible
3090,8,Yes,Yes,Susceptible
3091,2,No,Yes,Susceptible
3092,86,No,Yes,Susceptible
3093,41,Yes,Yes,Susceptible
3094,55,No,No,Susceptible
3095,16,Yes,Yes,Susceptible
3096,62,Yes,No,Susceptible
3097,48,Yes,Yes,Susceptible
3098,30,Yes,Yes,Recovered
3099,12,Yes,Yes,Susceptible
3100,35,No,Yes,Susceptible
3101,11,Yes,No,Susceptible
3102,64,No,Yes,Recovered
3103,50,Yes,Yes,Susceptible
3104,85,No,Yes,Susceptible
3105,21,Yes,No,Infectious
3106,69,No,No,Susceptible
3107,48,Yes,Yes,Recovered
3108,20,Yes,No,Susceptible
3109,67,Yes,Yes,Susceptible
3110,44,No,Yes,Susceptible
3111,33,Yes,No,Susceptible
3112,73,Yes,Yes,Susceptible
3113,61,Yes,No,Susceptible
3114,9,No,No,Susceptible
3115,68,Yes,Yes,Susceptible
3116,35,Yes,Yes,Susceptible
3117,81,Yes,Yes,Susceptible
3118,88,Yes,No,Susceptible
3119,65,No,Yes,Susceptible
3120,8,No,No,Susceptible
3121,45,No,No,Exposed
3122,87,No,No,Susceptible
3123,47,No,No,Susceptible
3124,40,No,No,Susceptible
3125,76,Yes,Yes,Susceptible
3126,54,Yes,Yes,Susceptible
3127,76,Yes,No,Susceptible
3128,46,No,No,Susceptible
3129,47,Yes,No,Susceptible
3130,15,Yes,Yes,Susceptible
3131,19,Yes,No,Infectious
3132,26,Yes,No,Susceptible
3133,52,Yes,No,Susceptible
3134,22,No,No,Susceptible
3135,21,Yes,Yes,Susceptible
3136,51,No,Yes,Susceptible
3137,38,No,No,Susceptible
3138,20,No,Yes,Susceptible
3139,29,Yes,No,Susceptible
3140,51,No,Yes,Susceptible
3141,4,Yes,Yes,Susceptible
3142,55,Yes,No,Susceptible
3143,71,Yes,No,Susceptible
3144,28,No,No,Susceptible
3145,4,Yes,No,Susceptible
3146,22,No,Yes,Susceptible
3147,76,Yes,Yes,Exposed
3148,45,Yes,No,Susceptible
3149,67,Yes,No,Susceptible
3150,86,Yes,No,Susceptible
3151,66,No,Yes,Susceptible
3152,88,Yes,No,Recovered
3153,34,Yes,Yes,Susceptible
3154,55,No,No,Susceptible
3155,1,Yes,No,Susceptible
3156,72,Yes,Yes,Susceptible
3157,87,No,Yes,Recovered
3158,38,No,No,Susceptible
3159,6,Yes,No,Recovered
3160,86,Yes,Yes,Infectious
3161,25,Yes,No,Susceptible
3162,82,Yes,No,Susceptible
3163,17,Yes,Yes,Susceptible
3164,61,Yes,No,Susceptible
3165,12,Yes,Yes,Susceptible
3166,6,Yes,Yes,Susceptible
3167,27,Yes,Yes,Infectious
3168,8,No,Yes,Susceptible
3169,83,Yes,Yes,Susceptible
3170,65,Yes,Yes,Susceptible
3171,57,Yes,No,Susceptible
3172,40,No,Yes,Susceptible
3173,14,Yes,No,Susceptible
3174,35,No,No,Susceptible
3175,48,Yes,Yes,Susceptible
3176,84,No,Yes,Infectious
3177,56,Yes,No,Susceptible
3178,49,No,No,Susceptible
3179,13,Yes,No,Susceptible
3180,61,Yes,No,Susceptible
3181,49,Yes,Yes,Susceptible
3182,46,Yes,Yes,Susceptible
3183,62,Yes,Yes,Susceptible
3184,8,Yes,No,Susceptible
3185,43,Yes,No,Susceptible
3186,20,Yes,Yes,Susceptible
3187,39,No,Yes,Susceptible
3188,85,Yes,No,Susceptible
3189,49,No,No,Exposed
3190,64,Yes,No,Susceptible
3191,62,Yes,Yes,Susceptible
3192,54,Yes,No,Susceptible
3193,9,Yes,Yes,Susceptible
3194,88,Yes,Yes,Recovered
3195,37,No,No,Susceptible
3196,49,Yes,Yes,Susceptible
3197,41,Yes,Yes,Susceptible
3198,17,Yes,Yes,Susceptible
3199,88,Yes,Yes,Susceptible
3200,21,Yes,Yes,Susceptible
3201,51,Yes,No,Susceptible
3202,59,No,Yes,Infectious
3203,39,Yes,Yes,Susceptible
3204,55,No,Yes,Susceptible
3205,41,Yes,Yes,Susceptible
3206,39,Yes,No,Susceptible
3207,13,Yes,Yes,Susceptible
3208,64,Yes,Yes,Infectious
3209,11,Yes,No,Susceptible
3210,19,No,No,Susceptible
3211,11,Yes,Yes,Susceptible
3212,77,Yes,Yes,Exposed
3213,46,No,No,Susceptible
3214,45,No,No,Infectious
3215,1,Yes,Yes,Susceptible
3216,40,Yes,No,Susceptible
3217,19,Yes,No,Susceptible
3218,76,Yes,Yes,Susceptible
3219,72,Yes,No,Infectious
3220,72,Yes,No,Susceptible
3221,61,No,No,Susceptible
3222,12,Yes,No,Susceptible
3223,61,Yes,No,Susceptible
3224,33,Yes,No,Susceptible
3225,45,Yes,No,Susceptible
3226,69,No,No,Susceptible
3227,8,Yes,No,Susceptible
3228,25,No,No,Susceptible
3229,46,No,Yes,Susceptible
3230,87,Yes,No,Susceptible
3231,30,No,No,Susceptible
3232,47,Yes,No,Susceptible
3233,87,Yes,Yes,Susceptible
3234,49,Yes,Yes,Recovered
3235,47,Yes,Yes,Susceptible
3236,84,Yes,Yes,Susceptible
3237,82,No,Yes,Susceptible
3238,18,No,Yes,Susceptible
3239,66,Yes,Yes,Susceptible
3240,68,Yes,No,Susceptible
3241,33,No,No,Susceptible
3242,36,No,Yes,Susceptible
3243,82,Yes,Yes,Susceptible
3244,19,Yes,Yes,Recovered
3245,28,No,No,Susceptible
3246,40,Yes,Yes,Susceptible
3247,84,Yes,Yes,Susceptible
3248,76,No,Yes,Exposed
3249,15,Yes,Yes,Susceptible
3250,41,Yes,No,Susceptible
3251,39,No,Yes,Susceptible
3252,2,No,No,Exposed
3253,63,Yes,No,Susceptible
3254,29,No,No,Susceptible
3255,74,No,Yes,Susceptible
3256,66,Yes,No,Susceptible
3257,51,Yes,No,Susceptible
3258,75,Yes,No,Susceptible
3259,77,Yes,No,Recovered
3260,10,No,Yes,Recovered
3261,14,No,No,Susceptible
3262,82,No,Yes,Susceptible
3263,51,Yes,No,Susceptible
3264,73,No,Yes,Susceptible
3265,39,No,Yes,Susceptible
3266,28,No,No,Susceptible
3267,3,No,No,Susceptible
3268,84,Yes,Yes,Susceptible
3269,70,Yes,Yes,Susceptible
3270,27,Yes,No,Susceptible
3271,2,No,Yes,Susceptible
3272,38,Yes,Yes,Susceptible
3273,3,Yes,Yes,Susceptible
3274,16,Yes,Yes,Susceptible
3275,40,No,Yes,Susceptible
3276,2,Yes,No,Susceptible
3277,81,Yes,Yes,Susceptible
3278,41,Yes,No,Susceptible
3279,12,Yes,No,Susceptible
3280,35,Yes,Yes,Susceptible
3281,65,Yes,Yes,Susceptible
3282,55,Yes,Yes,Susceptible
3283,45,No,No,Susceptible
3284,79,Yes,No,Susceptible
3285,85,Yes,Yes,Susceptible
3286,62,Yes,No,Susceptible
3287,49,No,Yes,Susceptible
3288,25,Yes,Yes,Susceptible
3289,23,No,Yes,Susceptible
3290,24,No,No,Susceptible
3291,38,Yes,No,Susceptible
3292,28,Yes,Yes,Exposed
3293,21,No,No,Susceptible
3294,54,Yes,Yes,Susceptible
3295,18,Yes,No,Susceptible
3296,36,Yes,No,Exposed
3297,45,No,No,Susceptible
3298,73,Yes,Yes,Susceptible
3299,53,Yes,Yes,Susceptible
3300,30,Yes,Yes,Recovered
3301,60,Yes,No,Susceptible
3302,32,No,Yes,Susceptible
3303,67,Yes,Yes,Susceptible
3304,67,Yes,No,Susceptible
3305,28,Yes,No,Susceptible
3306,44,Yes,No,Susceptible
3307,79,Yes,No,Susceptible
3308,41,Yes,Yes,Susceptible
3309,63,No,Yes,Susceptible
3310,23,Yes,No,Susceptible
3311,75,Yes,Yes,Susceptible
3312,48,No,Yes,Exposed
3313,32,Yes,No,Susceptible
3314,57,No,Yes,Susceptible
3315,33,No,No,Susceptible
3316,24,Yes,No,Susceptible
3317,39,No,Yes,Recovered
3318,34,Yes,No,Susceptible
3319,56,Yes,No,Susceptible
3320,28,Yes,Yes,Susceptible
3321,37,Yes,No,Susceptible
3322,7,No,Yes,Susceptible
3323,68,Yes,No,Susceptible
3324,37,Yes,No,Susceptible
3325,56,No,No,Susceptible
3326,65,No,No,Susceptible
3327,65,Yes,Yes,Susceptible
3328,47,No,Yes,Susceptible
3329,20,Yes,Yes,Susceptible
3330,19,Yes,No,Recovered
3331,29,Yes,No,Susceptible
3332,74,No,No,Susceptible
3333,60,No,No,Susceptible
3334,18,No,Yes,Susceptible
3335,35,No,No,Susceptible
3336,43,Yes,Yes,Susceptible
3337,11,No,No,Susceptible
3338,49,Yes,Yes,Susceptible
3339,38,Yes,Yes,Susceptible
3340,64,Yes,Yes,Susceptible
3341,69,Yes,No,Susceptible
3342,8,Yes,No,Susceptible
3343,34,No,Yes,Susceptible
3344,48,No,Yes,Infectious
3345,56,Yes,No,Susceptible
3346,76,Yes,No,Susceptible
3347,65,Yes,Yes,Susceptible
3348,31,Yes,No,Susceptible
3349,4,No,Yes,Susceptible
3350,50,Yes,No,Susceptible
3351,69,No,Yes,Susceptible
3352,30,No,No,Susceptible
3353,88,No,No,Susceptible
3354,59,Yes,Yes,Susceptible
3355,67,Yes,No,Susceptible
3356,75,Yes,Yes,Susceptible
3357,45,Yes,No,Susceptible
3358,4,Yes,No,Susceptible
3359,26,No,No,Susceptible
3360,27,Yes,No,Exposed
3361,46,Yes,Yes,Susceptible
3362,64,Yes,Yes,Susceptible
3363,51,Yes,Yes,Susceptible
3364,50,No,Yes,Susceptible
3365,6,No,Yes,Susceptible
3366,59,Yes,No,Susceptible
3367,15,Yes,Yes,Susceptible
3368,30,Yes,Yes,Susceptible
3369,42,No,Yes,Exposed
3370,37,No,Yes,Susceptible
3371,42,No,No,Susceptible
3372,35,Yes,Yes,Susceptible
3373,87,Yes,No,Susceptible
3374,6,Yes,Yes,Susceptible
3375,68,Yes,Yes,Infectious
3376,18,No,No,Susceptible
3377,73,Yes,No,Susceptible
3378,29,Yes,Yes,Susceptible
3379,77,Yes,Yes,Susceptible
3380,59,Yes,No,Susceptible
3381,47,Yes,No,Exposed
3382,17,Yes,No,Susceptible
3383,22,No,Yes,Exposed
3384,68,Yes,No,Susceptible
3385,69,Yes,No,Susceptible
3386,37,Yes,No,Susceptible
3387,49,Yes,No,Susceptible
3388,13,Yes,No,Infectious
3389,34,No,No,Susceptible
3390,86,Yes,Yes,Susceptible
3391,53,Yes,Yes,Susceptible
3392,87,No,No,Susceptible
3393,51,Yes,Yes,Susceptible
3394,3,Yes,Yes,Susceptible
3395,42,Yes,No,Susceptible
3396,32,Yes,Yes,Susceptible
3397,51,Yes,Yes,Susceptible
3398,85,Yes,Yes,Susceptible
3399,46,Yes,Yes,Susceptible
3400,21,Yes,No,Susceptible
3401,44,No,Yes,Susceptible
3402,11,Yes,No,Susceptible
3403,68,No,Yes,Susceptible
3404,1,Yes,No,Susceptible
3405,63,No,Yes,Infectious
3406,24,Yes,No,Susceptible
3407,13,No,No,Susceptible
3408,11,Yes,No,Susceptible
3409,51,No,Yes,Susceptible
3410,17,No,No,Infectious
3411,82,Yes,Yes,Susceptible
3412,86,Yes,No,Infectious
3413,24,No,No,Susceptible
3414,19,Yes,No,Recovered
3415,37,Yes,Yes,Susceptible
3416,85,No,Yes,Infectious
3417,8,No,Yes,Susceptible
3418,28,Yes,No,Susceptible
3419,5,Yes,No,Susceptible
3420,17,Yes,No,Recovered
3421,36,No,Yes,Susceptible
3422,19,Yes,No,Susceptible
3423,64,Yes,No,Susceptible
3424,11,Yes,Yes,Susceptible
3425,54,Yes,Yes,Susceptible
3426,45,No,Yes,Susceptible
3427,47,Yes,No,Susceptible
3428,12,Yes,No,Susceptible
3429,21,Yes,No,Susceptible
3430,11,Yes,No,Susceptible
3431,5,Yes,Yes,Susceptible
3432,81,Yes,Yes,Susceptible
3433,56,No,Yes,Susceptible
3434,20,Yes,No,Susceptible
3435,41,No,Yes,Susceptible
3436,46,No,Yes,Susceptible
3437,12,Yes,Yes,Recovered
3438,70,No,Yes,Susceptible
3439,17,No,Yes,Recovered
3440,19,No,Yes,Susceptible
3441,26,Yes,No,Susceptible
3442,48,No,Yes,Susceptible
3443,52,Yes,No,Susceptible
3444,70,Yes,Yes,Susceptible
3445,55,Yes,Yes,Infectious
3446,75,Yes,Yes,Susceptible
3447,33,Yes,No,Susceptible
3448,62,Yes,Yes,Infectious
3449,88,Yes,No,Susceptible
3450,23,No,No,Susceptible
3451,15,Yes,Yes,Susceptible
3452,27,Yes,Yes,Susceptible
3453,75,Yes,No,Recovered
3454,64,Yes,Yes,Susceptible
3455,81,Yes,No,Susceptible
3456,51,Yes,Yes,Susceptible
3457,53,Yes,Yes,Susceptible
3458,78,Yes,No,Susceptible
3459,82,Yes,Yes,Susceptible
3460,51,Yes,Yes,Susceptible
3461,47,Yes,Yes,Susceptible
3462,4,No,No,Susceptible
3463,7,Yes,Yes,Recovered
3464,35,Yes,No,Exposed
3465,48,No,No,Susceptible
3466,73,Yes,Yes,Susceptible
3467,72,No,No,Exposed
3468,45,Yes,No,Susceptible
3469,81,Yes,No,Susceptible
3470,81,Yes,Yes,Susceptible
3471,72,No,Yes,Susceptible
3472,19,No,Yes,Susceptible
3473,63,No,No,Susceptible
3474,38,Yes,Yes,Susceptible
3475,67,Yes,No,Susceptible
3476,59,Yes,Yes,Susceptible
3477,69,No,No,Susceptible
3478,13,Yes,No,Susceptible
3479,47,Yes,Yes,Susceptible
3480,61,No,Yes,Susceptible
3481,31,No,Yes,Susceptible
3482,80,Yes,Yes,Recovered
3483,22,No,Yes,Susceptible
3484,86,Yes,Yes,Susceptible
3485,43,Yes,Yes,Susceptible
3486,67,Yes,Yes,Susceptible
3487,54,Yes,Yes,Susceptible
3488,10,Yes,Yes,Susceptible
3489,42,Yes,Yes,Exposed
3490,64,Yes,Yes,Susceptible
3491,21,Yes,Yes,Susceptible
3492,80,No,Yes,Susceptible
3493,76,Yes,No,Exposed
3494,66,Yes,No,Susceptible
3495,41,No,Yes,Susceptible
3496,24,Yes,Yes,Susceptible
3497,35,Yes,Yes,Susceptible
3498,56,Yes,Yes,Exposed
3499,30,No,Yes,Susceptible
3500,57,Yes,No,Susceptible
3501,47,No,No,Susceptible
3502,35,Yes,Yes,Susceptible
3503,19,Yes,No,Susceptible
3504,8,Yes,No,Susceptible
3505,26,Yes,Yes,Susceptible
3506,71,Yes,No,Susceptible
3507,30,Yes,Yes,Susceptible
3508,7,Yes,Yes,Susceptible
3509,67,No,No,Susceptible
3510,65,No,Yes,Susceptible
3511,36,No,Yes,Susceptible
3512,25,Yes,No,Susceptible
3513,37,Yes,No,Susceptible
3514,1,No,Yes,Susceptible
3515,15,Yes,Yes,Susceptible
3516,37,Yes,Yes,Susceptible
3517,13,No,No,Susceptible
3518,8,No,Yes,Susceptible
3519,5,Yes,Yes,Recovered
3520,60,Yes,No,Susceptible
3521,73,Yes,No,Susceptible
3522,1,Yes,No,Susceptible
3523,36,Yes,Yes,Susceptible
3524,35,Yes,Yes,Susceptible
3525,66,Yes,Yes,Recovered
3526,63,Yes,Yes,Susceptible
3527,23,Yes,Yes,Susceptible
3528,9,Yes,No,Recovered
3529,34,Yes,Yes,Susceptible
3530,46,No,Yes,Susceptible
3531,78,Yes,Yes,Susceptible
3532,4,Yes,Yes,Susceptible
3533,30,Yes,Yes,Susceptible
3534,75,No,No,Susceptible
3535,72,Yes,No,Susceptible
3536,3,Yes,No,Susceptible
3537,14,Yes,Yes,Susceptible
3538,60,No,Yes,Susceptible
3539,77,No,No,Susceptible
3540,45,Yes,No,Susceptible
3541,34,Yes,Yes,Susceptible
3542,45,Yes,Yes,Susceptible
3543,61,Yes,Yes,Recovered
3544,83,No,No,Exposed
3545,16,No,Yes,Susceptible
3546,66,Yes,No,Exposed
3547,40,No,No,Susceptible
3548,17,Yes,No,Susceptible
3549,34,No,Yes,Susceptible
3550,16,Yes,No,Susceptible
3551,60,Yes,Yes,Susceptible
3552,66,Yes,No,Recovered
3553,66,Yes,No,Susceptible
3554,13,No,Yes,Susceptible
3555,56,No,No,Infectious
3556,31,Yes,No,Susceptible
3557,34,Yes,No,Susceptible
3558,39,Yes,No,Susceptible
3559,67,Yes,Yes,Exposed
3560,8,No,No,Susceptible
3561,87,Yes,Yes,Susceptible
3562,78,Yes,Yes,Recovered
3563,55,Yes,Yes,Susceptible
3564,27,Yes,No,Susceptible
3565,53,Yes,Yes,Susceptible
3566,39,Yes,No,Susceptible
3567,65,Yes,Yes,Susceptible
3568,17,Yes,Yes,Susceptible
3569,30,No,No,Susceptible
3570,53,No,No,Susceptible
3571,13,Yes,No,Susceptible
3572,21,Yes,No,Susceptible
3573,19,Yes,Yes,Recovered
3574,53,Yes,Yes,Susceptible
3575,19,Yes,Yes,Susceptible
3576,57,Yes,Yes,Susceptible
3577,25,Yes,No,Recovered
3578,86,Yes,Yes,Susceptible
3579,31,Yes,No,Susceptible
3580,81,Yes,Yes,Susceptible
3581,55,Yes,No,Susceptible
3582,23,Yes,Yes,Exposed
3583,32,Yes,No,Susceptible
3584,62,Yes,Yes,Susceptible
3585,74,Yes,No,Susceptible
3586,10,Yes,Yes,Susceptible
3587,72,Yes,No,Susceptible
3588,54,Yes,No,Recovered
3589,52,Yes,No,Susceptible
3590,20,No,No,Susceptible
3591,32,Yes,Yes,Susceptible
3592,14,Yes,No,Susceptible
3593,50,Yes,Yes,Exposed
3594,28,Yes,No,Susceptible
3595,53,No,No,Susceptible
3596,24,Yes,No,Susceptible
3597,79,Yes,No,Susceptible
3598,22,No,Yes,Infectious
3599,30,Yes,No,Susceptible
3600,63,Yes,No,Susceptible
3601,4,Yes,No,Infectious
3602,77,Yes,Yes,Susceptible
3603,59,Yes,No,Susceptible
3604,87,No,No,Susceptible
3605,8,Yes,No,Infectious
3606,82,No,Yes,Susceptible
3607,12,Yes,Yes,Susceptible
3608,31,Yes,No,Susceptible
3609,78,Yes,No,Susceptible
3610,34,Yes,No,Susceptible
3611,82,Yes,No,Susceptible
3612,75,Yes,No,Susceptible
3613,76,Yes,Yes,Susceptible
3614,49,No,No,Susceptible
3615,79,Yes,No,Susceptible
3616,57,No,Yes,Recovered
3617,26,Yes,Yes,Susceptible
3618,18,No,No,Susceptible
3619,86,Yes,Yes,Susceptible
3620,38,Yes,Yes,Susceptible
3621,81,No,Yes,Susceptible
3622,87,Yes,Yes,Exposed
3623,88,No,No,Susceptible
3624,50,Yes,Yes,Susceptible
3625,8,Yes,No,Susceptible
3626,41,Yes,Yes,Susceptible
3627,6,Yes,No,Susceptible
3628,69,No,No,Susceptible
3629,44,Yes,Yes,Susceptible
3630,64,Yes,Yes,Susceptible
3631,29,No,Yes,Susceptible
3632,28,No,Yes,Susceptible
3633,11,Yes,No,Susceptible
3634,65,Yes,No,Susceptible
3635,19,No,No,Susceptible
3636,9,Yes,Yes,Susceptible
3637,27,Yes,No,Susceptible
3638,34,Yes,Yes,Susceptible
3639,44,Yes,Yes,Susceptible
3640,68,Yes,No,Susceptible
3641,82,Yes,No,Susceptible
3642,15,No,No,Recovered
3643,51,No,No,Exposed
3644,13,No,No,Susceptible
3645,83,No,Yes,Susceptible
3646,49,Yes,Yes,Susceptible
3647,70,Yes,Yes,Susceptible
3648,56,No,No,Susceptible
3649,76,Yes,Yes,Susceptible
3650,51,Yes,Yes,Susceptible
3651,37,Yes,No,Susceptible
3652,17,Yes,Yes,Susceptible
3653,58,Yes,No,Susceptible
3654,87,No,Yes,Susceptible
3655,29,Yes,No,Susceptible
3656,33,Yes,No,Exposed
3657,60,No,No,Susceptible
3658,89,Yes,No,Susceptible
3659,55,No,Yes,Susceptible
3660,10,No,No,Susceptible
3661,47,Yes,Yes,Susceptible
3662,23,Yes,Yes,Infectious
3663,85,No,Yes,Susceptible
3664,21,Yes,Yes,Susceptible
3665,13,No,Yes,Susceptible
3666,33,Yes,Yes,Susceptible
3667,24,Yes,No,Susceptible
3668,11,Yes,Yes,Recovered
3669,17,Yes,Yes,Susceptible
3670,68,Yes,Yes,Susceptible
3671,47,Yes,No,Susceptible
3672,25,Yes,Yes,Susceptible
3673,73,No,No,Susceptible
3674,21,Yes,Yes,Susceptible
3675,84,Yes,No,Susceptible
3676,83,No,Yes,Susceptible
3677,83,Yes,No,Exposed
3678,12,Yes,Yes,Susceptible
3679,37,No,No,Infectious
3680,42,Yes,No,Susceptible
3681,17,Yes,Yes,Susceptible
3682,48,Yes,No,Susceptible
3683,28,No,No,Susceptible
3684,41,No,Yes,Exposed
3685,47,Yes,Yes,Infectious
3686,18,Yes,No,Susceptible
3687,78,Yes,No,Susceptible
3688,71,Yes,No,Susceptible
3689,13,Yes,No,Susceptible
3690,82,Yes,No,Susceptible
3691,13,Yes,Yes,Susceptible
3692,31,No,No,Susceptible
3693,2,Yes,No,Susceptible
3694,16,Yes,Yes,Exposed
3695,9,No,Yes,Susceptible
3696,73,No,No,Susceptible
3697,38,No,Yes,Susceptible
3698,75,Yes,Yes,Susceptible
3699,54,No,Yes,Exposed
3700,56,Yes,Yes,Susceptible
3701,86,Yes,Yes,Susceptible
3702,87,Yes,No,Susceptible
3703,45,Yes,Yes,Exposed
3704,34,No,Yes,Susceptible
3705,9,Yes,No,Exposed
3706,88,Yes,No,Susceptible
3707,8,No,Yes,Susceptible
3708,7,No,No,Susceptible
3709,36,Yes,Yes,Susceptible
3710,18,Yes,Yes,Susceptible
3711,3,Yes,No,Susceptible
3712,28,Yes,No,Susceptible
3713,70,Yes,No,Susceptible
3714,44,Yes,No,Susceptible
3715,21,Yes,Yes,Susceptible
3716,28,Yes,Yes,Susceptible
3717,54,Yes,No,Exposed
3718,54,Yes,Yes,Susceptible
3719,65,Yes,No,Susceptible
3720,21,Yes,No,Susceptible
3721,13,Yes,No,Susceptible
3722,57,Yes,Yes,Exposed
3723,49,Yes,Yes,Susceptible
3724,54,Yes,Yes,Susceptible
3725,10,Yes,No,Susceptible
3726,53,Yes,No,Susceptible
3727,44,Yes,Yes,Susceptible
3728,47,No,Yes,Susceptible
3729,53,No,Yes,Susceptible
3730,74,Yes,Yes,Susceptible
3731,46,Yes,No,Susceptible
3732,13,No,Yes,Susceptible
3733,37,No,Yes,Susceptible
3734,24,Yes,Yes,Susceptible
3735,2,No,Yes,Susceptible
3736,86,Yes,Yes,Susceptible
3737,81,Yes,Yes,Susceptible
3738,14,No,No,Susceptible
3739,10,No,No,Susceptible
3740,35,No,Yes,Recovered
3741,25,No,No,Infectious
3742,3,No,Yes,Susceptible
3743,17,Yes,Yes,Susceptible
3744,12,Yes,Yes,Susceptible
3745,54,Yes,Yes,Susceptible
3746,24,Yes,Yes,Exposed
3747,29,Yes,Yes,Susceptible
3748,43,Yes,No,Susceptible
3749,25,Yes,No,Susceptible
3750,60,Yes,No,Susceptible
3751,65,No,Yes,Exposed
3752,84,No,No,Susceptible
3753,28,No,No,Susceptible
3754,16,Yes,Yes,Susceptible
3755,47,Yes,No,Infectious
3756,81,Yes,No,Infectious
3757,58,Yes,No,Susceptible
3758,76,No,No,Susceptible
3759,27,Yes,No,Susceptible
3760,53,Yes,No,Susceptible
3761,42,Yes,Yes,Exposed
3762,59,Yes,Yes,Susceptible
3763,47,Yes,Yes,Susceptible
3764,34,Yes,Yes,Susceptible
3765,37,No,Yes,Susceptible
3766,6,No,No,Susceptible
3767,7,Yes,Yes,Infectious
3768,25,Yes,No,Susceptible
3769,33,Yes,No,Susceptible
3770,55,Yes,Yes,Susceptible
3771,58,Yes,No,Susceptible
3772,7,No,No,Recovered
3773,57,Yes,No,Susceptible
3774,12,Yes,No,Susceptible
3775,16,Yes,No,Infectious
3776,80,Yes,Yes,Susceptible
3777,43,Yes,Yes,Susceptible
3778,77,Yes,Yes,Susceptible
3779,7,Yes,Yes,Susceptible
3780,51,Yes,Yes,Susceptible
3781,73,No,Yes,Susceptible
3782,32,No,Yes,Susceptible
3783,75,Yes,Yes,Susceptible
3784,8,No,No,Susceptible
3785,87,No,No,Susceptible
3786,89,Yes,Yes,Susceptible
3787,72,Yes,No,Susceptible
3788,45,Yes,No,Susceptible
3789,86,Yes,Yes,Susceptible
3790,59,No,No,Susceptible
3791,4,No,Yes,Susceptible
3792,67,No,Yes,Susceptible
3793,29,Yes,No,Susceptible
3794,29,Yes,Yes,Exposed
3795,28,Yes,Yes,Susceptible
3796,77,Yes,No,Susceptible
3797,79,Yes,Yes,Susceptible
3798,87,No,Yes,Exposed
3799,44,Yes,Yes,Susceptible
3800,4,Yes,No,Exposed
3801,9,Yes,No,Susceptible
3802,5,Yes,Yes,Susceptible
3803,56,Yes,Yes,Exposed
3804,84,Yes,No,Susceptible
3805,50,No,Yes,Exposed
3806,75,Yes,No,Exposed
3807,15,No,No,Susceptible
3808,32,Yes,Yes,Susceptible
3809,28,No,Yes,Susceptible
3810,22,Yes,No,Susceptible
3811,17,Yes,Yes,Susceptible
3812,59,Yes,Yes,Susceptible
3813,71,Yes,Yes,Susceptible
3814,57,No,No,Susceptible
3815,26,Yes,No,Susceptible
3816,25,No,Yes,Susceptible
3817,10,No,Yes,Susceptible
3818,45,No,No,Exposed
3819,83,Yes,Yes,Susceptible
3820,11,No,No,Susceptible
3821,77,No,Yes,Susceptible
3822,53,Yes,No,Recovered
3823,72,Yes,Yes,Susceptible
3824,68,No,No,Recovered
3825,28,No,Yes,Exposed
3826,75,No,No,Susceptible
3827,65,Yes,Yes,Susceptible
3828,49,No,No,Susceptible
3829,47,Yes,No,Susceptible
3830,52,Yes,No,Susceptible
3831,88,Yes,Yes,Susceptible
3832,54,Yes,Yes,Susceptible
3833,60,Yes,Yes,Susceptible
3834,57,Yes,Yes,Susceptible
3835,47,Yes,No,Susceptible
3836,31,Yes,No,Susceptible
3837,46,Yes,Yes,Susceptible
3838,26,Yes,No,Susceptible
3839,5,Yes,No,Susceptible
3840,84,Yes,No,Susceptible
3841,52,No,Yes,Recovered
3842,75,Yes,Yes,Susceptible
3843,54,No,Yes,Susceptible
3844,33,Yes,No,Susceptible
3845,50,Yes,Yes,Susceptible
3846,38,Yes,No,Susceptible
3847,27,No,No,Susceptible
3848,15,Yes,No,Susceptible
3849,61,Yes,No,Susceptible
3850,21,Yes,Yes,Susceptible
3851,46,Yes,Yes,Susceptible
3852,69,Yes,No,Infectious
3853,6,Yes,Yes,Susceptible
3854,38,Yes,No,Susceptible
3855,62,No,Yes,Susceptible
3856,86,Yes,No,Recovered
3857,62,No,Yes,Susceptible
3858,82,Yes,No,Infectious
3859,78,Yes,Yes,Susceptible
3860,74,Yes,No,Susceptible
3861,46,No,No,Susceptible
3862,13,No,No,Susceptible
3863,3,No,Yes,Recovered
3864,6,Yes,Yes,Recovered
3865,8,Yes,No,Susceptible
3866,44,Yes,Yes,Susceptible
3867,33,Yes,No,Susceptible
3868,81,Yes,No,Recovered
3869,75,No,Yes,Susceptible
3870,77,Yes,Yes,Susceptible
3871,50,Yes,Yes,Susceptible
3872,11,Yes,Yes,Susceptible
3873,28,Yes,No,Susceptible
3874,70,No,Yes,Susceptible
3875,41,Yes,No,Infectious
3876,16,Yes,No,Susceptible
3877,68,Yes,No,Susceptible
3878,48,No,Yes,Susceptible
3879,56,Yes,No,Susceptible
3880,64,No,Yes,Susceptible
3881,59,No,Yes,Susceptible
3882,62,Yes,Yes,Susceptible
3883,76,Yes,No,Susceptible
3884,11,Yes,Yes,Susceptible
3885,89,Yes,No,Susceptible
3886,18,Yes,No,Susceptible
3887,19,Yes,Yes,Susceptible
3888,87,Yes,No,Susceptible
3889,55,Yes,Yes,Susceptible
3890,82,No,No,Susceptible
3891,26,No,No,Exposed
3892,6,Yes,Yes,Susceptible
3893,4,Yes,No,Susceptible
3894,29,Yes,Yes,Susceptible
3895,59,Yes,Yes,Infectious
3896,17,No,Yes,Susceptible
3897,43,Yes,Yes,Susceptible
3898,80,Yes,Yes,Susceptible
3899,66,No,No,Infectious
3900,34,Yes,No,Susceptible
3901,8,Yes,Yes,Susceptible
3902,13,No,Yes,Susceptible
3903,8,Yes,No,Susceptible
3904,65,Yes,Yes,Susceptible
3905,43,Yes,No,Susceptible
3906,39,Yes,Yes,Susceptible
3907,81,Yes,Yes,Susceptible
3908,59,Yes,Yes,Susceptible
3909,84,Yes,Yes,Susceptible
3910,88,Yes,No,Susceptible
3911,86,No,No,Susceptible
3912,86,No,Yes,Exposed
3913,44,Yes,No,Susceptible
3914,9,No,Yes,Susceptible
3915,37,Yes,No,Susceptible
3916,74,No,No,Susceptible
3917,36,Yes,Yes,Susceptible
3918,28,Yes,No,Susceptible
3919,42,No,Yes,Susceptible
3920,43,Yes,Yes,Susceptible
3921,85,Yes,No,Susceptible
3922,88,Yes,Yes,Susceptible
3923,42,Yes,No,Infectious
3924,66,No,Yes,Susceptible
3925,55,No,No,Susceptible
3926,72,No,No,Susceptible
3927,48,Yes,Yes,Susceptible
3928,22,Yes,No,Susceptible
3929,27,No,No,Susceptible
3930,67,No,Yes,Susceptible
3931,13,Yes,No,Recovered
3932,45,Yes,Yes,Exposed
3933,10,Yes,Yes,Susceptible
3934,9,Yes,Yes,Susceptible
3935,54,No,No,Susceptible
3936,27,No,Yes,Susceptible
3937,34,Yes,Yes,Infectious
3938,1,No,Yes,Susceptible
3939,32,Yes,No,Susceptible
3940,89,Yes,Yes,Susceptible
3941,71,No,No,Susceptible
3942,67,Yes,Yes,Susceptible
3943,84,Yes,No,Exposed
3944,20,No,Yes,Susceptible
3945,35,No,No,Susceptible
3946,78,Yes,No,Infectious
3947,17,Yes,No,Susceptible
3948,18,Yes,Yes,Susceptible
3949,45,Yes,No,Susceptible
3950,84,No,No,Susceptible
3951,53,Yes,No,Susceptible
3952,82,Yes,Yes,Susceptible
3953,68,No,No,Susceptible
3954,65,Yes,Yes,Susceptible
3955,1,No,No,Susceptible
3956,58,Yes,Yes,Recovered
3957,26,Yes,No,Susceptible
3958,20,Yes,No,Susceptible
3959,87,Yes,Yes,Susceptible
3960,10,No,Yes,Susceptible
3961,59,No,Yes,Susceptible
3962,75,Yes,No,Susceptible
3963,41,Yes,No,Susceptible
3964,5,No,Yes,Susceptible
3965,65,Yes,Yes,Susceptible
3966,17,No,Yes,Recovered
3967,22,No,No,Susceptible
3968,41,Yes,Yes,Susceptible
3969,68,Yes,Yes,Susceptible
3970,69,Yes,No,Susceptible
3971,11,No,Yes,Susceptible
3972,56,Yes,Yes,Susceptible
3973,51,Yes,Yes,Susceptible
3974,21,No,No,Susceptible
3975,76,No,No,Susceptible
3976,26,Yes,No,Susceptible
3977,19,Yes,Yes,Susceptible
3978,60,No,No,Susceptible
3979,71,Yes,Yes,Susceptible
3980,47,Yes,No,Susceptible
3981,71,Yes,Yes,Susceptible
3982,26,Yes,Yes,Susceptible
3983,40,Yes,No,Susceptible
3984,5,Yes,No,Susceptible
3985,21,Yes,Yes,Susceptible
3986,78,No,No,Susceptible
3987,4,Yes,No,Infectious
3988,23,Yes,Yes,Susceptible
3989,84,No,Yes,Susceptible
3990,15,Yes,No,Susceptible
3991,8,Yes,No,Susceptible
3992,41,Yes,Yes,Susceptible
3993,19,Yes,No,Susceptible
3994,46,Yes,No,Susceptible
3995,28,No,Yes,Susceptible
3996,68,No,Yes,Susceptible
3997,15,Yes,No,Susceptible
3998,37,Yes,No,Exposed
3999,1,Yes,Yes,Susceptible
4000,67,No,No,Recovered
4001,24,Yes,Yes,Susceptible
4002,27,Yes,Yes,Susceptible
4003,40,Yes,Yes,Susceptible
4004,63,Yes,No,Susceptible
4005,61,Yes,No,Susceptible
4006,36,No,No,Susceptible
4007,24,Yes,No,Susceptible
4008,24,Yes,No,Recovered
4009,4,Yes,No,Susceptible
4010,67,No,Yes,Susceptible
4011,34,No,Yes,Susceptible
4012,57,Yes,Yes,Recovered
4013,49,Yes,Yes,Susceptible
4014,87,Yes,No,Susceptible
4015,53,No,No,Susceptible
4016,23,Yes,No,Recovered
4017,69,No,No,Susceptible
4018,53,Yes,Yes,Susceptible
4019,62,Yes,No,Susceptible
4020,41,Yes,Yes,Susceptible
4021,57,No,No,Susceptible
4022,60,Yes,No,Susceptible
4023,54,Yes,Yes,Susceptible
4024,70,Yes,Yes,Susceptible
4025,57,Yes,Yes,Susceptible
4026,10,Yes,Yes,Susceptible
4027,40,No,Yes,Susceptible
4028,7,Yes,Yes,Susceptible
4029,38,No,Yes,Susceptible
4030,85,Yes,Yes,Susceptible
4031,61,Yes,Yes,Susceptible
4032,84,No,No,Susceptible
4033,3,No,No,Exposed
4034,51,Yes,Yes,Susceptible
4035,86,Yes,No,Susceptible
4036,47,Yes,Yes,Susceptible
4037,68,Yes,Yes,Susceptible
4038,76,Yes,Yes,Susceptible
4039,38,Yes,No,Susceptible
4040,36,Yes,Yes,Recovered
4041,41,Yes,No,Susceptible
4042,69,No,Yes,Susceptible
4043,13,No,Yes,Susceptible
4044,87,Yes,No,Susceptible
4045,58,Yes,Yes,Susceptible
4046,50,No,Yes,Infectious
4047,30,Yes,Yes,Susceptible
4048,62,Yes,Yes,Recovered
4049,25,Yes,No,Susceptible
4050,27,Yes,No,Susceptible
4051,51,No,No,Susceptible
4052,78,No,No,Susceptible
4053,57,No,Yes,Susceptible
4054,47,Yes,No,Susceptible
4055,39,Yes,No,Susceptible
4056,16,Yes,Yes,Susceptible
4057,22,Yes,No,Susceptible
4058,85,No,Yes,Susceptible
4059,54,Yes,Yes,Susceptible
4060,21,No,Yes,Susceptible
4061,72,No,Yes,Recovered
4062,16,Yes,No,Susceptible
4063,59,No,No,Recovered
4064,31,No,No,Susceptible
4065,42,Yes,Yes,Susceptible
4066,74,Yes,Yes,Susceptible
4067,32,Yes,Yes,Susceptible
4068,59,Yes,Yes,Susceptible
4069,34,No,No,Susceptible
4070,9,Yes,No,Recovered
4071,81,Yes,No,Susceptible
4072,11,Yes,No,Susceptible
4073,10,No,Yes,Recovered
4074,86,No,Yes,Susceptible
4075,17,Yes,No,Susceptible
4076,68,Yes,No,Susceptible
4077,48,No,Yes,Susceptible
4078,52,Yes,Yes,Recovered
4079,25,Yes,Yes,Susceptible
4080,21,Yes,Yes,Susceptible
4081,65,No,Yes,Susceptible
4082,63,No,Yes,Susceptible
4083,89,No,Yes,Susceptible
4084,51,No,No,Susceptible
4085,36,Yes,No,Susceptible
4086,81,Yes,Yes,Susceptible
4087,88,Yes,Yes,Susceptible
4088,66,No,Yes,Susceptible
4089,15,No,No,Susceptible
4090,39,Yes,No,Susceptible
4091,70,No,Yes,Susceptible
4092,1,No,Yes,Susceptible
4093,23,No,Yes,Susceptible
4094,39,Yes,Yes,Susceptible
4095,57,Yes,Yes,Susceptible
4096,81,Yes,No,Susceptible
4097,34,Yes,No,Susceptible
4098,41,Yes,No,Susceptible
4099,73,No,Yes,Susceptible
4100,13,Yes,No,Susceptible
4101,70,Yes,No,Susceptible
4102,6,No,No,Susceptible
4103,84,Yes,Yes,Recovered
4104,52,Yes,Yes,Susceptible
4105,3,Yes,No,Susceptible
4106,81,Yes,No,Susceptible
4107,63,Yes,No,Susceptible
4108,49,Yes,Yes,Susceptible
4109,76,Yes,Yes,Exposed
4110,47,Yes,No,Exposed
4111,55,Yes,Yes,Susceptible
4112,64,Yes,No,Susceptible
4113,65,Yes,No,Susceptible
4114,81,Yes,No,Susceptible
4115,67,No,Yes,Infectious
4116,15,Yes,No,Exposed
4117,32,No,Yes,Recovered
4118,68,Yes,No,Recovered
4119,18,No,No,Susceptible
4120,83,Yes,Yes,Susceptible
4121,43,Yes,Yes,Susceptible
4122,35,Yes,Yes,Susceptible
4123,78,Yes,Yes,Susceptible
4124,58,Yes,No,Susceptible
4125,33,No,Yes,Susceptible
4126,14,Yes,Yes,Susceptible
4127,34,Yes,No,Susceptible
4128,61,Yes,Yes,Susceptible
4129,4,No,Yes,Susceptible
4130,88,No,No,Susceptible
4131,59,No,No,Susceptible
4132,29,No,Yes,Susceptible
4133,83,Yes,Yes,Recovered
4134,6,Yes,Yes,Exposed
4135,49,No,No,Susceptible
4136,40,Yes,No,Susceptible
4137,83,No,Yes,Infectious
4138,65,No,No,Susceptible
4139,69,No,Yes,Susceptible
4140,27,No,No,Susceptible
4141,80,Yes,Yes,Susceptible
4142,6,No,No,Exposed
4143,13,No,Yes,Susceptible
4144,64,No,No,Susceptible
4145,62,Yes,Yes,Susceptible
4146,19,Yes,No,Susceptible
4147,76,Yes,No,Susceptible
4148,80,Yes,Yes,Susceptible
4149,43,Yes,Yes,Exposed
4150,74,Yes,No,Susceptible
4151,89,No,Yes,Infectious
4152,20,No,Yes,Exposed
4153,68,Yes,No,Susceptible
4154,44,Yes,Yes,Susceptible
4155,23,Yes,No,Susceptible
4156,2,Yes,Yes,Susceptible
4157,22,Yes,No,Susceptible
4158,57,No,No,Susceptible
4159,72,Yes,No,Infectious
4160,7,Yes,Yes,Susceptible
4161,78,Yes,Yes,Susceptible
4162,56,Yes,Yes,Exposed
4163,67,Yes,Yes,Susceptible
4164,16,Yes,Yes,Susceptible
4165,83,Yes,Yes,Susceptible
4166,51,No,Yes,Susceptible
4167,82,No,Yes,Susceptible
4168,80,Yes,No,Susceptible
4169,72,Yes,Yes,Susceptible
4170,12,Yes,Yes,Susceptible
4171,53,Yes,No,Susceptible
4172,75,No,Yes,Susceptible
4173,5,No,Yes,Susceptible
4174,27,Yes,Yes,Susceptible
4175,12,No,No,Susceptible
4176,17,Yes,Yes,Susceptible
4177,6,No,No,Susceptible
4178,5,No,No,Susceptible
4179,57,No,No,Infectious
4180,28,Yes,No,Susceptible
4181,78,No,No,Susceptible
4182,69,Yes,No,Susceptible
4183,59,Yes,Yes,Susceptible
4184,33,Yes,Yes,Susceptible
4185,62,No,Yes,Susceptible
4186,50,No,Yes,Susceptible
4187,19,Yes,No,Susceptible
4188,86,No,Yes,Susceptible
4189,69,Yes,No,Susceptible
4190,66,Yes,Yes,Susceptible
4191,47,No,Yes,Susceptible
4192,39,Yes,No,Susceptible
4193,68,Yes,Yes,Susceptible
4194,33,No,Yes,Susceptible
4195,13,No,Yes,Susceptible
4196,84,Yes,Yes,Susceptible
4197,54,Yes,No,Susceptible
4198,7,Yes,No,Susceptible
4199,79,Yes,No,Susceptible
4200,87,Yes,No,Recovered
4201,14,Yes,Yes,Susceptible
4202,87,Yes,Yes,Recovered
4203,19,No,Yes,Susceptible
4204,54,Yes,No,Susceptible
4205,20,Yes,Yes,Susceptible
4206,29,No,No,Susceptible
4207,24,Yes,No,Infectious
4208,82,No,Yes,Exposed
4209,63,Yes,No,Susceptible
4210,74,Yes,No,Susceptible
4211,57,No,Yes,Infectious
4212,8,No,No,Susceptible
4213,62,Yes,Yes,Susceptible
4214,29,Yes,No,Susceptible
4215,74,Yes,No,Susceptible
4216,17,Yes,No,Susceptible
4217,66,Yes,Yes,Susceptible
4218,6,Yes,No,Susceptible
4219,58,No,No,Susceptible
4220,69,Yes,Yes,Susceptible
4221,28,Yes,Yes,Susceptible
4222,62,No,No,Susceptible
4223,41,Yes,Yes,Recovered
4224,69,Yes,Yes,Susceptible
4225,82,Yes,Yes,Susceptible
4226,84,Yes,No,Recovered
4227,41,Yes,No,Susceptible
4228,49,Yes,Yes,Susceptible
4229,49,Yes,Yes,Susceptible
4230,76,No,Yes,Infectious
4231,71,Yes,Yes,Susceptible
4232,3,No,Yes,Infectious
4233,10,Yes,Yes,Susceptible
4234,89,Yes,Yes,Susceptible
4235,35,Yes,No,Susceptible
4236,80,No,Yes,Susceptible
4237,2,No,No,Susceptible
4238,24,Yes,No,Susceptible
4239,74,Yes,No,Susceptible
4240,38,No,No,Susceptible
4241,22,Yes,No,Susceptible
4242,26,Yes,Yes,Susceptible
4243,43,No,Yes,Susceptible
4244,55,No,No,Susceptible
4245,39,Yes,Yes,Recovered
4246,29,Yes,No,Susceptible
4247,20,Yes,No,Susceptible
4248,41,Yes,Yes,Susceptible
4249,54,Yes,Yes,Susceptible
4250,20,Yes,No,Susceptible
4251,19,Yes,Yes,Recovered
4252,84,No,Yes,Susceptible
4253,66,Yes,No,Susceptible
4254,30,Yes,No,Susceptible
4255,53,Yes,Yes,Susceptible
4256,34,Yes,Yes,Susceptible
4257,22,Yes,No,Susceptible
4258,67,No,No,Susceptible
4259,6,Yes,No,Susceptible
4260,79,Yes,Yes,Susceptible
4261,27,Yes,Yes,Susceptible
4262,10,Yes,No,Infectious
4263,73,Yes,Yes,Susceptible
4264,48,No,No,Susceptible
4265,70,No,Yes,Susceptible
4266,59,Yes,No,Susceptible
4267,59,No,No,Susceptible
4268,2,Yes,No,Susceptible
4269,29,No,Yes,Susceptible
4270,68,No,Yes,Susceptible
4271,65,Yes,No,Susceptible
4272,83,Yes,Yes,Susceptible
4273,26,Yes,No,Susceptible
4274,89,Yes,Yes,Susceptible
4275,10,Yes,Yes,Susceptible
4276,53,No,Yes,Susceptible
4277,79,Yes,Yes,Susceptible
4278,59,Yes,Yes,Susceptible
4279,22,Yes,Yes,Recovered
4280,51,No,No,Susceptible
4281,48,Yes,Yes,Susceptible
4282,21,Yes,Yes,Susceptible
4283,22,Yes,No,Susceptible
4284,30,Yes,Yes,Susceptible
4285,25,Yes,Yes,Susceptible
4286,28,No,Yes,Susceptible
4287,65,Yes,No,Infectious
4288,45,Yes,Yes,Susceptible
4289,68,Yes,No,Susceptible
4290,7,No,Yes,Susceptible
4291,49,No,No,Susceptible
4292,9,Yes,Yes,Recovered
4293,36,No,No,Susceptible
4294,83,Yes,No,Susceptible
4295,1,No,No,Susceptible
4296,10,No,Yes,Susceptible
4297,36,Yes,No,Susceptible
4298,73,No,Yes,Susceptible
4299,46,Yes,Yes,Susceptible
4300,32,Yes,Yes,Susceptible
4301,32,Yes,No,Susceptible
4302,6,No,Yes,Susceptible
4303,48,Yes,Yes,Susceptible
4304,38,Yes,Yes,Susceptible
4305,17,Yes,No,Susceptible
4306,74,Yes,No,Infectious
4307,27,No,No,Susceptible
4308,54,Yes,Yes,Susceptible
4309,50,Yes,No,Susceptible
4310,35,No,Yes,Susceptible
4311,85,No,Yes,Susceptible
4312,25,Yes,No,Susceptible
4313,28,Yes,No,Susceptible
4314,15,Yes,Yes,Susceptible
4315,4,Yes,No,Recovered
4316,73,No,Yes,Infectious
4317,27,No,Yes,Infectious
4318,26,Yes,Yes,Susceptible
4319,19,No,Yes,Exposed
4320,17,Yes,No,Susceptible
4321,43,Yes,No,Susceptible
4322,41,No,Yes,Susceptible
4323,42,No,Yes,Susceptible
4324,50,No,Yes,Susceptible
4325,84,Yes,No,Recovered
4326,40,Yes,No,Susceptible
4327,39,No,Yes,Susceptible
4328,23,Yes,Yes,Susceptible
4329,52,Yes,No,Susceptible
4330,47,Yes,No,Susceptible
4331,63,Yes,No,Recovered
4332,69,Yes,Yes,Susceptible
4333,43,Yes,Yes,Susceptible
4334,48,No,No,Infectious
4335,34,No,Yes,Susceptible
4336,40,No,No,Susceptible
4337,75,Yes,No,Susceptible
4338,61,Yes,Yes,Susceptible
4339,50,No,No,Susceptible
4340,67,No,Yes,Susceptible
4341,62,Yes,Yes,Susceptible
4342,58,No,No,Susceptible
4343,33,Yes,No,Susceptible
4344,75,Yes,No,Susceptible
4345,16,Yes,Yes,Susceptible
4346,82,Yes,Yes,Susceptible
4347,48,No,No,Susceptible
4348,10,No,No,Exposed
4349,82,Yes,No,Susceptible
4350,38,Yes,Yes,Susceptible
4351,19,Yes,No,Exposed
4352,36,No,Yes,Susceptible
4353,59,No,No,Susceptible
4354,63,Yes,Yes,Susceptible
4355,77,Yes,Yes,Susceptible
4356,46,No,Yes,Susceptible
4357,3,No,No,Susceptible
4358,74,Yes,Yes,Susceptible
4359,65,Yes,No,Susceptible
4360,8,Yes,No,Susceptible
4361,51,No,Yes,Susceptible
4362,81,No,No,Susceptible
4363,73,Yes,No,Susceptible
4364,6,Yes,Yes,Susceptible
4365,89,No,No,Susceptible
4366,39,Yes,Yes,Susceptible
4367,60,Yes,Yes,Susceptible
4368,28,No,No,Susceptible
4369,54,No,No,Infectious
4370,37,No,No,Susceptible
4371,9,Yes,No,Recovered
4372,82,Yes,Yes,Susceptible
4373,56,No,Yes,Susceptible
4374,59,No,No,Susceptible
4375,85,No,Yes,Susceptible
4376,2,Yes,Yes,Susceptible
4377,61,Yes,No,Exposed
4378,58,Yes,No,Susceptible
4379,60,Yes,Yes,Susceptible
4380,40,Yes,No,Susceptible
4381,36,Yes,No,Susceptible
4382,37,No,Yes,Infectious
4383,79,Yes,Yes,Susceptible
4384,18,No,Yes,Susceptible
4385,63,Yes,No,Susceptible
4386,22,No,Yes,Susceptible
4387,11,Yes,Yes,Susceptible
4388,58,Yes,Yes,Susceptible
4389,57,No,Yes,Susceptible
4390,77,Yes,No,Susceptible
4391,4,Yes,Yes,Susceptible
4392,86,Yes,No,Susceptible
4393,7,No,No,Susceptible
4394,61,No,Yes,Susceptible
4395,54,Yes,No,Susceptible
4396,88,No,No,Susceptible
4397,68,Yes,Yes,Susceptible
4398,79,Yes,Yes,Recovered
4399,1,Yes,Yes,Susceptible
4400,55,No,Yes,Susceptible
4401,3,Yes,No,Susceptible
4402,78,Yes,Yes,Infectious
4403,38,Yes,No,Susceptible
4404,1,Yes,Yes,Susceptible
4405,38,Yes,No,Susceptible
4406,85,No,Yes,Susceptible
4407,29,No,Yes,Susceptible
4408,5,Yes,Yes,Susceptible
4409,74,Yes,No,Susceptible
4410,21,No,No,Susceptible
4411,71,Yes,Yes,Infectious
4412,67,No,No,Susceptible
4413,47,No,Yes,Susceptible
4414,84,No,No,Susceptible
4415,83,Yes,No,Susceptible
4416,35,Yes,Yes,Susceptible
4417,68,Yes,No,Susceptible
4418,69,Yes,No,Susceptible
4419,1,Yes,Yes,Susceptible
4420,68,Yes,Yes,Susceptible
4421,12,No,Yes,Susceptible
4422,60,Yes,No,Susceptible
4423,27,Yes,Yes,Susceptible
4424,56,Yes,Yes,Susceptible
4425,23,Yes,Yes,Susceptible
4426,25,No,No,Infectious
4427,21,No,Yes,Susceptible
4428,61,Yes,No,Susceptible
4429,63,No,No,Susceptible
4430,52,Yes,No,Susceptible
4431,88,Yes,Yes,Recovered
4432,25,Yes,No,Recovered
4433,55,Yes,No,Susceptible
4434,46,Yes,Yes,Susceptible
4435,32,Yes,No,Recovered
4436,55,Yes,Yes,Infectious
4437,5,Yes,Yes,Susceptible
4438,36,Yes,Yes,Susceptible
4439,49,Yes,No,Susceptible
4440,58,Yes,No,Susceptible
4441,39,No,Yes,Susceptible
4442,80,Yes,No,Susceptible
4443,85,No,Yes,Susceptible
4444,61,No,No,Susceptible
4445,9,Yes,Yes,Susceptible
4446,6,No,No,Susceptible
4447,35,No,Yes,Susceptible
4448,39,No,No,Susceptible
4449,22,Yes,Yes,Susceptible
4450,41,Yes,No,Susceptible
4451,5,Yes,No,Susceptible
4452,42,No,Yes,Susceptible
4453,87,Yes,Yes,Susceptible
4454,81,Yes,Yes,Susceptible
4455,76,Yes,Yes,Susceptible
4456,87,Yes,Yes,Susceptible
4457,80,No,Yes,Susceptible
4458,67,Yes,Yes,Susceptible
4459,30,Yes,No,Recovered
4460,57,Yes,No,Susceptible
4461,86,Yes,Yes,Susceptible
4462,73,No,No,Exposed
4463,29,Yes,Yes,Susceptible
4464,37,Yes,No,Susceptible
4465,87,Yes,Yes,Susceptible
4466,13,Yes,No,Susceptible
4467,32,Yes,No,Susceptible
4468,46,Yes,No,Susceptible
4469,23,Yes,No,Recovered
4470,45,Yes,No,Recovered
4471,17,Yes,Yes,Susceptible
4472,85,Yes,No,Susceptible
4473,66,Yes,Yes,Susceptible
4474,6,Yes,No,Susceptible
4475,18,Yes,No,Susceptible
4476,22,No,Yes,Susceptible
4477,33,Yes,Yes,Susceptible
4478,30,No,Yes,Infectious
4479,81,No,No,Susceptible
4480,32,Yes,No,Susceptible
4481,42,No,No,Susceptible
4482,78,No,Yes,Susceptible
4483,10,Yes,No,Susceptible
4484,36,No,No,Susceptible
4485,34,Yes,No,Susceptible
4486,73,No,Yes,Infectious
4487,28,Yes,No,Susceptible
4488,11,No,Yes,Susceptible
4489,78,No,Yes,Susceptible
4490,39,Yes,Yes,Infectious
4491,47,Yes,No,Exposed
4492,19,No,No,Susceptible
4493,15,No,No,Susceptible
4494,28,Yes,No,Recovered
4495,24,Yes,Yes,Susceptible
4496,72,Yes,No,Susceptible
4497,9,Yes,No,Recovered
4498,47,Yes,Yes,Susceptible
4499,33,Yes,Yes,Susceptible
4500,62,Yes,No,Recovered
4501,19,No,No,Exposed
4502,67,Yes,No,Susceptible
4503,74,No,Yes,Susceptible
4504,40,Yes,No,Susceptible
4505,47,No,No,Susceptible
4506,65,Yes,Yes,Susceptible
4507,29,Yes,Yes,Susceptible
4508,50,Yes,No,Susceptible
4509,13,No,Yes,Susceptible
4510,1,Yes,Yes,Susceptible
4511,34,No,No,Susceptible
4512,48,Yes,Yes,Susceptible
4513,77,No,No,Susceptible
4514,48,Yes,Yes,Susceptible
4515,49,Yes,No,Susceptible
4516,64,Yes,Yes,Susceptible
4517,61,No,No,Recovered
4518,29,Yes,No,Susceptible
4519,39,Yes,Yes,Recovered
4520,88,No,No,Susceptible
4521,26,Yes,No,Susceptible
4522,17,Yes,Yes,Susceptible
4523,71,Yes,Yes,Susceptible
4524,13,No,Yes,Susceptible
4525,69,Yes,Yes,Susceptible
4526,26,No,Yes,Susceptible
4527,49,Yes,No,Susceptible
4528,67,No,No,Infectious
4529,7,Yes,Yes,Susceptible
4530,58,Yes,No,Susceptible
4531,49,No,Yes,Susceptible
4532,53,Yes,No,Susceptible
4533,65,Yes,Yes,Susceptible
4534,62,Yes,No,Susceptible
4535,17,Yes,Yes,Susceptible
4536,43,Yes,Yes,Exposed
4537,25,No,Yes,Susceptible
4538,3,Yes,No,Susceptible
4539,79,No,No,Susceptible
4540,29,Yes,No,Susceptible
4541,32,Yes,Yes,Susceptible
4542,26,No,No,Susceptible
4543,16,No,Yes,Susceptible
4544,25,Yes,Yes,Susceptible
4545,54,No,Yes,Susceptible
4546,28,No,Yes,Recovered
4547,73,No,No,Susceptible
4548,56,Yes,Yes,Susceptible
4549,65,No,Yes,Susceptible
4550,86,No,No,Susceptible
4551,80,Yes,Yes,Susceptible
4552,41,No,No,Susceptible
4553,51,Yes,No,Susceptible
4554,71,Yes,No,Susceptible
4555,78,No,No,Exposed
4556,29,Yes,No,Susceptible
4557,83,No,Yes,Susceptible
4558,19,No,Yes,Susceptible
4559,66,Yes,Yes,Susceptible
4560,41,No,No,Susceptible
4561,45,No,Yes,Susceptible
4562,15,Yes,Yes,Recovered
4563,3,Yes,No,Susceptible
4564,11,Yes,Yes,Susceptible
4565,53,Yes,No,Susceptible
4566,46,No,Yes,Susceptible
4567,30,No,No,Susceptible
4568,57,Yes,No,Susceptible
4569,18,Yes,No,Susceptible
4570,51,No,Yes,Susceptible
4571,48,Yes,Yes,Susceptible
4572,66,No,No,Susceptible
4573,8,No,Yes,Susceptible
4574,22,Yes,No,Susceptible
4575,6,Yes,No,Susceptible
4576,76,Yes,Yes,Susceptible
4577,57,No,Yes,Susceptible
4578,36,Yes,Yes,Susceptible
4579,79,Yes,Yes,Susceptible
4580,57,Yes,No,Susceptible
4581,49,Yes,Yes,Recovered
4582,45,Yes,Yes,Susceptible
4583,82,No,No,Recovered
4584,66,Yes,Yes,Susceptible
4585,77,No,Yes,Susceptible
4586,45,No,No,Susceptible
4587,79,No,Yes,Susceptible
4588,20,Yes,No,Infectious
4589,64,Yes,Yes,Susceptible
4590,67,Yes,Yes,Exposed
4591,83,Yes,No,Susceptible
4592,3,Yes,Yes,Susceptible
4593,54,No,Yes,Exposed
4594,78,Yes,Yes,Susceptible
4595,64,Yes,Yes,Recovered
4596,40,Yes,Yes,Susceptible
4597,59,No,No,Susceptible
4598,55,Yes,No,Recovered
4599,62,Yes,No,Susceptible
4600,4,No,Yes,Susceptible
4601,60,No,No,Susceptible
4602,75,Yes,No,Susceptible
4603,30,No,No,Susceptible
4604,2,Yes,Yes,Susceptible
4605,62,No,Yes,Susceptible
4606,49,No,Yes,Susceptible
4607,9,Yes,No,Infectious
4608,31,Yes,Yes,Susceptible
4609,61,Yes,Yes,Susceptible
4610,79,Yes,No,Susceptible
4611,48,No,No,Susceptible
4612,25,Yes,Yes,Susceptible
4613,36,Yes,Yes,Susceptible
4614,8,Yes,No,Susceptible
4615,73,Yes,No,Susceptible
4616,58,Yes,Yes,Recovered
4617,45,Yes,Yes,Susceptible
4618,62,Yes,Yes,Exposed
4619,39,No,Yes,Susceptible
4620,58,Yes,No,Susceptible
4621,81,No,Yes,Susceptible
4622,83,Yes,Yes,Susceptible
4623,64,Yes,Yes,Susceptible
4624,44,No,No,Infectious
4625,29,Yes,No,Susceptible
4626,59,Yes,No,Exposed
4627,71,Yes,No,Susceptible
4628,9,Yes,No,Susceptible
4629,6,No,No,Susceptible
4630,29,No,No,Susceptible
4631,58,Yes,Yes,Susceptible
4632,17,Yes,Yes,Susceptible
4633,16,Yes,Yes,Exposed
4634,87,Yes,Yes,Susceptible
4635,3,Yes,Yes,Susceptible
4636,21,Yes,No,Susceptible
4637,64,Yes,No,Susceptible
4638,36,Yes,Yes,Susceptible
4639,86,Yes,No,Recovered
4640,62,Yes,Yes,Exposed
4641,42,Yes,No,Susceptible
4642,76,Yes,Yes,Susceptible
4643,42,Yes,No,Susceptible
4644,61,Yes,Yes,Susceptible
4645,13,Yes,Yes,Susceptible
4646,11,Yes,Yes,Susceptible
4647,54,Yes,Yes,Susceptible
4648,16,No,No,Susceptible
4649,8,No,Yes,Exposed
4650,59,Yes,No,Susceptible
4651,57,No,Yes,Susceptible
4652,40,Yes,No,Susceptible
4653,59,No,No,Susceptible
4654,2,Yes,No,Infectious
4655,76,No,No,Susceptible
4656,10,Yes,Yes,Susceptible
4657,44,No,Yes,Susceptible
4658,11,No,Yes,Susceptible
4659,79,Yes,Yes,Susceptible
4660,80,No,Yes,Exposed
4661,81,Yes,No,Susceptible
4662,2,Yes,Yes,Susceptible
4663,50,Yes,No,Susceptible
4664,12,Yes,No,Susceptible
4665,23,Yes,Yes,Susceptible
4666,18,No,Yes,Susceptible
4667,62,Yes,Yes,Susceptible
4668,62,Yes,Yes,Susceptible
4669,38,No,Yes,Recovered
4670,67,Yes,No,Susceptible
4671,38,Yes,No,Susceptible
4672,67,Yes,No,Susceptible
4673,61,No,No,Susceptible
4674,1,Yes,Yes,Susceptible
4675,45,No,No,Susceptible
4676,28,No,Yes,Susceptible
4677,21,No,No,Susceptible
4678,13,Yes,No,Susceptible
4679,27,No,Yes,Susceptible
4680,7,Yes,No,Susceptible
4681,22,No,Yes,Susceptible
4682,74,Yes,No,Exposed
4683,53,Yes,No,Exposed
4684,79,Yes,Yes,Susceptible
4685,79,No,Yes,Exposed
4686,4,Yes,No,Susceptible
4687,23,No,Yes,Susceptible
4688,70,Yes,No,Exposed
4689,88,Yes,Yes,Recovered
4690,84,No,Yes,Susceptible
4691,84,Yes,No,Susceptible
4692,76,Yes,No,Infectious
4693,33,Yes,No,Susceptible
4694,28,Yes,No,Susceptible
4695,8,Yes,No,Susceptible
4696,1,Yes,No,Susceptible
4697,37,Yes,Yes,Susceptible
4698,63,No,Yes,Exposed
4699,22,Yes,No,Susceptible
4700,70,Yes,No,Susceptible
4701,21,Yes,Yes,Susceptible
4702,35,Yes,No,Susceptible
4703,79,No,Yes,Susceptible
4704,5,No,Yes,Susceptible
4705,60,Yes,Yes,Susceptible
4706,46,Yes,Yes,Exposed
4707,50,No,Yes,Susceptible
4708,48,Yes,No,Exposed
4709,6,Yes,Yes,Susceptible
4710,89,No,No,Susceptible
4711,56,No,Yes,Exposed
4712,59,Yes,No,Susceptible
4713,29,No,No,Susceptible
4714,71,Yes,No,Susceptible
4715,77,Yes,Yes,Susceptible
4716,18,Yes,No,Susceptible
4717,2,Yes,No,Exposed
4718,8,Yes,Yes,Susceptible
4719,75,No,No,Susceptible
4720,54,No,Yes,Susceptible
4721,38,Yes,Yes,Susceptible
4722,48,Yes,Yes,Susceptible
4723,27,Yes,Yes,Susceptible
4724,20,Yes,Yes,Exposed
4725,12,No,No,Susceptible
4726,43,Yes,Yes,Susceptible
4727,61,Yes,No,Susceptible
4728,31,Yes,No,Susceptible
4729,61,Yes,Yes,Exposed
4730,74,Yes,No,Susceptible
4731,67,No,Yes,Susceptible
4732,35,Yes,No,Susceptible
4733,15,Yes,Yes,Susceptible
4734,16,No,Yes,Susceptible
4735,13,Yes,No,Susceptible
4736,35,Yes,Yes,Susceptible
4737,75,Yes,Yes,Susceptible
4738,59,Yes,Yes,Susceptible
4739,21,No,No,Susceptible
4740,54,Yes,Yes,Susceptible
4741,75,No,No,Susceptible
4742,30,Yes,Yes,Susceptible
4743,48,No,No,Susceptible
4744,35,Yes,Yes,Susceptible
4745,86,Yes,No,Susceptible
4746,38,No,No,Susceptible
4747,31,Yes,No,Exposed
4748,78,Yes,Yes,Susceptible
4749,24,Yes,No,Susceptible
4750,49,Yes,No,Susceptible
4751,32,Yes,Yes,Susceptible
4752,55,No,No,Susceptible
4753,79,Yes,No,Susceptible
4754,58,Yes,No,Exposed
4755,3,Yes,Yes,Recovered
4756,80,Yes,Yes,Susceptible
4757,69,Yes,Yes,Susceptible
4758,85,Yes,No,Susceptible
4759,10,Yes,No,Susceptible
4760,83,Yes,Yes,Susceptible
4761,25,Yes,Yes,Infectious
4762,68,Yes,Yes,Exposed
4763,61,No,No,Susceptible
4764,29,Yes,Yes,Infectious
4765,19,Yes,Yes,Recovered
4766,43,Yes,No,Susceptible
4767,66,No,No,Susceptible
4768,74,Yes,No,Susceptible
4769,61,Yes,Yes,Susceptible
4770,43,Yes,Yes,Susceptible
4771,25,No,No,Susceptible
4772,20,No,Yes,Susceptible
4773,48,No,No,Susceptible
4774,83,No,Yes,Recovered
4775,87,Yes,Yes,Susceptible
4776,24,No,Yes,Susceptible
4777,11,Yes,Yes,Susceptible
4778,55,No,No,Susceptible
4779,28,No,Yes,Susceptible
4780,69,Yes,Yes,Susceptible
4781,63,Yes,Yes,Susceptible
4782,59,No,No,Susceptible
4783,5,No,Yes,Susceptible
4784,51,Yes,No,Susceptible
4785,21,No,No,Recovered
4786,12,Yes,Yes,Susceptible
4787,50,Yes,Yes,Recovered
4788,4,Yes,No,Susceptible
4789,42,Yes,No,Susceptible
4790,84,Yes,Yes,Exposed
4791,38,No,No,Infectious
4792,25,Yes,Yes,Susceptible
4793,14,No,No,Susceptible
4794,75,Yes,Yes,Susceptible
4795,32,Yes,Yes,Susceptible
4796,11,No,Yes,Susceptible
4797,61,Yes,No,Exposed
4798,18,Yes,Yes,Susceptible
4799,27,Yes,Yes,Susceptible
4800,55,Yes,No,Exposed
4801,54,Yes,No,Infectious
4802,82,Yes,Yes,Susceptible
4803,87,Yes,Yes,Exposed
4804,75,No,Yes,Infectious
4805,21,Yes,No,Susceptible
4806,44,No,Yes,Susceptible
4807,5,No,Yes,Infectious
4808,87,Yes,Yes,Infectious
4809,41,No,No,Susceptible
4810,59,Yes,Yes,Susceptible
4811,89,Yes,No,Susceptible
4812,54,Yes,Yes,Susceptible
4813,74,Yes,Yes,Susceptible
4814,22,Yes,No,Susceptible
4815,83,No,No,Susceptible
4816,65,Yes,No,Susceptible
4817,64,No,No,Susceptible
4818,71,Yes,Yes,Susceptible
4819,4,Yes,No,Susceptible
4820,65,No,Yes,Exposed
4821,15,No,No,Susceptible
4822,76,Yes,Yes,Susceptible
4823,22,No,Yes,Exposed
4824,86,Yes,Yes,Susceptible
4825,47,Yes,Yes,Susceptible
4826,81,Yes,No,Susceptible
4827,46,No,Yes,Susceptible
4828,14,Yes,Yes,Susceptible
4829,50,No,No,Susceptible
4830,20,Yes,No,Susceptible
4831,50,Yes,Yes,Susceptible
4832,33,Yes,No,Susceptible
4833,59,Yes,Yes,Recovered
4834,43,Yes,No,Susceptible
4835,79,Yes,Yes,Exposed
4836,12,No,Yes,Susceptible
4837,40,Yes,No,Susceptible
4838,20,Yes,No,Susceptible
4839,38,Yes,No,Susceptible
4840,3,Yes,No,Susceptible
4841,28,No,Yes,Susceptible
4842,56,No,No,Susceptible
4843,13,Yes,No,Susceptible
4844,77,Yes,Yes,Susceptible
4845,66,Yes,No,Susceptible
4846,37,No,No,Infectious
4847,49,Yes,Yes,Susceptible
4848,66,Yes,No,Susceptible
4849,36,Yes,No,Susceptible
4850,54,No,Yes,Susceptible
4851,26,Yes,Yes,Infectious
4852,75,No,No,Susceptible
4853,72,No,Yes,Recovered
4854,40,No,No,Susceptible
4855,43,No,Yes,Susceptible
4856,22,No,Yes,Susceptible
4857,20,No,Yes,Susceptible
4858,8,Yes,Yes,Susceptible
4859,29,Yes,No,Susceptible
4860,40,No,Yes,Susceptible
4861,30,Yes,Yes,Susceptible
4862,81,Yes,Yes,Recovered
4863,84,Yes,No,Susceptible
4864,55,Yes,No,Susceptible
4865,16,Yes,Yes,Susceptible
4866,46,Yes,No,Exposed
4867,62,Yes,Yes,Exposed
4868,7,Yes,No,Susceptible
4869,80,No,Yes,Susceptible
4870,45,No,No,Susceptible
4871,59,Yes,No,Susceptible
4872,56,Yes,No,Infectious
4873,48,Yes,No,Susceptible
4874,27,Yes,Yes,Recovered
4875,53,Yes,No,Susceptible
4876,87,No,No,Susceptible
4877,88,Yes,No,Susceptible
4878,73,Yes,No,Susceptible
4879,35,No,No,Susceptible
4880,51,No,No,Susceptible
4881,84,Yes,No,Susceptible
4882,37,Yes,Yes,Exposed
4883,81,Yes,No,Susceptible
4884,57,Yes,Yes,Exposed
4885,8,Yes,Yes,Susceptible
4886,79,Yes,No,Infectious
4887,20,No,No,Susceptible
4888,53,Yes,Yes,Exposed
4889,12,Yes,Yes,Exposed
4890,49,Yes,No,Susceptible
4891,17,Yes,No,Susceptible
4892,64,Yes,Yes,Susceptible
4893,42,Yes,Yes,Susceptible
4894,29,No,Yes,Susceptible
4895,19,Yes,Yes,Exposed
4896,11,Yes,Yes,Susceptible
4897,50,Yes,Yes,Susceptible
4898,71,Yes,No,Susceptible
4899,58,Yes,No,Susceptible
4900,34,Yes,No,Susceptible
4901,20,Yes,No,Susceptible
4902,50,Yes,No,Susceptible
4903,88,Yes,No,Susceptible
4904,10,Yes,No,Susceptible
4905,32,Yes,No,Susceptible
4906,52,Yes,Yes,Susceptible
4907,15,No,Yes,Infectious
4908,84,Yes,No,Exposed
4909,3,Yes,Yes,Susceptible
4910,37,No,No,Susceptible
4911,40,Yes,Yes,Susceptible
4912,72,No,No,Susceptible
4913,40,No,Yes,Susceptible
4914,56,Yes,No,Infectious
4915,23,Yes,Yes,Susceptible
4916,11,Yes,Yes,Susceptible
4917,64,No,Yes,Susceptible
4918,8,No,No,Susceptible
4919,56,Yes,Yes,Susceptible
4920,60,Yes,Yes,Susceptible
4921,10,Yes,Yes,Susceptible
4922,39,No,No,Susceptible
4923,28,Yes,No,Susceptible
4924,49,Yes,No,Susceptible
4925,36,Yes,No,Susceptible
4926,13,Yes,No,Susceptible
4927,36,Yes,No,Susceptible
4928,26,Yes,Yes,Susceptible
4929,86,No,No,Susceptible
4930,4,Yes,No,Susceptible
4931,82,Yes,Yes,Recovered
4932,64,Yes,No,Susceptible
4933,38,Yes,No,Susceptible
4934,88,Yes,No,Susceptible
4935,87,Yes,Yes,Exposed
4936,22,No,Yes,Exposed
4937,2,No,Yes,Exposed
4938,31,Yes,Yes,Susceptible
4939,11,Yes,No,Susceptible
4940,46,No,No,Susceptible
4941,62,Yes,No,Susceptible
4942,69,Yes,No,Infectious
4943,64,Yes,No,Susceptible
4944,10,Yes,No,Susceptible
4945,40,Yes,Yes,Exposed
4946,24,No,Yes,Susceptible
4947,44,Yes,Yes,Susceptible
4948,60,Yes,No,Susceptible
4949,62,Yes,Yes,Susceptible
4950,87,No,No,Susceptible
4951,17,Yes,No,Susceptible
4952,65,No,No,Infectious
4953,57,No,Yes,Susceptible
4954,55,Yes,Yes,Susceptible
4955,53,Yes,No,Susceptible
4956,56,Yes,Yes,Recovered
4957,9,No,Yes,Recovered
4958,22,Yes,No,Susceptible
4959,13,Yes,Yes,Susceptible
4960,89,Yes,No,Susceptible
4961,48,No,Yes,Susceptible
4962,18,Yes,Yes,Susceptible
4963,76,No,No,Infectious
4964,40,Yes,No,Exposed
4965,17,No,No,Infectious
4966,15,Yes,Yes,Susceptible
4967,15,Yes,Yes,Susceptible
4968,79,Yes,Yes,Exposed
4969,63,Yes,No,Susceptible
4970,39,Yes,Yes,Susceptible
4971,13,No,Yes,Exposed
4972,81,Yes,Yes,Susceptible
4973,32,Yes,Yes,Susceptible
4974,9,Yes,No,Susceptible
4975,40,No,Yes,Susceptible
4976,20,Yes,Yes,Susceptible
4977,85,Yes,No,Susceptible
4978,82,Yes,Yes,Recovered
4979,77,Yes,No,Susceptible
4980,80,Yes,Yes,Susceptible
4981,73,Yes,Yes,Susceptible
4982,63,Yes,No,Susceptible
4983,76,No,Yes,Susceptible
4984,44,No,Yes,Susceptible
4985,38,No,Yes,Susceptible
4986,83,Yes,No,Susceptible
4987,60,Yes,Yes,Susceptible
4988,71,Yes,No,Susceptible
4989,48,No,No,Susceptible
4990,18,Yes,Yes,Susceptible
4991,16,No,Yes,Susceptible
4992,55,Yes,No,Infectious
4993,39,Yes,No,Susceptible
4994,68,Yes,No,Susceptible
4995,59,No,No,Susceptible
4996,89,Yes,No,Recovered
4997,62,Yes,Yes,Susceptible
4998,13,Yes,No,Susceptible
4999,81,Yes,No,Susceptible
5000,6,Yes,No,Susceptible
5001,83,Yes,No,Susceptible
5002,77,Yes,No,Susceptible
5003,60,Yes,Yes,Susceptible
5004,14,Yes,No,Susceptible
5005,54,Yes,No,Susceptible
5006,4,No,No,Susceptible
5007,39,No,No,Susceptible
5008,72,Yes,No,Infectious
5009,25,No,No,Susceptible
5010,77,Yes,Yes,Susceptible
5011,32,Yes,Yes,Susceptible
5012,59,Yes,Yes,Susceptible
5013,63,No,No,Susceptible
5014,38,No,No,Susceptible
5015,53,Yes,No,Susceptible
5016,67,No,Yes,Susceptible
5017,28,Yes,Yes,Susceptible
5018,3,No,Yes,Susceptible
5019,80,Yes,Yes,Susceptible
5020,22,No,Yes,Susceptible
5021,38,Yes,No,Susceptible
5022,72,Yes,Yes,Susceptible
5023,72,Yes,No,Susceptible
5024,62,Yes,Yes,Susceptible
5025,57,Yes,Yes,Susceptible
5026,6,Yes,No,Infectious
5027,78,No,No,Recovered
5028,32,Yes,Yes,Infectious
5029,10,Yes,No,Susceptible
5030,3,Yes,Yes,Infectious
5031,59,Yes,No,Susceptible
5032,76,No,Yes,Susceptible
5033,49,No,Yes,Susceptible
5034,59,Yes,Yes,Susceptible
5035,31,No,No,Susceptible
5036,69,Yes,Yes,Susceptible
5037,62,Yes,Yes,Susceptible
5038,52,Yes,No,Susceptible
5039,89,No,Yes,Susceptible
5040,41,Yes,Yes,Susceptible
5041,31,Yes,No,Susceptible
5042,85,No,No,Susceptible
5043,84,No,Yes,Susceptible
5044,22,Yes,Yes,Susceptible
5045,4,No,Yes,Susceptible
5046,13,Yes,Yes,Susceptible
5047,45,Yes,No,Infectious
5048,42,No,No,Susceptible
5049,49,No,Yes,Susceptible
5050,20,No,Yes,Susceptible
5051,77,Yes,Yes,Susceptible
5052,81,Yes,Yes,Exposed
5053,54,Yes,No,Susceptible
5054,36,Yes,Yes,Susceptible
5055,1,No,Yes,Susceptible
5056,15,Yes,Yes,Susceptible
5057,77,No,Yes,Susceptible
5058,17,Yes,No,Infectious
5059,24,Yes,Yes,Susceptible
5060,58,No,Yes,Susceptible
5061,72,No,Yes,Recovered
5062,23,Yes,Yes,Susceptible
5063,46,Yes,No,Susceptible
5064,72,Yes,Yes,Susceptible
5065,8,Yes,Yes,Infectious
5066,59,Yes,No,Susceptible
5067,59,No,No,Susceptible
5068,13,Yes,No,Recovered
5069,39,Yes,No,Susceptible
5070,28,Yes,Yes,Susceptible
5071,89,No,No,Susceptible
5072,61,Yes,No,Susceptible
5073,16,No,Yes,Susceptible
5074,2,Yes,No,Susceptible
5075,82,Yes,No,Susceptible
5076,17,Yes,No,Recovered
5077,30,Yes,Yes,Susceptible
5078,13,Yes,No,Susceptible
5079,82,Yes,Yes,Susceptible
5080,13,No,Yes,Infectious
5081,43,No,Yes,Susceptible
5082,85,Yes,No,Susceptible
5083,21,Yes,Yes,Susceptible
5084,55,No,Yes,Susceptible
5085,81,No,Yes,Susceptible
5086,40,Yes,Yes,Susceptible
5087,83,Yes,Yes,Susceptible
5088,15,Yes,No,Susceptible
5089,73,Yes,Yes,Recovered
5090,52,Yes,Yes,Susceptible
5091,74,Yes,No,Susceptible
5092,53,Yes,Yes,Susceptible
5093,87,Yes,No,Susceptible
5094,52,Yes,No,Susceptible
5095,30,No,No,Susceptible
5096,33,Yes,Yes,Exposed
5097,57,Yes,Yes,Susceptible
5098,52,Yes,No,Susceptible
5099,9,Yes,No,Susceptible
5100,54,No,No,Susceptible
5101,1,Yes,Yes,Susceptible
5102,44,No,No,Susceptible
5103,75,Yes,Yes,Susceptible
5104,80,No,Yes,Susceptible
5105,9,Yes,No,Susceptible
5106,32,Yes,Yes,Exposed
5107,15,Yes,No,Susceptible
5108,12,No,Yes,Susceptible
5109,78,No,Yes,Susceptible
5110,57,No,No,Susceptible
5111,8,Yes,Yes,Susceptible
5112,72,Yes,No,Infectious
5113,27,Yes,No,Susceptible
5114,62,Yes,No,Infectious
5115,12,Yes,No,Susceptible
5116,65,Yes,No,Susceptible
5117,42,Yes,No,Susceptible
5118,62,Yes,Yes,Susceptible
5119,11,No,Yes,Susceptible
5120,43,Yes,Yes,Susceptible
5121,17,Yes,Yes,Susceptible
5122,32,Yes,No,Recovered
5123,85,Yes,Yes,Susceptible
5124,85,No,No,Recovered
5125,40,No,No,Exposed
5126,23,Yes,Yes,Susceptible
5127,56,No,No,Recovered
5128,6,Yes,No,Susceptible
5129,86,Yes,No,Recovered
5130,50,Yes,No,Susceptible
5131,37,Yes,Yes,Susceptible
5132,64,No,No,Recovered
5133,54,Yes,Yes,Susceptible
5134,72,Yes,Yes,Susceptible
5135,49,Yes,No,Susceptible
5136,11,No,Yes,Susceptible
5137,88,No,Yes,Exposed
5138,49,Yes,Yes,Exposed
5139,21,Yes,No,Susceptible
5140,66,Yes,No,Susceptible
5141,63,No,Yes,Susceptible
5142,83,No,Yes,Susceptible
5143,28,Yes,No,Infectious
5144,17,Yes,Yes,Susceptible
5145,6,No,Yes,Susceptible
5146,19,No,Yes,Susceptible
5147,56,Yes,Yes,Susceptible
5148,28,Yes,No,Susceptible
5149,66,Yes,Yes,Susceptible
5150,38,Yes,Yes,Susceptible
5151,37,No,No,Recovered
5152,68,No,No,Susceptible
5153,86,Yes,No,Susceptible
5154,49,Yes,Yes,Susceptible
5155,43,No,Yes,Susceptible
5156,36,Yes,Yes,Susceptible
5157,58,Yes,No,Susceptible
5158,13,Yes,Yes,Susceptible
5159,52,Yes,No,Recovered
5160,58,Yes,No,Susceptible
5161,32,No,Yes,Infectious
5162,81,Yes,No,Susceptible
5163,60,Yes,No,Susceptible
5164,83,No,No,Susceptible
5165,58,Yes,Yes,Susceptible
5166,56,No,Yes,Susceptible
5167,28,Yes,Yes,Recovered
5168,1,Yes,No,Exposed
5169,42,No,Yes,Infectious
5170,82,Yes,No,Susceptible
5171,48,Yes,No,Susceptible
5172,40,Yes,Yes,Susceptible
5173,63,Yes,Yes,Susceptible
5174,76,Yes,No,Susceptible
5175,72,No,Yes,Susceptible
5176,88,Yes,Yes,Susceptible
5177,80,Yes,Yes,Susceptible
5178,4,No,No,Susceptible
5179,38,No,Yes,Infectious
5180,27,Yes,Yes,Susceptible
5181,9,Yes,Yes,Susceptible
5182,16,Yes,No,Susceptible
5183,56,No,No,Susceptible
5184,76,No,Yes,Susceptible
5185,31,Yes,No,Susceptible
5186,88,Yes,No,Susceptible
5187,14,Yes,No,Susceptible
5188,25,Yes,No,Susceptible
5189,34,No,Yes,Susceptible
5190,67,Yes,No,Infectious
5191,24,Yes,Yes,Susceptible
5192,73,No,Yes,Susceptible
5193,26,No,No,Susceptible
5194,20,No,Yes,Susceptible
5195,64,Yes,No,Susceptible
5196,10,No,Yes,Susceptible
5197,83,Yes,Yes,Susceptible
5198,67,Yes,No,Susceptible
5199,24,Yes,No,Susceptible
5200,5,No,No,Susceptible
5201,67,Yes,No,Susceptible
5202,58,Yes,No,Recovered
5203,27,No,No,Susceptible
5204,80,No,No,Susceptible
5205,15,Yes,No,Susceptible
5206,35,Yes,Yes,Susceptible
5207,76,No,No,Susceptible
5208,53,Yes,No,Susceptible
5209,44,Yes,Yes,Susceptible
5210,26,Yes,No,Susceptible
5211,47,No,No,Susceptible
5212,34,Yes,No,Susceptible
5213,87,Yes,Yes,Susceptible
5214,50,Yes,No,Susceptible
5215,84,Yes,Yes,Susceptible
5216,12,Yes,No,Susceptible
5217,87,No,No,Susceptible
5218,4,No,No,Exposed
5219,87,Yes,Yes,Susceptible
5220,48,No,No,Susceptible
5221,55,No,Yes,Susceptible
5222,1,No,Yes,Susceptible
5223,89,Yes,No,Exposed
5224,66,Yes,Yes,Recovered
5225,30,Yes,No,Recovered
5226,3,No,No,Susceptible
5227,21,Yes,Yes,Susceptible
5228,89,Yes,No,Susceptible
5229,84,Yes,Yes,Susceptible
5230,49,Yes,No,Susceptible
5231,86,No,No,Susceptible
5232,85,Yes,No,Susceptible
5233,62,No,Yes,Susceptible
5234,38,No,No,Susceptible
5235,15,Yes,No,Susceptible
5236,52,Yes,No,Infectious
5237,79,Yes,Yes,Susceptible
5238,46,Yes,Yes,Susceptible
5239,25,Yes,Yes,Susceptible
5240,21,Yes,Yes,Susceptible
5241,88,Yes,Yes,Susceptible
5242,5,Yes,No,Susceptible
5243,70,Yes,No,Susceptible
5244,47,Yes,Yes,Susceptible
5245,87,Yes,No,Susceptible
5246,68,Yes,Yes,Susceptible
5247,18,Yes,No,Susceptible
5248,21,Yes,Yes,Susceptible
5249,86,Yes,No,Susceptible
5250,23,Yes,Yes,Susceptible
5251,64,Yes,No,Recovered
5252,67,No,No,Susceptible
5253,40,Yes,Yes,Susceptible
5254,10,No,Yes,Susceptible
5255,89,Yes,No,Recovered
5256,52,No,Yes,Exposed
5257,72,No,No,Susceptible
5258,75,No,No,Infectious
5259,61,Yes,Yes,Susceptible
5260,64,Yes,Yes,Susceptible
5261,5,No,Yes,Susceptible
5262,53,No,Yes,Susceptible
5263,55,Yes,Yes,Susceptible
5264,37,Yes,Yes,Susceptible
5265,56,Yes,No,Susceptible
5266,59,No,Yes,Susceptible
5267,69,Yes,No,Susceptible
5268,73,Yes,Yes,Recovered
5269,59,Yes,Yes,Infectious
5270,2,Yes,Yes,Susceptible
5271,65,Yes,Yes,Susceptible
5272,60,Yes,Yes,Susceptible
5273,51,Yes,Yes,Susceptible
5274,30,No,No,Susceptible
5275,11,Yes,Yes,Susceptible
5276,76,Yes,No,Susceptible
5277,39,Yes,Yes,Susceptible
5278,77,Yes,Yes,Susceptible
5279,72,No,No,Susceptible
5280,63,Yes,Yes,Susceptible
5281,64,Yes,No,Susceptible
5282,61,Yes,Yes,Susceptible
5283,54,No,Yes,Susceptible
5284,73,Yes,No,Susceptible
5285,58,Yes,Yes,Susceptible
5286,85,Yes,Yes,Susceptible
5287,56,No,No,Susceptible
5288,34,No,Yes,Susceptible
5289,31,Yes,No,Recovered
5290,52,No,No,Infectious
5291,89,Yes,Yes,Susceptible
5292,76,Yes,No,Susceptible
5293,1,No,Yes,Exposed
5294,55,Yes,Yes,Susceptible
5295,22,Yes,Yes,Susceptible
5296,40,Yes,No,Susceptible
5297,1,No,No,Susceptible
5298,65,Yes,No,Susceptible
5299,63,Yes,No,Susceptible
5300,54,No,No,Susceptible
5301,42,No,Yes,Exposed
5302,21,Yes,No,Susceptible
5303,79,No,No,Susceptible
5304,81,Yes,Yes,Susceptible
5305,22,Yes,No,Infectious
5306,38,Yes,No,Susceptible
5307,80,Yes,No,Susceptible
5308,8,Yes,No,Susceptible
5309,62,Yes,No,Susceptible
5310,47,Yes,Yes,Susceptible
5311,17,Yes,No,Susceptible
5312,17,No,No,Susceptible
5313,13,No,Yes,Susceptible
5314,17,Yes,No,Susceptible
5315,38,Yes,Yes,Susceptible
5316,81,Yes,Yes,Susceptible
5317,78,No,No,Susceptible
5318,45,Yes,No,Susceptible
5319,6,Yes,Yes,Susceptible
5320,35,Yes,No,Susceptible
5321,14,Yes,Yes,Susceptible
5322,72,Yes,No,Susceptible
5323,61,Yes,Yes,Susceptible
5324,15,Yes,No,Susceptible
5325,54,Yes,Yes,Exposed
5326,27,Yes,No,Susceptible
5327,13,Yes,No,Susceptible
5328,31,No,No,Susceptible
5329,35,No,No,Infectious
5330,60,Yes,No,Susceptible
5331,6,Yes,Yes,Susceptible
5332,69,No,Yes,Susceptible
5333,86,Yes,Yes,Susceptible
5334,58,Yes,No,Exposed
5335,49,Yes,No,Susceptible
5336,23,Yes,Yes,Susceptible
5337,89,No,Yes,Susceptible
5338,34,Yes,Yes,Susceptible
5339,26,Yes,No,Susceptible
5340,47,No,Yes,Susceptible
5341,5,Yes,Yes,Susceptible
5342,20,Yes,No,Recovered
5343,6,No,No,Susceptible
5344,70,Yes,No,Exposed
5345,59,No,Yes,Susceptible
5346,64,Yes,No,Susceptible
5347,18,Yes,No,Exposed
5348,4,No,Yes,Susceptible
5349,17,Yes,Yes,Recovered
5350,14,No,No,Susceptible
5351,78,Yes,Yes,Susceptible
5352,13,No,No,Susceptible
5353,7,Yes,Yes,Susceptible
5354,44,No,No,Susceptible
5355,15,Yes,No,Susceptible
5356,19,Yes,Yes,Susceptible
5357,63,Yes,No,Susceptible
5358,35,Yes,No,Susceptible
5359,81,Yes,Yes,Susceptible
5360,35,Yes,Yes,Susceptible
5361,19,No,No,Recovered
5362,20,Yes,No,Exposed
5363,35,Yes,No,Susceptible
5364,32,No,No,Susceptible
5365,48,Yes,Yes,Susceptible
5366,44,Yes,Yes,Infectious
5367,24,Yes,No,Susceptible
5368,61,No,Yes,Susceptible
5369,17,Yes,Yes,Exposed
5370,71,No,No,Susceptible
5371,50,No,Yes,Susceptible
5372,65,Yes,No,Susceptible
5373,32,No,No,Susceptible
5374,36,Yes,Yes,Susceptible
5375,13,Yes,No,Susceptible
5376,70,Yes,Yes,Exposed
5377,58,Yes,No,Susceptible
5378,14,No,Yes,Susceptible
5379,37,No,Yes,Susceptible
5380,79,Yes,No,Susceptible
5381,68,Yes,Yes,Susceptible
5382,40,Yes,Yes,Exposed
5383,59,Yes,No,Susceptible
5384,80,Yes,Yes,Susceptible
5385,16,No,No,Susceptible
5386,62,Yes,No,Susceptible
5387,4,Yes,Yes,Susceptible
5388,45,Yes,No,Susceptible
5389,28,Yes,Yes,Susceptible
5390,66,Yes,Yes,Susceptible
5391,31,Yes,No,Susceptible
5392,3,No,Yes,Recovered
5393,8,No,No,Susceptible
5394,24,Yes,No,Susceptible
5395,15,Yes,No,Susceptible
5396,43,Yes,Yes,Susceptible
5397,31,Yes,Yes,Susceptible
5398,73,Yes,No,Susceptible
5399,45,Yes,Yes,Exposed
5400,66,No,No,Susceptible
5401,8,Yes,No,Susceptible
5402,71,No,No,Recovered
5403,57,No,No,Susceptible
5404,80,Yes,No,Susceptible
5405,30,Yes,Yes,Susceptible
5406,74,Yes,No,Susceptible
5407,18,No,No,Susceptible
5408,69,Yes,Yes,Susceptible
5409,39,No,Yes,Infectious
5410,60,Yes,No,Susceptible
5411,43,Yes,Yes,Exposed
5412,45,Yes,No,Susceptible
5413,23,Yes,No,Susceptible
5414,69,Yes,No,Susceptible
5415,6,No,Yes,Susceptible
5416,56,Yes,No,Susceptible
5417,4,No,Yes,Susceptible
5418,23,Yes,No,Susceptible
5419,6,No,Yes,Susceptible
5420,32,Yes,No,Susceptible
5421,18,Yes,Yes,Susceptible
5422,15,Yes,Yes,Susceptible
5423,40,Yes,No,Susceptible
5424,73,No,No,Recovered
5425,74,No,No,Infectious
5426,84,No,Yes,Susceptible
5427,6,Yes,No,Susceptible
5428,63,No,No,Susceptible
5429,67,No,Yes,Susceptible
5430,11,Yes,No,Susceptible
5431,43,No,No,Susceptible
5432,17,Yes,No,Susceptible
5433,4,No,No,Susceptible
5434,63,Yes,Yes,Susceptible
5435,68,Yes,No,Recovered
5436,81,Yes,Yes,Susceptible
5437,41,Yes,Yes,Susceptible
5438,83,Yes,No,Exposed
5439,5,Yes,No,Susceptible
5440,32,Yes,Yes,Susceptible
5441,86,Yes,No,Susceptible
5442,70,No,No,Susceptible
5443,35,No,No,Susceptible
5444,22,No,No,Susceptible
5445,65,No,No,Exposed
5446,84,Yes,No,Susceptible
5447,22,No,Yes,Susceptible
5448,11,Yes,No,Susceptible
5449,77,No,No,Susceptible
5450,3,Yes,Yes,Susceptible
5451,9,No,No,Susceptible
5452,60,Yes,No,Susceptible
5453,76,Yes,Yes,Susceptible
5454,87,No,Yes,Susceptible
5455,14,Yes,No,Infectious
5456,18,No,No,Susceptible
5457,73,No,No,Infectious
5458,23,No,Yes,Susceptible
5459,74,Yes,Yes,Susceptible
5460,83,No,No,Susceptible
5461,47,No,Yes,Susceptible
5462,69,Yes,Yes,Exposed
5463,47,No,Yes,Susceptible
5464,87,Yes,No,Susceptible
5465,30,Yes,No,Susceptible
5466,25,Yes,No,Susceptible
5467,28,Yes,No,Susceptible
5468,25,Yes,No,Susceptible
5469,74,Yes,No,Susceptible
5470,78,No,No,Recovered
5471,58,Yes,Yes,Susceptible
5472,41,No,No,Susceptible
5473,25,Yes,No,Susceptible
5474,78,Yes,Yes,Susceptible
5475,48,Yes,Yes,Susceptible
5476,10,No,No,Susceptible
5477,75,Yes,Yes,Susceptible
5478,11,No,No,Susceptible
5479,85,No,Yes,Susceptible
5480,21,Yes,No,Susceptible
5481,86,Yes,Yes,Exposed
5482,45,Yes,No,Susceptible
5483,7,Yes,No,Susceptible
5484,81,No,Yes,Exposed
5485,64,Yes,Yes,Susceptible
5486,64,Yes,No,Susceptible
5487,2,Yes,No,Recovered
5488,76,No,Yes,Susceptible
5489,42,No,Yes,Susceptible
5490,82,Yes,Yes,Susceptible
5491,54,Yes,Yes,Susceptible
5492,75,No,No,Susceptible
5493,16,Yes,No,Susceptible
5494,18,Yes,Yes,Susceptible
5495,59,Yes,No,Susceptible
5496,16,Yes,No,Susceptible
5497,6,Yes,No,Susceptible
5498,57,No,No,Recovered
5499,47,Yes,No,Susceptible
5500,48,No,No,Susceptible
5501,42,No,Yes,Susceptible
5502,76,Yes,Yes,Infectious
5503,60,Yes,Yes,Susceptible
5504,77,Yes,No,Recovered
5505,4,Yes,Yes,Susceptible
5506,2,Yes,No,Susceptible
5507,59,Yes,No,Infectious
5508,27,No,Yes,Susceptible
5509,27,Yes,No,Susceptible
5510,79,Yes,No,Susceptible
5511,72,No,No,Susceptible
5512,7,Yes,No,Exposed
5513,63,Yes,No,Susceptible
5514,46,Yes,No,Susceptible
5515,63,No,Yes,Susceptible
5516,12,No,Yes,Susceptible
5517,13,Yes,No,Susceptible
5518,43,Yes,Yes,Recovered
5519,17,Yes,Yes,Susceptible
5520,63,Yes,No,Infectious
5521,81,No,No,Susceptible
5522,36,Yes,No,Susceptible
5523,85,No,Yes,Susceptible
5524,8,Yes,No,Susceptible
5525,69,No,No,Infectious
5526,80,Yes,No,Susceptible
5527,36,No,Yes,Susceptible
5528,28,Yes,No,Susceptible
5529,47,No,Yes,Susceptible
5530,76,Yes,Yes,Infectious
5531,30,Yes,Yes,Susceptible
5532,23,No,No,Recovered
5533,16,Yes,No,Susceptible
5534,14,Yes,Yes,Susceptible
5535,74,Yes,No,Susceptible
5536,71,Yes,Yes,Exposed
5537,52,Yes,No,Susceptible
5538,37,Yes,No,Susceptible
5539,29,No,No,Susceptible
5540,67,Yes,Yes,Susceptible
5541,15,No,No,Susceptible
5542,47,Yes,Yes,Recovered
5543,46,No,Yes,Susceptible
5544,52,Yes,No,Susceptible
5545,19,No,No,Susceptible
5546,77,No,No,Susceptible
5547,21,Yes,No,Susceptible
5548,64,Yes,No,Exposed
5549,37,No,Yes,Susceptible
5550,27,Yes,Yes,Susceptible
5551,55,Yes,No,Susceptible
5552,29,Yes,No,Susceptible
5553,20,Yes,Yes,Susceptible
5554,25,Yes,Yes,Susceptible
5555,70,Yes,No,Recovered
5556,63,No,Yes,Susceptible
5557,36,No,No,Susceptible
5558,2,No,No,Susceptible
5559,22,Yes,Yes,Exposed
5560,16,No,No,Susceptible
5561,18,No,No,Susceptible
5562,69,Yes,Yes,Susceptible
5563,54,Yes,Yes,Susceptible
5564,30,No,No,Exposed
5565,45,No,No,Susceptible
5566,19,Yes,No,Recovered
5567,87,Yes,Yes,Susceptible
5568,34,Yes,Yes,Susceptible
5569,13,Yes,Yes,Susceptible
5570,43,Yes,No,Infectious
5571,62,Yes,No,Susceptible
5572,22,Yes,No,Susceptible
5573,52,Yes,Yes,Susceptible
5574,52,No,Yes,Infectious
5575,36,Yes,Yes,Recovered
5576,73,Yes,Yes,Susceptible
5577,19,No,Yes,Susceptible
5578,38,No,Yes,Susceptible
5579,70,Yes,No,Susceptible
5580,79,Yes,No,Susceptible
5581,57,Yes,No,Susceptible
5582,20,Yes,No,Susceptible
5583,9,Yes,No,Susceptible
5584,32,Yes,Yes,Susceptible
5585,4,Yes,Yes,Susceptible
5586,50,No,Yes,Susceptible
5587,82,Yes,No,Susceptible
5588,5,Yes,Yes,Susceptible
5589,20,Yes,Yes,Susceptible
5590,87,Yes,No,Recovered
5591,75,Yes,No,Susceptible
5592,37,Yes,No,Susceptible
5593,22,Yes,Yes,Susceptible
5594,58,Yes,Yes,Susceptible
5595,68,No,No,Susceptible
5596,44,Yes,Yes,Exposed
5597,34,Yes,Yes,Susceptible
5598,77,Yes,No,Susceptible
5599,42,Yes,No,Susceptible
5600,9,Yes,No,Susceptible
5601,7,No,No,Susceptible
5602,68,No,Yes,Infectious
5603,19,Yes,No,Susceptible
5604,31,No,No,Susceptible
5605,35,No,Yes,Susceptible
5606,57,Yes,No,Susceptible
5607,85,No,No,Susceptible
5608,61,Yes,Yes,Susceptible
5609,31,Yes,No,Susceptible
5610,83,No,No,Susceptible
5611,53,Yes,No,Susceptible
5612,32,Yes,No,Susceptible
5613,66,Yes,Yes,Susceptible
5614,59,No,No,Recovered
5615,10,Yes,Yes,Susceptible
5616,2,Yes,No,Susceptible
5617,66,Yes,Yes,Susceptible
5618,60,Yes,Yes,Susceptible
5619,88,Yes,No,Exposed
5620,17,Yes,No,Susceptible
5621,16,No,Yes,Susceptible
5622,16,Yes,No,Susceptible
5623,46,Yes,No,Susceptible
5624,39,Yes,Yes,Susceptible
5625,31,Yes,No,Susceptible
5626,88,Yes,Yes,Infectious
5627,1,Yes,Yes,Susceptible
5628,11,No,No,Susceptible
5629,85,Yes,No,Susceptible
5630,4,Yes,No,Exposed
5631,71,Yes,No,Susceptible
5632,26,Yes,No,Recovered
5633,50,Yes,Yes,Susceptible
5634,12,Yes,No,Susceptible
5635,81,Yes,No,Susceptible
5636,75,Yes,Yes,Susceptible
5637,65,Yes,No,Susceptible
5638,47,No,No,Susceptible
5639,53,No,Yes,Susceptible
5640,71,Yes,No,Infectious
5641,2,Yes,No,Susceptible
5642,24,Yes,Yes,Susceptible
5643,4,Yes,Yes,Susceptible
5644,19,No,No,Susceptible
5645,26,Yes,No,Susceptible
5646,75,Yes,Yes,Susceptible
5647,40,Yes,No,Susceptible
5648,50,Yes,Yes,Susceptible
5649,43,Yes,Yes,Susceptible
5650,75,Yes,Yes,Susceptible
5651,67,No,Yes,Susceptible
5652,12,Yes,Yes,Infectious
5653,67,Yes,No,Susceptible
5654,27,Yes,Yes,Susceptible
5655,54,Yes,Yes,Susceptible
5656,66,Yes,Yes,Susceptible
5657,49,Yes,Yes,Recovered
5658,16,Yes,Yes,Susceptible
5659,2,Yes,Yes,Susceptible
5660,60,No,Yes,Susceptible
5661,54,Yes,Yes,Susceptible
5662,30,Yes,No,Susceptible
5663,84,Yes,No,Susceptible
5664,38,Yes,No,Susceptible
5665,28,No,No,Susceptible
5666,25,Yes,Yes,Susceptible
5667,10,Yes,Yes,Exposed
5668,60,No,Yes,Susceptible
5669,42,Yes,Yes,Susceptible
5670,40,No,Yes,Susceptible
5671,77,Yes,Yes,Susceptible
5672,42,No,No,Susceptible
5673,47,Yes,No,Susceptible
5674,37,Yes,No,Susceptible
5675,80,Yes,No,Susceptible
5676,22,Yes,No,Recovered
5677,57,Yes,No,Susceptible
5678,84,Yes,Yes,Susceptible
5679,27,No,No,Susceptible
5680,41,No,No,Susceptible
5681,80,No,Yes,Susceptible
5682,34,Yes,Yes,Susceptible
5683,32,Yes,No,Susceptible
5684,89,Yes,Yes,Susceptible
5685,66,Yes,No,Exposed
5686,12,Yes,No,Infectious
5687,40,Yes,Yes,Susceptible
5688,73,No,No,Infectious
5689,76,No,Yes,Susceptible
5690,73,Yes,Yes,Susceptible
5691,10,Yes,Yes,Susceptible
5692,48,Yes,Yes,Susceptible
5693,20,No,No,Susceptible
5694,39,No,Yes,Susceptible
5695,60,Yes,No,Susceptible
5696,66,Yes,Yes,Susceptible
5697,65,Yes,No,Susceptible
5698,51,Yes,Yes,Susceptible
5699,36,Yes,Yes,Susceptible
5700,24,Yes,No,Susceptible
5701,27,Yes,No,Susceptible
5702,2,Yes,No,Susceptible
5703,31,Yes,No,Susceptible
5704,57,Yes,No,Susceptible
5705,78,No,Yes,Susceptible
5706,66,No,Yes,Susceptible
5707,29,Yes,Yes,Susceptible
5708,15,Yes,No,Susceptible
5709,12,Yes,No,Susceptible
5710,28,Yes,Yes,Susceptible
5711,84,No,No,Susceptible
5712,24,Yes,No,Susceptible
5713,21,Yes,No,Susceptible
5714,10,No,No,Susceptible
5715,78,Yes,No,Susceptible
5716,18,Yes,No,Susceptible
5717,88,Yes,Yes,Susceptible
5718,14,No,Yes,Susceptible
5719,34,Yes,Yes,Susceptible
5720,58,Yes,No,Susceptible
5721,76,No,Yes,Susceptible
5722,22,Yes,Yes,Recovered
5723,70,Yes,Yes,Susceptible
5724,36,No,Yes,Susceptible
5725,45,Yes,No,Susceptible
5726,36,No,Yes,Susceptible
5727,22,Yes,Yes,Susceptible
5728,78,No,No,Susceptible
5729,80,Yes,Yes,Susceptible
5730,61,Yes,No,Susceptible
5731,56,No,Yes,Susceptible
5732,89,Yes,No,Susceptible
5733,33,Yes,No,Susceptible
5734,45,Yes,Yes,Recovered
5735,36,No,No,Infectious
5736,20,Yes,Yes,Susceptible
5737,18,Yes,No,Susceptible
5738,38,Yes,No,Susceptible
5739,67,Yes,Yes,Susceptible
5740,23,Yes,Yes,Susceptible
5741,16,No,No,Susceptible
5742,59,Yes,Yes,Infectious
5743,69,Yes,No,Susceptible
5744,68,Yes,Yes,Susceptible
5745,21,No,No,Recovered
5746,78,Yes,No,Susceptible
5747,78,Yes,Yes,Infectious
5748,70,Yes,Yes,Susceptible
5749,12,Yes,No,Susceptible
5750,16,Yes,No,Susceptible
5751,81,No,No,Susceptible
5752,87,Yes,Yes,Recovered
5753,14,Yes,No,Recovered
5754,61,Yes,Yes,Susceptible
5755,71,No,No,Susceptible
5756,46,No,No,Susceptible
5757,32,Yes,No,Susceptible
5758,15,No,Yes,Recovered
5759,44,Yes,Yes,Susceptible
5760,17,No,Yes,Susceptible
5761,41,Yes,Yes,Susceptible
5762,54,No,No,Susceptible
5763,44,No,No,Susceptible
5764,5,Yes,Yes,Susceptible
5765,27,Yes,Yes,Susceptible
5766,87,Yes,Yes,Susceptible
5767,78,No,Yes,Exposed
5768,79,Yes,No,Susceptible
5769,43,Yes,Yes,Susceptible
5770,31,No,Yes,Exposed
5771,17,Yes,No,Susceptible
5772,83,Yes,No,Susceptible
5773,54,No,Yes,Susceptible
5774,62,Yes,Yes,Susceptible
5775,87,Yes,No,Susceptible
5776,32,Yes,No,Susceptible
5777,40,No,No,Susceptible
5778,13,No,Yes,Exposed
5779,84,Yes,Yes,Susceptible
5780,35,Yes,No,Susceptible
5781,5,Yes,Yes,Susceptible
5782,73,Yes,No,Exposed
5783,29,Yes,No,Susceptible
5784,70,Yes,Yes,Susceptible
5785,25,No,No,Susceptible
5786,22,No,Yes,Susceptible
5787,66,No,No,Susceptible
5788,45,Yes,Yes,Susceptible
5789,69,Yes,No,Exposed
5790,89,Yes,Yes,Susceptible
5791,72,Yes,No,Infectious
5792,1,Yes,Yes,Recovered
5793,84,Yes,No,Susceptible
5794,44,Yes,No,Recovered
5795,87,No,Yes,Infectious
5796,75,Yes,No,Exposed
5797,39,No,No,Susceptible
5798,54,No,Yes,Susceptible
5799,88,No,No,Susceptible
5800,75,Yes,Yes,Exposed
5801,29,Yes,Yes,Susceptible
5802,54,Yes,No,Susceptible
5803,16,Yes,No,Susceptible
5804,20,Yes,Yes,Susceptible
5805,46,Yes,No,Infectious
5806,67,Yes,Yes,Susceptible
5807,65,Yes,Yes,Susceptible
5808,58,Yes,No,Susceptible
5809,53,Yes,No,Exposed
5810,1,No,No,Susceptible
5811,81,Yes,Yes,Recovered
5812,66,Yes,Yes,Susceptible
5813,29,Yes,Yes,Susceptible
5814,84,Yes,No,Susceptible
5815,70,Yes,Yes,Susceptible
5816,8,No,Yes,Infectious
5817,29,Yes,No,Exposed
5818,51,Yes,Yes,Susceptible
5819,33,Yes,Yes,Susceptible
5820,3,Yes,Yes,Susceptible
5821,60,Yes,No,Exposed
5822,35,Yes,Yes,Susceptible
5823,69,No,Yes,Susceptible
5824,76,Yes,No,Susceptible
5825,84,Yes,Yes,Susceptible
5826,20,Yes,Yes,Susceptible
5827,73,Yes,No,Susceptible
5828,39,No,No,Susceptible
5829,4,No,No,Susceptible
5830,19,Yes,No,Susceptible
5831,45,Yes,No,Susceptible
5832,43,No,No,Susceptible
5833,13,No,Yes,Susceptible
5834,13,Yes,No,Susceptible
5835,60,Yes,No,Recovered
5836,57,Yes,Yes,Susceptible
5837,86,No,Yes,Susceptible
5838,52,Yes,No,Susceptible
5839,53,Yes,No,Susceptible
5840,86,Yes,No,Susceptible
5841,43,Yes,Yes,Susceptible
5842,83,Yes,Yes,Susceptible
5843,72,Yes,Yes,Susceptible
5844,72,Yes,No,Susceptible
5845,42,Yes,Yes,Recovered
5846,26,Yes,Yes,Exposed
5847,23,No,No,Susceptible
5848,43,Yes,Yes,Susceptible
5849,77,No,No,Susceptible
5850,28,Yes,Yes,Susceptible
5851,9,Yes,Yes,Susceptible
5852,20,No,No,Recovered
5853,56,Yes,No,Susceptible
5854,83,Yes,Yes,Susceptible
5855,39,No,Yes,Susceptible
5856,51,Yes,No,Susceptible
5857,12,Yes,No,Exposed
5858,79,Yes,Yes,Susceptible
5859,55,Yes,Yes,Susceptible
5860,78,No,No,Susceptible
5861,11,Yes,Yes,Susceptible
5862,26,No,No,Susceptible
5863,42,Yes,No,Susceptible
5864,27,Yes,No,Susceptible
5865,11,Yes,No,Susceptible
5866,38,Yes,No,Susceptible
5867,43,No,No,Infectious
5868,19,Yes,No,Susceptible
5869,64,Yes,Yes,Susceptible
5870,6,Yes,Yes,Recovered
5871,46,Yes,Yes,Susceptible
5872,42,Yes,No,Susceptible
5873,65,No,No,Susceptible
5874,72,Yes,No,Exposed
5875,59,No,Yes,Susceptible
5876,52,No,No,Susceptible
5877,47,Yes,Yes,Infectious
5878,7,Yes,No,Susceptible
5879,11,Yes,Yes,Susceptible
5880,61,No,No,Susceptible
5881,68,Yes,Yes,Susceptible
5882,25,Yes,Yes,Susceptible
5883,12,Yes,No,Recovered
5884,26,Yes,No,Infectious
5885,12,Yes,Yes,Recovered
5886,43,No,No,Susceptible
5887,51,Yes,Yes,Susceptible
5888,37,Yes,No,Susceptible
5889,46,Yes,Yes,Susceptible
5890,53,No,No,Susceptible
5891,88,Yes,No,Susceptible
5892,80,No,Yes,Susceptible
5893,13,Yes,No,Exposed
5894,89,Yes,No,Susceptible
5895,54,Yes,No,Susceptible
5896,57,Yes,Yes,Susceptible
5897,4,Yes,No,Susceptible
5898,75,No,No,Susceptible
5899,49,Yes,No,Susceptible
5900,7,Yes,No,Susceptible
5901,11,Yes,Yes,Susceptible
5902,54,No,No,Susceptible
5903,87,Yes,No,Susceptible
5904,45,Yes,No,Susceptible
5905,23,Yes,No,Recovered
5906,28,No,Yes,Infectious
5907,57,Yes,No,Susceptible
5908,26,No,No,Exposed
5909,25,Yes,Yes,Susceptible
5910,54,No,No,Susceptible
5911,29,No,No,Susceptible
5912,83,Yes,No,Susceptible
5913,36,Yes,Yes,Susceptible
5914,14,No,No,Recovered
5915,78,Yes,Yes,Susceptible
5916,35,Yes,No,Susceptible
5917,30,No,No,Exposed
5918,17,Yes,No,Susceptible
5919,67,Yes,No,Susceptible
5920,80,No,No,Susceptible
5921,30,Yes,No,Susceptible
5922,45,Yes,Yes,Susceptible
5923,79,Yes,Yes,Susceptible
5924,89,No,No,Susceptible
5925,51,No,No,Susceptible
5926,47,Yes,No,Susceptible
5927,53,Yes,No,Susceptible
5928,64,Yes,No,Exposed
5929,38,Yes,Yes,Susceptible
5930,64,No,No,Susceptible
5931,87,Yes,No,Susceptible
5932,89,Yes,Yes,Susceptible
5933,7,No,No,Susceptible
5934,22,Yes,No,Susceptible
5935,81,Yes,No,Recovered
5936,82,Yes,No,Susceptible
5937,41,Yes,No,Susceptible
5938,74,Yes,Yes,Recovered
5939,10,Yes,No,Susceptible
5940,57,Yes,Yes,Susceptible
5941,7,Yes,Yes,Susceptible
5942,50,No,No,Susceptible
5943,52,Yes,Yes,Susceptible
5944,33,Yes,No,Susceptible
5945,1,Yes,No,Susceptible
5946,53,Yes,Yes,Susceptible
5947,60,Yes,No,Susceptible
5948,34,Yes,No,Susceptible
5949,4,Yes,Yes,Susceptible
5950,17,No,Yes,Susceptible
5951,4,Yes,No,Infectious
5952,43,Yes,No,Susceptible
5953,4,Yes,Yes,Recovered
5954,1,Yes,Yes,Infectious
5955,71,Yes,No,Infectious
5956,50,No,No,Exposed
5957,73,Yes,Yes,Susceptible
5958,61,Yes,Yes,Susceptible
5959,35,Yes,No,Susceptible
5960,8,Yes,Yes,Susceptible
5961,24,Yes,No,Susceptible
5962,83,Yes,Yes,Susceptible
5963,36,No,Yes,Susceptible
5964,50,Yes,Yes,Susceptible
5965,43,No,Yes,Susceptible
5966,27,Yes,Yes,Susceptible
5967,32,No,Yes,Susceptible
5968,78,No,No,Susceptible
5969,18,Yes,No,Susceptible
5970,28,Yes,No,Susceptible
5971,29,Yes,Yes,Susceptible
5972,16,Yes,Yes,Susceptible
5973,47,Yes,No,Susceptible
5974,59,No,No,Susceptible
5975,31,No,No,Susceptible
5976,4,Yes,Yes,Susceptible
5977,37,Yes,Yes,Recovered
5978,17,Yes,Yes,Susceptible
5979,39,No,Yes,Susceptible
5980,48,Yes,No,Susceptible
5981,46,No,Yes,Recovered
5982,48,Yes,Yes,Susceptible
5983,39,No,No,Exposed
5984,4,Yes,Yes,Susceptible
5985,30,Yes,Yes,Susceptible
5986,30,Yes,No,Susceptible
5987,22,No,Yes,Susceptible
5988,75,Yes,No,Susceptible
5989,66,Yes,No,Susceptible
5990,12,Yes,Yes,Susceptible
5991,36,No,No,Susceptible
5992,18,Yes,No,Recovered
5993,53,Yes,Yes,Susceptible
5994,71,No,Yes,Susceptible
5995,1,Yes,Yes,Exposed
5996,58,Yes,No,Exposed
5997,87,No,Yes,Susceptible
5998,6,Yes,No,Susceptible
5999,70,Yes,No,Susceptible
6000,44,No,Yes,Susceptible
6001,72,No,No,Susceptible
6002,24,Yes,Yes,Susceptible
6003,86,No,Yes,Susceptible
6004,19,Yes,No,Susceptible
6005,18,Yes,Yes,Susceptible
6006,30,No,No,Recovered
6007,42,Yes,Yes,Susceptible
6008,33,Yes,No,Exposed
6009,74,No,Yes,Susceptible
6010,12,No,No,Susceptible
6011,27,Yes,No,Susceptible
6012,39,Yes,Yes,Susceptible
6013,9,Yes,No,Susceptible
6014,21,Yes,Yes,Susceptible
6015,76,Yes,Yes,Susceptible
6016,29,Yes,No,Susceptible
6017,33,Yes,Yes,Susceptible
6018,62,Yes,No,Susceptible
6019,15,Yes,Yes,Susceptible
6020,2,Yes,Yes,Susceptible
6021,52,No,No,Recovered
6022,44,No,Yes,Susceptible
6023,54,Yes,No,Susceptible
6024,18,Yes,No,Susceptible
6025,3,No,Yes,Susceptible
6026,7,Yes,Yes,Recovered
6027,43,Yes,No,Susceptible
6028,82,Yes,No,Susceptible
6029,38,No,No,Susceptible
6030,37,No,No,Susceptible
6031,58,No,No,Susceptible
6032,33,Yes,No,Susceptible
6033,59,No,Yes,Susceptible
6034,11,No,Yes,Susceptible
6035,68,No,Yes,Susceptible
6036,82,No,Yes,Infectious
6037,68,No,Yes,Susceptible
6038,88,Yes,Yes,Susceptible
6039,22,No,Yes,Susceptible
6040,66,No,No,Susceptible
6041,44,Yes,Yes,Susceptible
6042,6,Yes,No,Susceptible
6043,42,Yes,No,Susceptible
6044,25,Yes,No,Susceptible
6045,57,No,Yes,Recovered
6046,85,Yes,Yes,Susceptible
6047,55,Yes,Yes,Susceptible
6048,16,No,Yes,Susceptible
6049,14,Yes,Yes,Exposed
6050,39,Yes,No,Susceptible
6051,28,Yes,No,Susceptible
6052,51,Yes,No,Susceptible
6053,49,Yes,No,Susceptible
6054,9,Yes,No,Susceptible
6055,58,Yes,Yes,Susceptible
6056,45,Yes,No,Susceptible
6057,22,Yes,No,Susceptible
6058,32,Yes,Yes,Susceptible
6059,69,Yes,No,Susceptible
6060,87,No,No,Susceptible
6061,69,Yes,No,Susceptible
6062,42,Yes,No,Susceptible
6063,53,No,No,Susceptible
6064,59,Yes,No,Susceptible
6065,74,No,Yes,Recovered
6066,39,Yes,No,Susceptible
6067,15,No,No,Susceptible
6068,71,Yes,Yes,Susceptible
6069,29,No,No,Susceptible
6070,3,Yes,Yes,Susceptible
6071,83,Yes,No,Susceptible
6072,10,Yes,Yes,Susceptible
6073,29,Yes,No,Susceptible
6074,79,No,No,Susceptible
6075,35,Yes,Yes,Susceptible
6076,6,Yes,Yes,Susceptible
6077,12,Yes,No,Susceptible
6078,38,Yes,No,Susceptible
6079,77,No,Yes,Susceptible
6080,19,Yes,Yes,Susceptible
6081,67,No,No,Susceptible
6082,8,Yes,Yes,Susceptible
6083,8,No,Yes,Exposed
6084,84,No,No,Exposed
6085,47,Yes,No,Susceptible
6086,4,No,Yes,Susceptible
6087,51,Yes,No,Susceptible
6088,85,Yes,No,Susceptible
6089,67,No,No,Susceptible
6090,45,No,Yes,Susceptible
6091,8,Yes,Yes,Exposed
6092,87,Yes,Yes,Infectious
6093,16,No,Yes,Exposed
6094,77,No,No,Susceptible
6095,67,Yes,No,Susceptible
6096,9,Yes,No,Susceptible
6097,60,Yes,Yes,Infectious
6098,78,Yes,Yes,Susceptible
6099,77,Yes,Yes,Exposed
6100,71,Yes,No,Susceptible
6101,15,No,No,Exposed
6102,71,Yes,No,Susceptible
6103,41,Yes,No,Susceptible
6104,22,Yes,No,Susceptible
6105,24,Yes,No,Susceptible
6106,44,Yes,No,Susceptible
6107,1,No,No,Susceptible
6108,10,Yes,Yes,Susceptible
6109,80,Yes,No,Infectious
6110,72,Yes,No,Susceptible
6111,56,Yes,No,Susceptible
6112,89,Yes,No,Susceptible
6113,50,Yes,Yes,Exposed
6114,12,No,No,Susceptible
6115,89,Yes,Yes,Susceptible
6116,81,Yes,Yes,Susceptible
6117,60,Yes,No,Recovered
6118,26,Yes,No,Susceptible
6119,78,Yes,No,Susceptible
6120,41,Yes,Yes,Susceptible
6121,36,Yes,No,Susceptible
6122,23,Yes,Yes,Susceptible
6123,43,Yes,Yes,Susceptible
6124,6,No,No,Recovered
6125,69,Yes,Yes,Susceptible
6126,43,Yes,Yes,Susceptible
6127,25,Yes,No,Infectious
6128,18,Yes,Yes,Susceptible
6129,62,No,Yes,Susceptible
6130,13,Yes,No,Susceptible
6131,43,Yes,Yes,Recovered
6132,78,Yes,No,Susceptible
6133,28,No,Yes,Susceptible
6134,18,No,No,Susceptible
6135,59,Yes,Yes,Infectious
6136,60,Yes,Yes,Susceptible
6137,63,Yes,Yes,Susceptible
6138,57,Yes,Yes,Recovered
6139,51,No,No,Susceptible
6140,56,No,Yes,Susceptible
6141,27,No,Yes,Susceptible
6142,32,Yes,Yes,Susceptible
6143,9,No,Yes,Susceptible
6144,84,Yes,No,Susceptible
6145,68,Yes,Yes,Susceptible
6146,46,Yes,No,Susceptible
6147,67,No,No,Susceptible
6148,26,Yes,Yes,Susceptible
6149,8,Yes,No,Susceptible
6150,6,No,Yes,Susceptible
6151,80,Yes,No,Susceptible
6152,24,Yes,Yes,Susceptible
6153,48,Yes,No,Exposed
6154,45,Yes,No,Susceptible
6155,13,No,No,Susceptible
6156,69,Yes,Yes,Susceptible
6157,25,Yes,Yes,Susceptible
6158,20,No,Yes,Susceptible
6159,82,Yes,Yes,Infectious
6160,82,Yes,Yes,Susceptible
6161,66,No,Yes,Susceptible
6162,74,Yes,Yes,Infectious
6163,45,No,Yes,Susceptible
6164,47,No,Yes,Susceptible
6165,63,No,Yes,Susceptible
6166,76,Yes,Yes,Susceptible
6167,77,No,Yes,Susceptible
6168,55,Yes,Yes,Susceptible
6169,75,No,No,Susceptible
6170,19,Yes,No,Susceptible
6171,35,No,No,Exposed
6172,53,No,Yes,Susceptible
6173,26,No,Yes,Infectious
6174,14,Yes,Yes,Susceptible
6175,45,Yes,Yes,Susceptible
6176,44,Yes,Yes,Susceptible
6177,88,No,No,Susceptible
6178,65,Yes,No,Susceptible
6179,51,Yes,No,Susceptible
6180,43,Yes,Yes,Susceptible
6181,86,No,No,Susceptible
6182,23,Yes,No,Susceptible
6183,56,No,Yes,Susceptible
6184,19,Yes,No,Susceptible
6185,82,Yes,Yes,Susceptible
6186,76,No,Yes,Susceptible
6187,55,No,Yes,Susceptible
6188,60,No,No,Recovered
6189,59,Yes,No,Susceptible
6190,33,No,No,Susceptible
6191,19,No,Yes,Susceptible
6192,28,Yes,Yes,Susceptible
6193,52,Yes,Yes,Exposed
6194,49,Yes,Yes,Susceptible
6195,37,No,Yes,Susceptible
6196,26,Yes,Yes,Susceptible
6197,40,Yes,Yes,Susceptible
6198,80,Yes,Yes,Susceptible
6199,38,Yes,Yes,Susceptible
6200,77,Yes,No,Susceptible
6201,87,No,Yes,Susceptible
6202,54,Yes,Yes,Susceptible
6203,22,Yes,Yes,Susceptible
6204,16,No,Yes,Susceptible
6205,28,No,Yes,Susceptible
6206,35,No,Yes,Susceptible
6207,60,Yes,Yes,Susceptible
6208,45,No,Yes,Susceptible
6209,46,Yes,No,Susceptible
6210,72,Yes,No,Susceptible
6211,55,Yes,Yes,Susceptible
6212,86,Yes,No,Susceptible
6213,85,Yes,Yes,Susceptible
6214,26,Yes,Yes,Susceptible
6215,85,No,Yes,Susceptible
6216,25,No,No,Susceptible
6217,65,No,Yes,Susceptible
6218,6,No,Yes,Exposed
6219,23,Yes,Yes,Susceptible
6220,64,No,No,Susceptible
6221,87,No,No,Susceptible
6222,43,Yes,No,Susceptible
6223,23,Yes,No,Susceptible
6224,30,No,Yes,Recovered
6225,77,Yes,No,Recovered
6226,18,Yes,Yes,Susceptible
6227,87,No,No,Susceptible
6228,79,Yes,Yes,Susceptible
6229,21,Yes,Yes,Susceptible
6230,57,No,No,Susceptible
6231,23,Yes,Yes,Susceptible
6232,45,Yes,No,Susceptible
6233,44,Yes,Yes,Susceptible
6234,82,Yes,Yes,Susceptible
6235,88,Yes,No,Susceptible
6236,47,Yes,No,Susceptible
6237,40,Yes,Yes,Exposed
6238,51,Yes,Yes,Susceptible
6239,42,Yes,Yes,Susceptible
6240,7,Yes,No,Susceptible
6241,50,No,No,Exposed
6242,48,Yes,Yes,Susceptible
6243,84,No,No,Susceptible
6244,6,Yes,Yes,Susceptible
6245,9,Yes,No,Susceptible
6246,57,Yes,No,Exposed
6247,31,Yes,No,Susceptible
6248,21,No,No,Susceptible
6249,40,Yes,Yes,Susceptible
6250,45,Yes,Yes,Recovered
6251,77,Yes,No,Susceptible
6252,49,Yes,Yes,Susceptible
6253,87,Yes,Yes,Susceptible
6254,20,Yes,No,Susceptible
6255,17,Yes,No,Susceptible
6256,28,No,Yes,Susceptible
6257,41,Yes,Yes,Susceptible
6258,66,Yes,Yes,Susceptible
6259,25,Yes,Yes,Susceptible
6260,58,Yes,Yes,Susceptible
6261,41,Yes,No,Susceptible
6262,6,Yes,Yes,Susceptible
6263,75,No,Yes,Susceptible
6264,38,Yes,No,Recovered
6265,6,Yes,No,Susceptible
6266,45,Yes,No,Susceptible
6267,75,Yes,No,Susceptible
6268,14,No,Yes,Susceptible
6269,66,No,No,Susceptible
6270,40,Yes,Yes,Susceptible
6271,3,No,Yes,Susceptible
6272,24,No,Yes,Exposed
6273,19,No,Yes,Susceptible
6274,18,Yes,No,Susceptible
6275,64,No,No,Susceptible
6276,88,Yes,No,Susceptible
6277,35,No,Yes,Susceptible
6278,62,Yes,No,Susceptible
6279,1,Yes,Yes,Susceptible
6280,25,No,Yes,Recovered
6281,45,No,Yes,Susceptible
6282,49,No,No,Susceptible
6283,89,Yes,Yes,Susceptible
6284,16,No,Yes,Susceptible
6285,19,Yes,Yes,Susceptible
6286,23,Yes,No,Susceptible
6287,83,Yes,No,Susceptible
6288,25,Yes,No,Susceptible
6289,16,Yes,Yes,Susceptible
6290,54,Yes,Yes,Susceptible
6291,73,Yes,No,Susceptible
6292,1,Yes,No,Susceptible
6293,42,Yes,Yes,Susceptible
6294,19,No,Yes,Susceptible
6295,34,Yes,No,Susceptible
6296,80,Yes,No,Susceptible
6297,55,Yes,No,Susceptible
6298,18,Yes,No,Susceptible
6299,34,Yes,No,Susceptible
6300,89,Yes,No,Susceptible
6301,45,Yes,Yes,Susceptible
6302,6,No,No,Susceptible
6303,21,Yes,No,Susceptible
6304,70,No,Yes,Susceptible
6305,48,Yes,No,Susceptible
6306,39,Yes,No,Susceptible
6307,31,No,Yes,Susceptible
6308,10,Yes,Yes,Susceptible
6309,30,Yes,Yes,Susceptible
6310,18,Yes,Yes,Susceptible
6311,60,Yes,No,Susceptible
6312,88,Yes,No,Susceptible
6313,73,Yes,Yes,Susceptible
6314,15,Yes,Yes,Susceptible
6315,4,Yes,Yes,Susceptible
6316,63,Yes,Yes,Susceptible
6317,40,Yes,No,Susceptible
6318,9,Yes,Yes,Susceptible
6319,9,No,No,Susceptible
6320,26,No,Yes,Susceptible
6321,4,Yes,Yes,Susceptible
6322,81,No,No,Susceptible
6323,16,No,No,Susceptible
6324,15,No,Yes,Susceptible
6325,52,Yes,No,Susceptible
6326,69,Yes,No,Susceptible
6327,5,Yes,Yes,Susceptible
6328,20,No,No,Infectious
6329,79,Yes,Yes,Susceptible
6330,18,Yes,Yes,Susceptible
6331,2,Yes,Yes,Susceptible
6332,13,Yes,Yes,Susceptible
6333,4,No,No,Susceptible
6334,42,No,No,Susceptible
6335,74,Yes,No,Susceptible
6336,61,Yes,No,Exposed
6337,8,Yes,Yes,Susceptible
6338,67,No,Yes,Susceptible
6339,63,Yes,Yes,Susceptible
6340,9,Yes,No,Susceptible
6341,11,No,No,Susceptible
6342,42,Yes,No,Susceptible
6343,13,Yes,No,Susceptible
6344,36,Yes,No,Susceptible
6345,13,No,No,Susceptible
6346,12,No,No,Susceptible
6347,37,Yes,No,Susceptible
6348,74,No,No,Susceptible
6349,73,Yes,No,Exposed
6350,52,No,Yes,Susceptible
6351,71,Yes,Yes,Susceptible
6352,2,Yes,Yes,Susceptible
6353,56,Yes,Yes,Susceptible
6354,60,Yes,No,Susceptible
6355,23,No,No,Susceptible
6356,40,No,Yes,Infectious
6357,64,No,No,Susceptible
6358,85,Yes,No,Susceptible
6359,23,No,No,Susceptible
6360,29,Yes,Yes,Susceptible
6361,78,Yes,Yes,Susceptible
6362,51,No,Yes,Susceptible
6363,69,Yes,No,Susceptible
6364,89,Yes,Yes,Susceptible
6365,31,Yes,Yes,Susceptible
6366,50,Yes,Yes,Susceptible
6367,20,Yes,Yes,Susceptible
6368,55,No,No,Susceptible
6369,81,Yes,No,Susceptible
6370,2,Yes,No,Recovered
6371,25,Yes,Yes,Susceptible
6372,13,Yes,Yes,Susceptible
6373,70,Yes,Yes,Susceptible
6374,67,Yes,Yes,Infectious
6375,58,No,Yes,Susceptible
6376,82,Yes,Yes,Susceptible
6377,75,Yes,Yes,Susceptible
6378,84,No,Yes,Susceptible
6379,64,Yes,No,Infectious
6380,69,No,Yes,Exposed
6381,83,Yes,No,Exposed
6382,86,Yes,No,Susceptible
6383,59,No,Yes,Susceptible
6384,60,Yes,Yes,Susceptible
6385,83,Yes,Yes,Susceptible
6386,62,No,No,Susceptible
6387,16,Yes,Yes,Susceptible
6388,88,No,No,Susceptible
6389,68,No,Yes,Susceptible
6390,15,Yes,Yes,Susceptible
6391,89,No,No,Exposed
6392,55,No,Yes,Exposed
6393,35,Yes,No,Susceptible
6394,55,Yes,No,Recovered
6395,14,Yes,Yes,Recovered
6396,49,No,Yes,Susceptible
6397,83,Yes,Yes,Susceptible
6398,7,Yes,Yes,Susceptible
6399,30,Yes,No,Susceptible
6400,83,Yes,Yes,Susceptible
6401,49,Yes,Yes,Susceptible
6402,89,Yes,Yes,Susceptible
6403,16,Yes,Yes,Susceptible
6404,51,Yes,Yes,Infectious
6405,72,No,Yes,Susceptible
6406,82,No,Yes,Susceptible
6407,80,Yes,No,Susceptible
6408,83,Yes,No,Susceptible
6409,42,No,No,Susceptible
6410,17,No,Yes,Susceptible
6411,63,Yes,No,Susceptible
6412,45,Yes,No,Susceptible
6413,77,No,Yes,Susceptible
6414,7,No,No,Susceptible
6415,27,Yes,Yes,Susceptible
6416,10,No,Yes,Exposed
6417,34,No,Yes,Susceptible
6418,36,Yes,No,Susceptible
6419,25,Yes,No,Susceptible
6420,6,No,No,Susceptible
6421,24,Yes,No,Susceptible
6422,18,No,Yes,Susceptible
6423,87,Yes,Yes,Susceptible
6424,6,Yes,Yes,Susceptible
6425,29,Yes,No,Susceptible
6426,25,Yes,No,Susceptible
6427,55,Yes,Yes,Susceptible
6428,81,Yes,No,Susceptible
6429,46,No,No,Susceptible
6430,24,Yes,Yes,Infectious
6431,75,Yes,No,Susceptible
6432,26,Yes,No,Recovered
6433,28,No,Yes,Recovered
6434,3,Yes,Yes,Susceptible
6435,75,No,No,Susceptible
6436,38,Yes,Yes,Susceptible
6437,61,Yes,No,Susceptible
6438,78,Yes,Yes,Susceptible
6439,51,Yes,No,Recovered
6440,48,Yes,Yes,Exposed
6441,21,Yes,No,Exposed
6442,54,Yes,Yes,Susceptible
6443,56,Yes,No,Susceptible
6444,59,No,Yes,Susceptible
6445,72,No,Yes,Susceptible
6446,51,Yes,Yes,Susceptible
6447,20,Yes,No,Susceptible
6448,86,Yes,Yes,Susceptible
6449,59,Yes,Yes,Recovered
6450,71,No,No,Exposed
6451,9,Yes,No,Susceptible
6452,1,Yes,Yes,Exposed
6453,29,Yes,No,Susceptible
6454,63,No,Yes,Susceptible
6455,72,Yes,No,Susceptible
6456,56,No,No,Susceptible
6457,68,Yes,Yes,Susceptible
6458,35,Yes,No,Susceptible
6459,3,Yes,Yes,Susceptible
6460,7,Yes,Yes,Susceptible
6461,27,No,Yes,Susceptible
6462,1,Yes,No,Susceptible
6463,80,No,Yes,Susceptible
6464,71,Yes,No,Susceptible
6465,44,Yes,No,Infectious
6466,87,Yes,Yes,Susceptible
6467,41,No,Yes,Susceptible
6468,75,Yes,Yes,Infectious
6469,42,Yes,No,Susceptible
6470,33,Yes,Yes,Susceptible
6471,50,Yes,No,Susceptible
6472,63,No,No,Susceptible
6473,37,Yes,No,Susceptible
6474,59,Yes,Yes,Susceptible
6475,81,Yes,Yes,Susceptible
6476,48,Yes,Yes,Susceptible
6477,5,Yes,Yes,Infectious
6478,48,No,No,Susceptible
6479,3,No,Yes,Susceptible
6480,47,Yes,No,Susceptible
6481,62,Yes,Yes,Susceptible
6482,14,Yes,No,Susceptible
6483,63,Yes,No,Susceptible
6484,61,Yes,No,Exposed
6485,31,Yes,Yes,Susceptible
6486,17,Yes,No,Susceptible
6487,24,Yes,Yes,Susceptible
6488,23,Yes,No,Susceptible
6489,82,Yes,No,Susceptible
6490,50,Yes,Yes,Susceptible
6491,78,No,Yes,Infectious
6492,79,Yes,No,Susceptible
6493,79,No,Yes,Susceptible
6494,70,No,Yes,Susceptible
6495,27,Yes,No,Susceptible
6496,15,Yes,No,Susceptible
6497,50,No,Yes,Susceptible
6498,36,Yes,Yes,Susceptible
6499,8,Yes,No,Susceptible
6500,79,Yes,Yes,Susceptible
6501,3,Yes,Yes,Infectious
6502,62,No,Yes,Susceptible
6503,47,Yes,Yes,Susceptible
6504,77,Yes,No,Susceptible
6505,88,Yes,Yes,Infectious
6506,61,Yes,Yes,Susceptible
6507,32,Yes,No,Susceptible
6508,13,Yes,Yes,Susceptible
6509,1,Yes,No,Susceptible
6510,34,Yes,Yes,Susceptible
6511,62,Yes,Yes,Susceptible
6512,79,Yes,No,Susceptible
6513,78,Yes,Yes,Susceptible
6514,82,Yes,Yes,Susceptible
6515,71,Yes,Yes,Susceptible
6516,31,No,No,Susceptible
6517,64,No,Yes,Susceptible
6518,25,Yes,No,Susceptible
6519,38,No,Yes,Susceptible
6520,14,Yes,No,Susceptible
6521,8,No,No,Exposed
6522,54,Yes,Yes,Infectious
6523,2,Yes,No,Susceptible
6524,81,No,No,Susceptible
6525,78,Yes,Yes,Susceptible
6526,89,No,No,Infectious
6527,56,Yes,Yes,Susceptible
6528,84,No,No,Susceptible
6529,85,Yes,No,Susceptible
6530,61,Yes,No,Susceptible
6531,22,No,No,Exposed
6532,35,Yes,Yes,Susceptible
6533,16,Yes,No,Susceptible
6534,50,Yes,Yes,Susceptible
6535,43,Yes,No,Susceptible
6536,17,No,No,Susceptible
6537,80,Yes,No,Susceptible
6538,58,No,No,Susceptible
6539,2,Yes,Yes,Susceptible
6540,4,Yes,Yes,Susceptible
6541,85,Yes,Yes,Susceptible
6542,39,Yes,No,Susceptible
6543,6,Yes,Yes,Exposed
6544,81,No,No,Infectious
6545,89,Yes,No,Susceptible
6546,69,No,No,Susceptible
6547,69,Yes,No,Susceptible
6548,20,Yes,Yes,Exposed
6549,64,Yes,No,Susceptible
6550,16,Yes,Yes,Susceptible
6551,51,No,No,Susceptible
6552,37,Yes,No,Susceptible
6553,73,Yes,Yes,Susceptible
6554,69,Yes,No,Infectious
6555,42,No,No,Susceptible
6556,57,Yes,Yes,Susceptible
6557,66,Yes,No,Susceptible
6558,9,No,Yes,Susceptible
6559,86,Yes,Yes,Susceptible
6560,64,No,No,Susceptible
6561,86,No,No,Susceptible
6562,22,Yes,Yes,Susceptible
6563,34,Yes,Yes,Susceptible
6564,55,No,No,Susceptible
6565,29,No,No,Infectious
6566,38,Yes,No,Susceptible
6567,18,Yes,Yes,Susceptible
6568,71,Yes,Yes,Recovered
6569,65,Yes,Yes,Susceptible
6570,1,Yes,No,Exposed
6571,88,Yes,No,Susceptible
6572,4,Yes,No,Susceptible
6573,4,No,No,Susceptible
6574,82,Yes,Yes,Susceptible
6575,27,No,No,Susceptible
6576,43,Yes,Yes,Exposed
6577,59,Yes,Yes,Susceptible
6578,32,Yes,No,Recovered
6579,33,No,No,Susceptible
6580,28,Yes,Yes,Susceptible
6581,55,No,No,Susceptible
6582,60,No,No,Susceptible
6583,70,Yes,Yes,Susceptible
6584,62,No,Yes,Susceptible
6585,80,Yes,No,Susceptible
6586,34,Yes,No,Susceptible
6587,87,Yes,Yes,Susceptible
6588,88,No,No,Susceptible
6589,56,Yes,No,Susceptible
6590,13,No,Yes,Susceptible
6591,56,Yes,Yes,Susceptible
6592,18,Yes,No,Susceptible
6593,54,Yes,No,Infectious
6594,77,No,Yes,Susceptible
6595,43,No,No,Susceptible
6596,39,Yes,Yes,Susceptible
6597,61,Yes,Yes,Susceptible
6598,42,Yes,No,Susceptible
6599,81,No,No,Susceptible
6600,79,Yes,No,Susceptible
6601,18,Yes,No,Susceptible
6602,23,Yes,No,Susceptible
6603,54,Yes,Yes,Susceptible
6604,30,Yes,No,Susceptible
6605,58,Yes,No,Susceptible
6606,68,No,Yes,Susceptible
6607,67,Yes,Yes,Susceptible
6608,71,Yes,Yes,Susceptible
6609,18,Yes,No,Susceptible
6610,7,No,Yes,Susceptible
6611,40,No,Yes,Susceptible
6612,70,Yes,Yes,Susceptible
6613,86,Yes,No,Susceptible
6614,65,Yes,Yes,Susceptible
6615,68,Yes,Yes,Susceptible
6616,49,Yes,No,Susceptible
6617,52,No,No,Susceptible
6618,29,No,Yes,Susceptible
6619,21,Yes,No,Recovered
6620,78,Yes,No,Susceptible
6621,9,Yes,No,Susceptible
6622,47,Yes,No,Susceptible
6623,76,Yes,Yes,Susceptible
6624,42,No,Yes,Susceptible
6625,51,Yes,No,Susceptible
6626,56,Yes,Yes,Susceptible
6627,51,Yes,No,Exposed
6628,70,Yes,Yes,Susceptible
6629,20,Yes,No,Susceptible
6630,88,Yes,No,Susceptible
6631,27,No,Yes,Susceptible
6632,38,Yes,Yes,Susceptible
6633,72,Yes,Yes,Susceptible
6634,65,Yes,No,Recovered
6635,54,No,No,Susceptible
6636,24,Yes,No,Infectious
6637,47,Yes,Yes,Susceptible
6638,71,Yes,No,Susceptible
6639,83,Yes,Yes,Susceptible
6640,86,No,No,Recovered
6641,63,No,Yes,Susceptible
6642,57,Yes,Yes,Susceptible
6643,55,Yes,Yes,Susceptible
6644,60,Yes,No,Susceptible
6645,62,No,Yes,Susceptible
6646,30,Yes,Yes,Susceptible
6647,22,Yes,Yes,Susceptible
6648,75,No,No,Susceptible
6649,84,Yes,Yes,Susceptible
6650,29,Yes,No,Susceptible
6651,41,Yes,Yes,Susceptible
6652,42,No,Yes,Susceptible
6653,65,Yes,No,Susceptible
6654,31,Yes,Yes,Susceptible
6655,30,No,Yes,Exposed
6656,18,Yes,No,Susceptible
6657,17,Yes,Yes,Exposed
6658,38,Yes,No,Susceptible
6659,14,Yes,No,Susceptible
6660,87,Yes,No,Infectious
6661,89,No,No,Susceptible
6662,79,No,Yes,Susceptible
6663,56,No,No,Susceptible
6664,22,Yes,No,Susceptible
6665,67,Yes,Yes,Susceptible
6666,56,Yes,Yes,Susceptible
6667,19,Yes,Yes,Susceptible
6668,57,Yes,Yes,Susceptible
6669,44,Yes,No,Susceptible
6670,35,No,No,Recovered
6671,1,Yes,No,Susceptible
6672,52,Yes,Yes,Susceptible
6673,85,Yes,Yes,Susceptible
6674,70,No,No,Susceptible
6675,37,Yes,Yes,Susceptible
6676,65,Yes,No,Susceptible
6677,51,No,Yes,Susceptible
6678,1,No,Yes,Susceptible
6679,21,No,No,Susceptible
6680,53,No,Yes,Susceptible
6681,16,Yes,Yes,Susceptible
6682,61,Yes,Yes,Susceptible
6683,54,No,Yes,Susceptible
6684,40,No,Yes,Susceptible
6685,26,Yes,No,Susceptible
6686,80,Yes,No,Susceptible
6687,65,No,No,Susceptible
6688,74,Yes,Yes,Susceptible
6689,64,Yes,Yes,Susceptible
6690,43,Yes,No,Recovered
6691,17,No,No,Exposed
6692,59,No,No,Susceptible
6693,23,No,Yes,Susceptible
6694,7,Yes,Yes,Susceptible
6695,44,Yes,Yes,Susceptible
6696,53,Yes,No,Susceptible
6697,71,Yes,Yes,Susceptible
6698,79,No,Yes,Susceptible
6699,34,Yes,No,Susceptible
6700,46,Yes,Yes,Susceptible
6701,68,Yes,No,Susceptible
6702,78,Yes,Yes,Susceptible
6703,78,Yes,Yes,Susceptible
6704,16,No,Yes,Susceptible
6705,71,Yes,Yes,Susceptible
6706,19,Yes,No,Susceptible
6707,2,Yes,No,Susceptible
6708,10,No,Yes,Susceptible
6709,50,Yes,Yes,Susceptible
6710,81,Yes,Yes,Recovered
6711,12,Yes,Yes,Susceptible
6712,70,Yes,No,Recovered
6713,22,Yes,Yes,Susceptible
6714,32,No,Yes,Susceptible
6715,84,Yes,Yes,Susceptible
6716,1,Yes,No,Susceptible
6717,54,Yes,Yes,Susceptible
6718,58,Yes,No,Susceptible
6719,70,Yes,Yes,Susceptible
6720,83,Yes,No,Infectious
6721,18,Yes,Yes,Susceptible
6722,6,Yes,No,Susceptible
6723,45,No,No,Susceptible
6724,23,No,No,Infectious
6725,23,Yes,No,Exposed
6726,26,Yes,Yes,Susceptible
6727,77,No,No,Susceptible
6728,7,No,Yes,Susceptible
6729,79,Yes,Yes,Infectious
6730,44,Yes,Yes,Susceptible
6731,27,No,No,Susceptible
6732,26,No,No,Susceptible
6733,79,Yes,No,Susceptible
6734,36,Yes,No,Exposed
6735,55,No,No,Susceptible
6736,64,No,No,Infectious
6737,57,Yes,No,Susceptible
6738,69,Yes,No,Susceptible
6739,61,Yes,No,Susceptible
6740,2,Yes,No,Susceptible
6741,55,No,Yes,Susceptible
6742,80,Yes,Yes,Susceptible
6743,87,No,No,Susceptible
6744,38,Yes,Yes,Susceptible
6745,80,No,Yes,Susceptible
6746,78,No,Yes,Susceptible
6747,29,Yes,Yes,Susceptible
6748,26,Yes,No,Susceptible
6749,35,Yes,Yes,Susceptible
6750,79,No,Yes,Susceptible
6751,67,Yes,No,Susceptible
6752,87,No,Yes,Susceptible
6753,29,No,No,Susceptible
6754,34,Yes,Yes,Susceptible
6755,41,Yes,No,Susceptible
6756,41,Yes,No,Susceptible
6757,23,Yes,No,Susceptible
6758,71,Yes,Yes,Exposed
6759,3,Yes,Yes,Susceptible
6760,58,No,No,Susceptible
6761,32,Yes,No,Susceptible
6762,31,Yes,Yes,Susceptible
6763,82,No,No,Susceptible
6764,43,No,No,Susceptible
6765,7,Yes,Yes,Exposed
6766,1,Yes,Yes,Infectious
6767,61,No,No,Susceptible
6768,14,Yes,Yes,Susceptible
6769,52,Yes,Yes,Susceptible
6770,6,No,No,Susceptible
6771,10,Yes,No,Susceptible
6772,71,Yes,No,Recovered
6773,30,Yes,Yes,Susceptible
6774,21,Yes,Yes,Susceptible
6775,60,Yes,No,Exposed
6776,81,Yes,No,Recovered
6777,74,Yes,Yes,Infectious
6778,63,No,Yes,Susceptible
6779,42,Yes,No,Susceptible
6780,51,Yes,No,Susceptible
6781,64,Yes,Yes,Susceptible
6782,76,Yes,No,Susceptible
6783,56,Yes,No,Susceptible
6784,80,No,Yes,Susceptible
6785,41,Yes,No,Susceptible
6786,32,Yes,Yes,Susceptible
6787,15,No,No,Susceptible
6788,62,No,No,Susceptible
6789,27,Yes,No,Susceptible
6790,28,No,No,Susceptible
6791,81,Yes,No,Susceptible
6792,64,Yes,No,Susceptible
6793,59,No,No,Susceptible
6794,58,Yes,No,Susceptible
6795,2,Yes,Yes,Susceptible
6796,36,Yes,No,Exposed
6797,71,No,Yes,Susceptible
6798,13,Yes,Yes,Susceptible
6799,15,Yes,No,Exposed
6800,89,No,Yes,Susceptible
6801,87,No,Yes,Susceptible
6802,60,Yes,Yes,Susceptible
6803,22,Yes,No,Susceptible
6804,63,No,Yes,Susceptible
6805,75,No,No,Susceptible
6806,74,No,Yes,Susceptible
6807,25,Yes,Yes,Recovered
6808,48,Yes,No,Recovered
6809,43,Yes,Yes,Susceptible
6810,38,Yes,Yes,Susceptible
6811,41,Yes,Yes,Susceptible
6812,45,Yes,Yes,Susceptible
6813,88,Yes,Yes,Recovered
6814,40,Yes,No,Susceptible
6815,17,Yes,Yes,Exposed
6816,88,Yes,Yes,Susceptible
6817,57,Yes,Yes,Susceptible
6818,2,Yes,Yes,Susceptible
6819,62,Yes,No,Exposed
6820,88,Yes,Yes,Susceptible
6821,9,Yes,Yes,Susceptible
6822,68,Yes,Yes,Susceptible
6823,81,Yes,Yes,Infectious
6824,17,No,No,Susceptible
6825,50,No,No,Susceptible
6826,40,Yes,Yes,Susceptible
6827,58,Yes,Yes,Exposed
6828,75,Yes,Yes,Susceptible
6829,85,No,No,Susceptible
6830,21,Yes,Yes,Exposed
6831,18,Yes,Yes,Susceptible
6832,55,Yes,No,Susceptible
6833,29,Yes,Yes,Susceptible
6834,24,Yes,No,Susceptible
6835,74,Yes,Yes,Susceptible
6836,17,No,Yes,Susceptible
6837,18,Yes,Yes,Susceptible
6838,42,Yes,No,Exposed
6839,84,Yes,Yes,Susceptible
6840,45,Yes,No,Susceptible
6841,82,Yes,Yes,Susceptible
6842,17,No,No,Susceptible
6843,73,Yes,Yes,Susceptible
6844,14,Yes,Yes,Susceptible
6845,49,Yes,No,Susceptible
6846,29,Yes,No,Recovered
6847,4,No,No,Susceptible
6848,82,Yes,Yes,Susceptible
6849,20,Yes,Yes,Susceptible
6850,47,Yes,Yes,Susceptible
6851,9,Yes,Yes,Susceptible
6852,77,Yes,No,Susceptible
6853,79,No,Yes,Susceptible
6854,27,Yes,No,Susceptible
6855,15,Yes,Yes,Susceptible
6856,19,Yes,No,Susceptible
6857,52,Yes,No,Susceptible
6858,26,Yes,Yes,Recovered
6859,89,Yes,Yes,Susceptible
6860,26,Yes,No,Susceptible
6861,26,Yes,No,Susceptible
6862,46,Yes,Yes,Susceptible
6863,49,No,Yes,Susceptible
6864,82,No,Yes,Susceptible
6865,53,No,Yes,Susceptible
6866,3,Yes,No,Susceptible
6867,66,Yes,Yes,Susceptible
6868,42,Yes,No,Susceptible
6869,19,No,No,Infectious
6870,17,Yes,Yes,Susceptible
6871,33,Yes,Yes,Susceptible
6872,76,Yes,Yes,Susceptible
6873,49,No,Yes,Susceptible
6874,56,Yes,Yes,Susceptible
6875,63,Yes,Yes,Susceptible
6876,3,No,No,Susceptible
6877,49,Yes,No,Susceptible
6878,55,Yes,Yes,Infectious
6879,26,Yes,Yes,Susceptible
6880,72,Yes,Yes,Susceptible
6881,52,Yes,Yes,Susceptible
6882,7,Yes,Yes,Susceptible
6883,46,Yes,Yes,Susceptible
6884,46,Yes,Yes,Susceptible
6885,16,No,Yes,Recovered
6886,24,Yes,No,Susceptible
6887,61,Yes,Yes,Susceptible
6888,54,Yes,No,Susceptible
6889,62,No,No,Susceptible
6890,1,Yes,No,Susceptible
6891,49,Yes,Yes,Susceptible
6892,25,Yes,Yes,Susceptible
6893,10,Yes,Yes,Susceptible
6894,80,Yes,Yes,Susceptible
6895,16,Yes,Yes,Susceptible
6896,58,Yes,No,Susceptible
6897,72,Yes,No,Exposed
6898,29,No,Yes,Susceptible
6899,6,No,No,Susceptible
6900,16,Yes,No,Susceptible
6901,20,Yes,Yes,Susceptible
6902,80,Yes,Yes,Susceptible
6903,71,Yes,Yes,Susceptible
6904,78,No,No,Susceptible
6905,43,Yes,Yes,Susceptible
6906,26,Yes,Yes,Recovered
6907,78,No,No,Exposed
6908,71,Yes,Yes,Susceptible
6909,33,No,Yes,Susceptible
6910,26,Yes,No,Susceptible
6911,45,No,No,Susceptible
6912,84,Yes,Yes,Susceptible
6913,63,Yes,Yes,Recovered
6914,67,Yes,No,Susceptible
6915,52,Yes,No,Susceptible
6916,68,No,Yes,Susceptible
6917,26,Yes,No,Susceptible
6918,75,Yes,No,Susceptible
6919,2,Yes,Yes,Susceptible
6920,14,Yes,No,Susceptible
6921,30,Yes,No,Susceptible
6922,49,Yes,No,Susceptible
6923,12,No,No,Infectious
6924,44,No,No,Susceptible
6925,33,Yes,No,Susceptible
6926,13,Yes,No,Susceptible
6927,78,Yes,Yes,Susceptible
6928,88,Yes,No,Susceptible
6929,26,Yes,No,Susceptible
6930,21,Yes,Yes,Susceptible
6931,28,No,Yes,Susceptible
6932,48,Yes,Yes,Susceptible
6933,40,Yes,Yes,Susceptible
6934,66,Yes,Yes,Susceptible
6935,73,No,No,Susceptible
6936,87,Yes,Yes,Susceptible
6937,79,No,No,Susceptible
6938,77,Yes,No,Susceptible
6939,23,Yes,No,Recovered
6940,81,Yes,No,Susceptible
6941,48,Yes,Yes,Susceptible
6942,2,Yes,No,Susceptible
6943,84,Yes,No,Susceptible
6944,20,Yes,Yes,Susceptible
6945,59,Yes,Yes,Exposed
6946,46,Yes,Yes,Exposed
6947,3,Yes,Yes,Susceptible
6948,55,No,No,Susceptible
6949,12,Yes,No,Susceptible
6950,40,Yes,No,Infectious
6951,66,Yes,Yes,Susceptible
6952,78,No,Yes,Susceptible
6953,16,Yes,Yes,Susceptible
6954,83,No,Yes,Susceptible
6955,34,No,Yes,Susceptible
6956,44,Yes,Yes,Recovered
6957,6,Yes,No,Susceptible
6958,77,Yes,Yes,Susceptible
6959,64,No,Yes,Susceptible
6960,22,Yes,Yes,Susceptible
6961,18,Yes,No,Susceptible
6962,12,No,Yes,Susceptible
6963,52,Yes,Yes,Susceptible
6964,51,Yes,Yes,Susceptible
6965,71,Yes,Yes,Susceptible
6966,48,Yes,No,Susceptible
6967,19,No,No,Susceptible
6968,6,No,No,Infectious
6969,84,Yes,Yes,Recovered
6970,27,Yes,No,Susceptible
6971,53,No,No,Susceptible
6972,48,Yes,Yes,Susceptible
6973,7,Yes,Yes,Infectious
6974,59,No,No,Susceptible
6975,69,Yes,Yes,Susceptible
6976,11,Yes,No,Susceptible
6977,15,Yes,No,Susceptible
6978,64,Yes,No,Susceptible
6979,3,No,No,Susceptible
6980,69,Yes,No,Susceptible
6981,23,No,Yes,Susceptible
6982,53,Yes,Yes,Susceptible
6983,37,Yes,No,Susceptible
6984,9,Yes,No,Susceptible
6985,15,Yes,No,Susceptible
6986,3,Yes,No,Susceptible
6987,70,No,No,Susceptible
6988,17,Yes,Yes,Susceptible
6989,26,Yes,Yes,Susceptible
6990,21,Yes,No,Susceptible
6991,72,Yes,No,Susceptible
6992,21,No,No,Exposed
6993,11,Yes,No,Susceptible
6994,38,Yes,Yes,Susceptible
6995,72,No,Yes,Susceptible
6996,88,No,Yes,Susceptible
6997,35,No,No,Susceptible
6998,14,Yes,No,Recovered
6999,14,Yes,Yes,Susceptible
7000,10,Yes,Yes,Susceptible
7001,12,Yes,Yes,Susceptible
7002,38,Yes,Yes,Susceptible
7003,34,Yes,No,Susceptible
7004,41,Yes,Yes,Infectious
7005,10,No,Yes,Susceptible
7006,17,Yes,No,Susceptible
7007,17,Yes,No,Susceptible
7008,67,No,Yes,Susceptible
7009,62,No,Yes,Susceptible
7010,1,Yes,No,Susceptible
7011,12,Yes,Yes,Susceptible
7012,4,No,Yes,Susceptible
7013,42,Yes,Yes,Susceptible
7014,13,Yes,No,Susceptible
7015,85,No,Yes,Susceptible
7016,86,Yes,Yes,Susceptible
7017,4,Yes,Yes,Susceptible
7018,82,No,Yes,Infectious
7019,69,Yes,Yes,Susceptible
7020,19,No,No,Infectious
7021,2,Yes,No,Exposed
7022,12,Yes,Yes,Susceptible
7023,81,Yes,No,Susceptible
7024,74,Yes,No,Susceptible
7025,6,Yes,Yes,Susceptible
7026,8,Yes,Yes,Susceptible
7027,51,Yes,Yes,Susceptible
7028,11,Yes,No,Susceptible
7029,63,Yes,Yes,Susceptible
7030,57,Yes,No,Susceptible
7031,12,Yes,No,Susceptible
7032,73,No,Yes,Susceptible
7033,2,Yes,No,Susceptible
7034,8,Yes,No,Susceptible
7035,11,No,Yes,Susceptible
7036,53,No,No,Susceptible
7037,10,Yes,Yes,Susceptible
7038,85,Yes,No,Susceptible
7039,84,Yes,No,Exposed
7040,8,Yes,No,Susceptible
7041,36,Yes,No,Recovered
7042,76,No,No,Susceptible
7043,14,Yes,Yes,Recovered
7044,54,Yes,No,Susceptible
7045,85,Yes,Yes,Susceptible
7046,86,Yes,No,Susceptible
7047,21,No,No,Susceptible
7048,50,No,No,Susceptible
7049,39,No,Yes,Infectious
7050,20,No,Yes,Susceptible
7051,88,Yes,Yes,Recovered
7052,87,Yes,No,Susceptible
7053,7,No,No,Susceptible
7054,9,Yes,Yes,Susceptible
7055,1,Yes,No,Susceptible
7056,26,Yes,No,Susceptible
7057,38,Yes,Yes,Susceptible
7058,38,Yes,Yes,Susceptible
7059,61,No,Yes,Susceptible
7060,44,Yes,No,Susceptible
7061,86,Yes,No,Susceptible
7062,44,Yes,No,Susceptible
7063,74,No,No,Recovered
7064,62,No,Yes,Exposed
7065,6,Yes,No,Susceptible
7066,17,No,No,Susceptible
7067,51,Yes,No,Susceptible
7068,38,Yes,No,Susceptible
7069,24,No,No,Susceptible
7070,51,Yes,Yes,Susceptible
7071,10,Yes,No,Susceptible
7072,72,No,Yes,Susceptible
7073,21,No,Yes,Susceptible
7074,70,Yes,Yes,Susceptible
7075,85,No,No,Susceptible
7076,57,Yes,No,Susceptible
7077,39,Yes,No,Susceptible
7078,88,Yes,Yes,Susceptible
7079,33,Yes,Yes,Susceptible
7080,59,No,No,Susceptible
7081,18,No,Yes,Susceptible
7082,56,Yes,No,Susceptible
7083,57,No,Yes,Exposed
7084,76,Yes,No,Exposed
7085,48,Yes,No,Susceptible
7086,42,No,No,Susceptible
7087,27,Yes,No,Susceptible
7088,74,Yes,No,Infectious
7089,52,Yes,Yes,Infectious
7090,42,Yes,No,Susceptible
7091,32,Yes,No,Susceptible
7092,26,No,No,Susceptible
7093,25,No,Yes,Susceptible
7094,75,Yes,No,Susceptible
7095,23,Yes,No,Susceptible
7096,57,No,Yes,Exposed
7097,52,Yes,Yes,Susceptible
7098,87,Yes,Yes,Susceptible
7099,31,Yes,No,Susceptible
7100,64,Yes,Yes,Susceptible
7101,71,No,No,Susceptible
7102,33,Yes,Yes,Susceptible
7103,85,No,Yes,Susceptible
7104,2,Yes,No,Susceptible
7105,18,Yes,No,Infectious
7106,47,Yes,Yes,Recovered
7107,33,Yes,Yes,Susceptible
7108,84,Yes,No,Susceptible
7109,35,Yes,Yes,Susceptible
7110,51,Yes,Yes,Susceptible
7111,18,Yes,Yes,Susceptible
7112,88,No,Yes,Susceptible
7113,72,Yes,Yes,Susceptible
7114,30,Yes,Yes,Susceptible
7115,44,Yes,Yes,Susceptible
7116,53,Yes,No,Susceptible
7117,10,Yes,Yes,Susceptible
7118,87,Yes,No,Susceptible
7119,52,Yes,Yes,Susceptible
7120,49,Yes,No,Susceptible
7121,11,Yes,No,Susceptible
7122,66,No,No,Susceptible
7123,58,Yes,No,Exposed
7124,36,Yes,No,Susceptible
7125,33,No,No,Recovered
7126,47,No,No,Exposed
7127,13,Yes,No,Susceptible
7128,40,Yes,Yes,Infectious
7129,89,Yes,No,Susceptible
7130,68,Yes,Yes,Susceptible
7131,42,No,No,Susceptible
7132,19,No,Yes,Susceptible
7133,82,No,No,Susceptible
7134,19,Yes,Yes,Susceptible
7135,58,Yes,Yes,Susceptible
7136,23,Yes,No,Susceptible
7137,54,Yes,No,Susceptible
7138,80,Yes,No,Susceptible
7139,65,Yes,Yes,Susceptible
7140,12,Yes,Yes,Susceptible
7141,24,Yes,No,Exposed
7142,34,Yes,Yes,Susceptible
7143,53,No,No,Susceptible
7144,8,Yes,Yes,Recovered
7145,18,Yes,Yes,Susceptible
7146,57,Yes,Yes,Susceptible
7147,5,No,No,Recovered
7148,26,Yes,No,Exposed
7149,30,No,Yes,Susceptible
7150,54,Yes,Yes,Susceptible
7151,13,No,Yes,Susceptible
7152,83,No,Yes,Susceptible
7153,29,No,No,Susceptible
7154,3,No,Yes,Susceptible
7155,58,Yes,Yes,Susceptible
7156,76,Yes,Yes,Susceptible
7157,2,Yes,No,Susceptible
7158,75,Yes,No,Susceptible
7159,28,Yes,Yes,Susceptible
7160,82,No,No,Infectious
7161,77,Yes,Yes,Susceptible
7162,86,Yes,Yes,Recovered
7163,76,Yes,Yes,Infectious
7164,2,Yes,No,Recovered
7165,7,No,Yes,Susceptible
7166,26,Yes,Yes,Exposed
7167,88,No,No,Susceptible
7168,76,Yes,Yes,Susceptible
7169,16,Yes,Yes,Susceptible
7170,23,No,No,Susceptible
7171,40,No,Yes,Susceptible
7172,60,No,No,Susceptible
7173,73,Yes,No,Susceptible
7174,32,Yes,Yes,Susceptible
7175,15,No,Yes,Recovered
7176,13,Yes,No,Susceptible
7177,5,Yes,No,Susceptible
7178,75,No,No,Susceptible
7179,74,Yes,No,Susceptible
7180,52,Yes,No,Susceptible
7181,77,No,Yes,Recovered
7182,41,No,No,Susceptible
7183,53,Yes,Yes,Susceptible
7184,50,Yes,No,Susceptible
7185,15,Yes,No,Exposed
7186,7,Yes,No,Susceptible
7187,40,Yes,Yes,Exposed
7188,28,Yes,Yes,Recovered
7189,32,Yes,Yes,Susceptible
7190,15,Yes,Yes,Susceptible
7191,85,Yes,No,Susceptible
7192,70,No,No,Susceptible
7193,65,No,Yes,Susceptible
7194,4,No,No,Susceptible
7195,11,Yes,No,Susceptible
7196,26,Yes,No,Susceptible
7197,61,Yes,Yes,Susceptible
7198,37,No,Yes,Recovered
7199,23,Yes,Yes,Susceptible
7200,85,Yes,Yes,Susceptible
7201,40,Yes,Yes,Susceptible
7202,77,No,No,Susceptible
7203,23,No,Yes,Susceptible
7204,16,Yes,No,Susceptible
7205,61,Yes,Yes,Susceptible
7206,68,Yes,No,Susceptible
7207,80,Yes,No,Susceptible
7208,31,Yes,No,Susceptible
7209,53,Yes,Yes,Susceptible
7210,25,No,No,Susceptible
7211,44,No,No,Susceptible
7212,12,No,No,Susceptible
7213,9,No,Yes,Susceptible
7214,12,Yes,No,Susceptible
7215,69,Yes,Yes,Susceptible
7216,54,Yes,Yes,Susceptible
7217,54,No,No,Susceptible
7218,28,Yes,Yes,Susceptible
7219,56,Yes,Yes,Susceptible
7220,69,Yes,No,Susceptible
7221,77,No,Yes,Susceptible
7222,58,Yes,Yes,Susceptible
7223,78,Yes,Yes,Susceptible
7224,75,Yes,No,Susceptible
7225,42,Yes,No,Susceptible
7226,38,No,No,Susceptible
7227,68,Yes,No,Susceptible
7228,53,No,Yes,Susceptible
7229,33,No,Yes,Infectious
7230,71,Yes,No,Exposed
7231,56,No,No,Susceptible
7232,72,No,No,Susceptible
7233,51,No,No,Susceptible
7234,74,Yes,No,Susceptible
7235,43,Yes,No,Susceptible
7236,15,Yes,Yes,Susceptible
7237,38,Yes,Yes,Susceptible
7238,15,Yes,Yes,Susceptible
7239,5,Yes,No,Susceptible
7240,83,Yes,No,Susceptible
7241,54,Yes,Yes,Susceptible
7242,51,Yes,No,Susceptible
7243,10,Yes,No,Susceptible
7244,12,Yes,Yes,Exposed
7245,4,Yes,No,Susceptible
7246,18,No,Yes,Susceptible
7247,80,Yes,Yes,Susceptible
7248,36,Yes,Yes,Susceptible
7249,25,Yes,Yes,Susceptible
7250,87,Yes,Yes,Susceptible
7251,76,No,No,Susceptible
7252,36,Yes,No,Susceptible
7253,67,No,Yes,Susceptible
7254,9,Yes,No,Susceptible
7255,61,No,Yes,Susceptible
7256,53,Yes,No,Susceptible
7257,18,Yes,Yes,Recovered
7258,43,Yes,Yes,Recovered
7259,35,Yes,No,Susceptible
7260,63,Yes,Yes,Susceptible
7261,78,Yes,Yes,Susceptible
7262,4,No,Yes,Susceptible
7263,41,Yes,No,Infectious
7264,45,Yes,Yes,Exposed
7265,50,Yes,Yes,Susceptible
7266,79,Yes,Yes,Susceptible
7267,28,Yes,No,Susceptible
7268,42,Yes,No,Susceptible
7269,80,Yes,No,Susceptible
7270,76,Yes,Yes,Susceptible
7271,69,Yes,Yes,Susceptible
7272,1,Yes,Yes,Susceptible
7273,39,Yes,Yes,Susceptible
7274,17,Yes,No,Susceptible
7275,88,Yes,No,Susceptible
7276,35,No,No,Infectious
7277,46,Yes,Yes,Susceptible
7278,42,Yes,Yes,Susceptible
7279,39,Yes,No,Susceptible
7280,49,Yes,Yes,Susceptible
7281,62,No,Yes,Susceptible
7282,38,Yes,No,Susceptible
7283,23,Yes,Yes,Susceptible
7284,22,Yes,Yes,Susceptible
7285,4,Yes,Yes,Susceptible
7286,49,Yes,Yes,Susceptible
7287,59,No,Yes,Susceptible
7288,73,Yes,Yes,Susceptible
7289,68,Yes,No,Susceptible
7290,71,Yes,Yes,Susceptible
7291,87,Yes,No,Susceptible
7292,2,No,Yes,Susceptible
7293,49,No,Yes,Susceptible
7294,88,Yes,No,Susceptible
7295,31,Yes,Yes,Susceptible
7296,40,No,No,Exposed
7297,48,Yes,No,Susceptible
7298,51,No,Yes,Susceptible
7299,43,Yes,Yes,Susceptible
7300,55,Yes,No,Susceptible
7301,88,Yes,Yes,Susceptible
7302,49,Yes,Yes,Susceptible
7303,80,Yes,No,Susceptible
7304,57,No,No,Susceptible
7305,77,Yes,No,Susceptible
7306,15,Yes,Yes,Infectious
7307,27,Yes,No,Susceptible
7308,68,No,No,Susceptible
7309,80,Yes,No,Susceptible
7310,64,Yes,No,Susceptible
7311,30,No,No,Susceptible
7312,36,No,No,Susceptible
7313,67,No,No,Susceptible
7314,86,Yes,Yes,Susceptible
7315,86,Yes,Yes,Infectious
7316,49,Yes,No,Susceptible
7317,76,No,Yes,Susceptible
7318,55,Yes,No,Susceptible
7319,85,No,Yes,Susceptible
7320,56,No,No,Exposed
7321,68,Yes,Yes,Susceptible
7322,44,Yes,No,Susceptible
7323,31,Yes,No,Exposed
7324,58,Yes,Yes,Exposed
7325,87,No,No,Exposed
7326,53,Yes,No,Susceptible
7327,84,Yes,No,Susceptible
7328,79,Yes,Yes,Susceptible
7329,23,No,No,Susceptible
7330,28,Yes,No,Susceptible
7331,16,Yes,Yes,Susceptible
7332,37,Yes,No,Susceptible
7333,21,Yes,Yes,Susceptible
7334,79,Yes,Yes,Susceptible
7335,17,Yes,No,Susceptible
7336,37,Yes,No,Susceptible
7337,77,Yes,Yes,Susceptible
7338,19,Yes,No,Susceptible
7339,30,Yes,No,Susceptible
7340,45,Yes,No,Susceptible
7341,18,No,Yes,Susceptible
7342,78,Yes,No,Susceptible
7343,62,Yes,Yes,Exposed
7344,36,Yes,Yes,Susceptible
7345,84,Yes,Yes,Susceptible
7346,52,No,Yes,Susceptible
7347,19,Yes,No,Susceptible
7348,44,Yes,No,Susceptible
7349,7,Yes,No,Susceptible
7350,44,Yes,Yes,Susceptible
7351,68,Yes,Yes,Recovered
7352,34,Yes,No,Susceptible
7353,66,Yes,Yes,Susceptible
7354,69,Yes,Yes,Exposed
7355,55,No,No,Susceptible
7356,10,No,Yes,Susceptible
7357,42,No,No,Susceptible
7358,41,Yes,Yes,Susceptible
7359,77,Yes,No,Susceptible
7360,69,Yes,No,Susceptible
7361,10,Yes,No,Susceptible
7362,10,No,No,Susceptible
7363,60,Yes,Yes,Susceptible
7364,51,Yes,No,Susceptible
7365,21,Yes,Yes,Susceptible
7366,8,Yes,No,Susceptible
7367,65,No,No,Susceptible
7368,78,Yes,No,Susceptible
7369,85,Yes,No,Susceptible
7370,30,No,No,Exposed
7371,85,No,Yes,Recovered
7372,49,No,No,Exposed
7373,9,Yes,Yes,Susceptible
7374,17,Yes,No,Susceptible
7375,69,Yes,No,Susceptible
7376,58,Yes,Yes,Infectious
7377,57,Yes,No,Susceptible
7378,62,No,No,Susceptible
7379,52,Yes,No,Susceptible
7380,61,Yes,No,Susceptible
7381,40,Yes,No,Susceptible
7382,38,No,Yes,Susceptible
7383,43,No,Yes,Susceptible
7384,63,No,Yes,Susceptible
7385,19,Yes,No,Recovered
7386,50,No,No,Susceptible
7387,33,Yes,No,Susceptible
7388,13,No,Yes,Susceptible
7389,78,Yes,Yes,Exposed
7390,62,Yes,Yes,Infectious
7391,43,Yes,No,Susceptible
7392,49,Yes,No,Susceptible
7393,36,No,Yes,Susceptible
7394,10,Yes,Yes,Susceptible
7395,6,Yes,No,Susceptible
7396,57,Yes,No,Susceptible
7397,1,Yes,Yes,Susceptible
7398,71,Yes,Yes,Susceptible
7399,58,Yes,No,Susceptible
7400,21,Yes,Yes,Susceptible
7401,80,Yes,Yes,Susceptible
7402,56,Yes,Yes,Susceptible
7403,87,Yes,Yes,Recovered
7404,20,Yes,No,Susceptible
7405,54,No,No,Susceptible
7406,25,Yes,Yes,Susceptible
7407,28,No,Yes,Susceptible
7408,5,Yes,No,Susceptible
7409,21,No,No,Susceptible
7410,18,Yes,No,Susceptible
7411,47,Yes,Yes,Susceptible
7412,70,Yes,Yes,Susceptible
7413,57,No,No,Susceptible
7414,19,Yes,No,Susceptible
7415,65,Yes,Yes,Susceptible
7416,3,Yes,No,Recovered
7417,42,Yes,No,Exposed
7418,21,No,Yes,Susceptible
7419,40,Yes,No,Susceptible
7420,67,Yes,Yes,Susceptible
7421,25,Yes,No,Susceptible
7422,55,Yes,No,Susceptible
7423,84,Yes,No,Susceptible
7424,52,Yes,No,Susceptible
7425,44,No,No,Susceptible
7426,85,Yes,Yes,Susceptible
7427,56,No,Yes,Susceptible
7428,55,Yes,No,Infectious
7429,87,Yes,Yes,Exposed
7430,70,No,No,Susceptible
7431,77,Yes,Yes,Susceptible
7432,87,Yes,Yes,Susceptible
7433,73,Yes,Yes,Susceptible
7434,81,Yes,No,Infectious
7435,66,Yes,No,Susceptible
7436,19,No,No,Susceptible
7437,83,No,Yes,Susceptible
7438,7,Yes,No,Susceptible
7439,63,Yes,Yes,Susceptible
7440,42,No,No,Susceptible
7441,42,Yes,No,Susceptible
7442,59,Yes,Yes,Susceptible
7443,20,Yes,Yes,Susceptible
7444,73,Yes,No,Infectious
7445,17,Yes,Yes,Susceptible
7446,27,No,Yes,Susceptible
7447,47,Yes,No,Susceptible
7448,2,Yes,No,Susceptible
7449,63,Yes,No,Susceptible
7450,62,Yes,No,Exposed
7451,19,No,Yes,Susceptible
7452,17,Yes,No,Susceptible
7453,69,Yes,No,Susceptible
7454,39,No,Yes,Susceptible
7455,82,Yes,No,Susceptible
7456,71,Yes,No,Susceptible
7457,81,No,Yes,Recovered
7458,39,Yes,No,Susceptible
7459,36,No,No,Susceptible
7460,40,No,No,Susceptible
7461,45,No,Yes,Susceptible
7462,4,No,Yes,Susceptible
7463,25,Yes,No,Susceptible
7464,69,Yes,No,Susceptible
7465,30,Yes,No,Susceptible
7466,76,No,No,Susceptible
7467,68,No,Yes,Susceptible
7468,88,Yes,No,Susceptible
7469,29,Yes,No,Susceptible
7470,73,Yes,Yes,Susceptible
7471,68,Yes,Yes,Susceptible
7472,51,Yes,Yes,Susceptible
7473,24,Yes,Yes,Susceptible
7474,14,No,Yes,Susceptible
7475,69,Yes,No,Susceptible
7476,18,Yes,Yes,Susceptible
7477,42,No,Yes,Susceptible
7478,57,Yes,Yes,Susceptible
7479,83,Yes,Yes,Susceptible
7480,12,Yes,No,Susceptible
7481,82,Yes,Yes,Exposed
7482,17,Yes,Yes,Susceptible
7483,30,Yes,Yes,Susceptible
7484,88,Yes,Yes,Exposed
7485,75,No,No,Exposed
7486,23,Yes,No,Susceptible
7487,81,Yes,Yes,Susceptible
7488,1,No,No,Infectious
7489,79,Yes,No,Susceptible
7490,32,Yes,Yes,Susceptible
7491,9,No,Yes,Recovered
7492,15,Yes,No,Susceptible
7493,28,Yes,No,Susceptible
7494,24,No,Yes,Susceptible
7495,60,Yes,Yes,Susceptible
7496,35,Yes,No,Recovered
7497,86,No,No,Susceptible
7498,27,No,Yes,Susceptible
7499,83,Yes,Yes,Susceptible
7500,76,Yes,No,Susceptible
7501,20,Yes,No,Susceptible
7502,65,Yes,Yes,Susceptible
7503,85,No,Yes,Susceptible
7504,49,Yes,Yes,Susceptible
7505,1,Yes,Yes,Exposed
7506,10,No,Yes,Susceptible
7507,47,No,No,Susceptible
7508,59,No,No,Susceptible
7509,62,Yes,Yes,Susceptible
7510,86,Yes,No,Susceptible
7511,18,Yes,No,Susceptible
7512,46,Yes,Yes,Susceptible
7513,32,Yes,No,Infectious
7514,27,Yes,Yes,Susceptible
7515,18,Yes,No,Susceptible
7516,39,No,No,Susceptible
7517,49,Yes,Yes,Susceptible
7518,82,Yes,Yes,Susceptible
7519,44,Yes,No,Susceptible
7520,72,Yes,No,Infectious
7521,54,Yes,No,Susceptible
7522,34,Yes,No,Infectious
7523,71,Yes,No,Susceptible
7524,36,No,No,Exposed
7525,18,No,No,Susceptible
7526,38,Yes,No,Susceptible
7527,59,Yes,Yes,Susceptible
7528,9,Yes,Yes,Susceptible
7529,73,Yes,No,Susceptible
7530,72,Yes,No,Susceptible
7531,51,Yes,Yes,Susceptible
7532,35,Yes,No,Susceptible
7533,82,No,No,Susceptible
7534,5,Yes,No,Susceptible
7535,14,No,No,Susceptible
7536,30,Yes,Yes,Susceptible
7537,4,Yes,No,Susceptible
7538,39,Yes,No,Susceptible
7539,84,Yes,Yes,Susceptible
7540,64,Yes,Yes,Susceptible
7541,25,No,No,Susceptible
7542,28,Yes,Yes,Recovered
7543,76,Yes,No,Exposed
7544,66,No,No,Susceptible
7545,78,Yes,No,Susceptible
7546,22,Yes,No,Susceptible
7547,31,Yes,Yes,Susceptible
7548,23,No,Yes,Exposed
7549,48,Yes,Yes,Susceptible
7550,20,Yes,No,Susceptible
7551,38,Yes,Yes,Recovered
7552,55,No,Yes,Recovered
7553,68,No,Yes,Susceptible
7554,79,No,No,Susceptible
7555,88,Yes,Yes,Susceptible
7556,89,Yes,Yes,Recovered
7557,1,Yes,No,Susceptible
7558,7,Yes,Yes,Susceptible
7559,57,Yes,Yes,Susceptible
7560,12,No,Yes,Recovered
7561,5,No,No,Susceptible
7562,50,Yes,No,Exposed
7563,42,No,No,Susceptible
7564,12,Yes,Yes,Susceptible
7565,18,No,Yes,Susceptible
7566,66,No,Yes,Susceptible
7567,74,Yes,No,Susceptible
7568,79,Yes,No,Susceptible
7569,17,Yes,No,Susceptible
7570,68,Yes,No,Susceptible
7571,71,Yes,No,Susceptible
7572,62,Yes,Yes,Susceptible
7573,41,Yes,No,Susceptible
7574,34,Yes,No,Susceptible
7575,70,No,Yes,Susceptible
7576,45,Yes,No,Susceptible
7577,58,No,No,Exposed
7578,51,Yes,No,Susceptible
7579,34,No,Yes,Susceptible
7580,44,Yes,No,Susceptible
7581,15,Yes,No,Susceptible
7582,78,Yes,Yes,Susceptible
7583,70,Yes,No,Exposed
7584,50,Yes,No,Susceptible
7585,32,Yes,Yes,Susceptible
7586,67,No,No,Susceptible
7587,3,Yes,No,Susceptible
7588,86,Yes,Yes,Susceptible
7589,86,Yes,Yes,Susceptible
7590,74,Yes,Yes,Susceptible
7591,51,Yes,No,Susceptible
7592,67,Yes,No,Infectious
7593,76,Yes,Yes,Susceptible
7594,48,Yes,No,Susceptible
7595,17,Yes,Yes,Susceptible
7596,7,Yes,No,Susceptible
7597,13,No,No,Susceptible
7598,66,No,Yes,Susceptible
7599,4,Yes,Yes,Susceptible
7600,10,Yes,No,Susceptible
7601,88,Yes,Yes,Susceptible
7602,17,Yes,Yes,Susceptible
7603,52,Yes,Yes,Infectious
7604,6,Yes,No,Susceptible
7605,83,Yes,No,Susceptible
7606,69,Yes,No,Susceptible
7607,74,Yes,Yes,Infectious
7608,9,Yes,No,Infectious
7609,77,Yes,Yes,Susceptible
7610,83,Yes,No,Susceptible
7611,21,Yes,Yes,Susceptible
7612,24,Yes,Yes,Susceptible
7613,4,No,No,Susceptible
7614,24,No,Yes,Susceptible
7615,59,Yes,No,Susceptible
7616,3,Yes,Yes,Susceptible
7617,68,Yes,Yes,Infectious
7618,40,Yes,No,Susceptible
7619,48,Yes,Yes,Susceptible
7620,54,Yes,No,Recovered
7621,35,Yes,Yes,Susceptible
7622,56,Yes,Yes,Susceptible
7623,89,Yes,Yes,Susceptible
7624,40,Yes,Yes,Susceptible
7625,77,No,Yes,Susceptible
7626,68,Yes,No,Susceptible
7627,46,Yes,No,Susceptible
7628,78,Yes,Yes,Susceptible
7629,13,Yes,No,Exposed
7630,27,Yes,No,Susceptible
7631,6,Yes,Yes,Susceptible
7632,17,Yes,No,Susceptible
7633,36,Yes,Yes,Susceptible
7634,81,Yes,No,Susceptible
7635,2,Yes,No,Susceptible
7636,77,Yes,No,Susceptible
7637,52,Yes,No,Susceptible
7638,66,Yes,Yes,Susceptible
7639,52,No,No,Susceptible
7640,43,Yes,No,Infectious
7641,22,Yes,No,Susceptible
7642,55,Yes,Yes,Susceptible
7643,67,Yes,No,Susceptible
7644,60,No,Yes,Susceptible
7645,58,Yes,No,Susceptible
7646,12,Yes,Yes,Susceptible
7647,88,Yes,Yes,Susceptible
7648,69,Yes,No,Recovered
7649,84,Yes,Yes,Recovered
7650,39,Yes,Yes,Susceptible
7651,13,Yes,No,Susceptible
7652,41,Yes,No,Susceptible
7653,57,Yes,No,Susceptible
7654,53,Yes,No,Susceptible
7655,12,No,No,Susceptible
7656,13,Yes,No,Susceptible
7657,74,No,No,Susceptible
7658,57,Yes,No,Susceptible
7659,40,Yes,No,Susceptible
7660,80,Yes,No,Susceptible
7661,45,Yes,No,Susceptible
7662,35,No,Yes,Susceptible
7663,3,Yes,Yes,Susceptible
7664,5,Yes,Yes,Infectious
7665,11,Yes,No,Susceptible
7666,71,Yes,No,Susceptible
7667,56,Yes,Yes,Susceptible
7668,10,Yes,Yes,Susceptible
7669,34,Yes,No,Susceptible
7670,67,Yes,Yes,Susceptible
7671,72,No,No,Susceptible
7672,31,Yes,No,Exposed
7673,75,No,Yes,Susceptible
7674,71,No,No,Susceptible
7675,66,Yes,Yes,Susceptible
7676,70,No,No,Exposed
7677,41,Yes,Yes,Susceptible
7678,63,No,Yes,Susceptible
7679,32,Yes,Yes,Susceptible
7680,20,Yes,Yes,Exposed
7681,57,Yes,No,Susceptible
7682,50,Yes,Yes,Susceptible
7683,80,No,Yes,Susceptible
7684,25,Yes,No,Infectious
7685,12,No,Yes,Susceptible
7686,71,Yes,No,Recovered
7687,39,Yes,Yes,Susceptible
7688,17,Yes,Yes,Susceptible
7689,45,Yes,No,Susceptible
7690,11,Yes,No,Susceptible
7691,70,Yes,Yes,Susceptible
7692,23,Yes,No,Susceptible
7693,70,Yes,Yes,Susceptible
7694,38,No,No,Susceptible
7695,2,No,Yes,Susceptible
7696,86,No,Yes,Susceptible
7697,84,No,Yes,Susceptible
7698,89,No,Yes,Susceptible
7699,79,Yes,Yes,Susceptible
7700,72,Yes,Yes,Susceptible
7701,37,Yes,Yes,Susceptible
7702,49,Yes,Yes,Infectious
7703,52,Yes,No,Susceptible
7704,33,No,Yes,Susceptible
7705,22,No,Yes,Susceptible
7706,5,Yes,Yes,Susceptible
7707,18,Yes,No,Susceptible
7708,38,Yes,Yes,Susceptible
7709,37,Yes,Yes,Susceptible
7710,64,Yes,Yes,Susceptible
7711,10,Yes,No,Susceptible
7712,79,No,No,Susceptible
7713,42,No,Yes,Susceptible
7714,48,No,Yes,Susceptible
7715,44,Yes,No,Susceptible
7716,82,Yes,Yes,Susceptible
7717,87,Yes,Yes,Susceptible
7718,16,Yes,No,Susceptible
7719,54,Yes,Yes,Susceptible
7720,35,Yes,No,Susceptible
7721,28,Yes,No,Exposed
7722,2,No,Yes,Infectious
7723,13,No,No,Susceptible
7724,41,Yes,Yes,Susceptible
7725,80,No,Yes,Infectious
7726,59,Yes,Yes,Exposed
7727,69,Yes,No,Susceptible
7728,53,Yes,No,Susceptible
7729,45,No,Yes,Susceptible
7730,20,Yes,Yes,Susceptible
7731,24,Yes,Yes,Susceptible
7732,61,No,Yes,Exposed
7733,58,Yes,Yes,Susceptible
7734,27,Yes,No,Susceptible
7735,26,Yes,No,Susceptible
7736,7,No,Yes,Susceptible
7737,42,Yes,Yes,Susceptible
7738,47,Yes,Yes,Susceptible
7739,53,Yes,Yes,Recovered
7740,59,Yes,Yes,Susceptible
7741,38,Yes,Yes,Susceptible
7742,69,No,No,Susceptible
7743,87,Yes,No,Recovered
7744,53,Yes,Yes,Recovered
7745,15,No,No,Susceptible
7746,26,Yes,Yes,Susceptible
7747,48,No,Yes,Susceptible
7748,19,Yes,Yes,Susceptible
7749,9,No,No,Susceptible
7750,64,No,Yes,Susceptible
7751,54,Yes,No,Susceptible
7752,51,Yes,No,Exposed
7753,39,No,No,Susceptible
7754,4,Yes,No,Susceptible
7755,3,Yes,Yes,Susceptible
7756,64,No,Yes,Susceptible
7757,29,Yes,No,Susceptible
7758,11,Yes,Yes,Susceptible
7759,58,Yes,No,Susceptible
7760,75,Yes,No,Susceptible
7761,27,Yes,No,Susceptible
7762,21,Yes,Yes,Susceptible
7763,39,No,No,Susceptible
7764,46,Yes,No,Susceptible
7765,66,No,No,Infectious
7766,36,Yes,Yes,Susceptible
7767,75,Yes,Yes,Susceptible
7768,82,Yes,No,Susceptible
7769,65,Yes,Yes,Susceptible
7770,63,Yes,No,Susceptible
7771,35,Yes,Yes,Susceptible
7772,31,Yes,No,Susceptible
7773,28,No,Yes,Susceptible
7774,1,No,Yes,Susceptible
7775,25,No,Yes,Susceptible
7776,43,Yes,Yes,Susceptible
7777,84,Yes,Yes,Susceptible
7778,67,Yes,Yes,Susceptible
7779,63,No,Yes,Susceptible
7780,51,Yes,Yes,Susceptible
7781,2,Yes,Yes,Susceptible
7782,82,No,Yes,Susceptible
7783,64,Yes,Yes,Recovered
7784,74,Yes,No,Susceptible
7785,69,Yes,Yes,Susceptible
7786,9,No,No,Susceptible
7787,2,No,No,Susceptible
7788,34,Yes,No,Susceptible
7789,60,Yes,Yes,Susceptible
7790,61,Yes,Yes,Susceptible
7791,31,Yes,Yes,Susceptible
7792,10,Yes,Yes,Susceptible
7793,76,No,Yes,Exposed
7794,36,Yes,No,Infectious
7795,85,Yes,No,Recovered
7796,49,Yes,No,Susceptible
7797,70,Yes,Yes,Susceptible
7798,49,No,No,Susceptible
7799,3,Yes,Yes,Susceptible
7800,74,Yes,No,Susceptible
7801,5,Yes,No,Susceptible
7802,61,Yes,Yes,Susceptible
7803,85,Yes,Yes,Susceptible
7804,26,Yes,No,Susceptible
7805,72,No,Yes,Recovered
7806,5,No,Yes,Susceptible
7807,15,Yes,No,Susceptible
7808,16,Yes,Yes,Susceptible
7809,1,Yes,No,Susceptible
7810,16,Yes,No,Infectious
7811,37,No,Yes,Susceptible
7812,3,Yes,No,Susceptible
7813,52,Yes,No,Susceptible
7814,47,No,No,Susceptible
7815,13,No,Yes,Susceptible
7816,80,Yes,Yes,Susceptible
7817,55,Yes,Yes,Susceptible
7818,21,Yes,No,Susceptible
7819,66,Yes,Yes,Susceptible
7820,54,No,No,Susceptible
7821,27,Yes,Yes,Susceptible
7822,38,Yes,Yes,Susceptible
7823,58,Yes,No,Susceptible
7824,62,No,No,Susceptible
7825,46,Yes,Yes,Susceptible
7826,89,No,Yes,Susceptible
7827,11,Yes,No,Susceptible
7828,72,No,No,Susceptible
7829,8,Yes,No,Susceptible
7830,71,Yes,No,Susceptible
7831,64,No,Yes,Susceptible
7832,21,Yes,No,Susceptible
7833,72,No,Yes,Exposed
7834,63,Yes,Yes,Susceptible
7835,85,Yes,No,Susceptible
7836,64,Yes,Yes,Susceptible
7837,20,No,Yes,Susceptible
7838,8,No,No,Susceptible
7839,58,Yes,Yes,Susceptible
7840,46,No,Yes,Susceptible
7841,31,Yes,Yes,Susceptible
7842,9,No,No,Susceptible
7843,15,Yes,No,Susceptible
7844,26,No,Yes,Susceptible
7845,10,Yes,Yes,Susceptible
7846,29,No,Yes,Susceptible
7847,80,Yes,No,Susceptible
7848,36,No,Yes,Susceptible
7849,84,No,No,Susceptible
7850,37,Yes,Yes,Susceptible
7851,86,Yes,Yes,Susceptible
7852,71,No,No,Susceptible
7853,23,Yes,No,Susceptible
7854,41,Yes,Yes,Susceptible
7855,80,Yes,Yes,Susceptible
7856,28,Yes,No,Susceptible
7857,48,Yes,No,Susceptible
7858,38,Yes,Yes,Susceptible
7859,31,No,No,Susceptible
7860,14,No,Yes,Susceptible
7861,73,Yes,Yes,Susceptible
7862,88,Yes,No,Susceptible
7863,77,No,Yes,Susceptible
7864,29,No,Yes,Susceptible
7865,51,Yes,Yes,Susceptible
7866,49,Yes,No,Susceptible
7867,43,Yes,Yes,Susceptible
7868,72,Yes,Yes,Susceptible
7869,87,No,No,Susceptible
7870,5,No,Yes,Infectious
7871,42,Yes,Yes,Susceptible
7872,7,Yes,Yes,Susceptible
7873,42,No,No,Susceptible
7874,36,No,No,Recovered
7875,27,Yes,Yes,Susceptible
7876,58,Yes,Yes,Susceptible
7877,46,No,No,Susceptible
7878,66,No,Yes,Susceptible
7879,25,Yes,Yes,Susceptible
7880,73,No,No,Susceptible
7881,27,Yes,Yes,Infectious
7882,1,Yes,Yes,Susceptible
7883,87,No,No,Susceptible
7884,74,Yes,No,Infectious
7885,42,Yes,No,Susceptible
7886,52,No,No,Susceptible
7887,25,Yes,No,Susceptible
7888,54,Yes,Yes,Susceptible
7889,67,No,No,Susceptible
7890,6,Yes,No,Susceptible
7891,58,No,Yes,Susceptible
7892,70,No,No,Infectious
7893,53,Yes,No,Susceptible
7894,66,No,No,Susceptible
7895,58,No,Yes,Susceptible
7896,82,Yes,Yes,Susceptible
7897,87,Yes,No,Infectious
7898,2,No,No,Susceptible
7899,76,Yes,No,Susceptible
7900,22,Yes,Yes,Susceptible
7901,37,Yes,No,Susceptible
7902,20,No,Yes,Infectious
7903,24,Yes,Yes,Infectious
7904,84,Yes,Yes,Susceptible
7905,65,Yes,No,Susceptible
7906,65,No,No,Susceptible
7907,81,No,Yes,Susceptible
7908,1,No,No,Susceptible
7909,3,Yes,No,Susceptible
7910,46,No,Yes,Susceptible
7911,55,Yes,No,Susceptible
7912,75,Yes,Yes,Susceptible
7913,88,Yes,Yes,Susceptible
7914,86,No,No,Susceptible
7915,64,Yes,Yes,Recovered
7916,45,Yes,No,Susceptible
7917,26,Yes,Yes,Susceptible
7918,77,Yes,No,Susceptible
7919,65,Yes,No,Susceptible
7920,24,Yes,No,Susceptible
7921,74,No,Yes,Susceptible
7922,35,No,Yes,Susceptible
7923,24,No,Yes,Susceptible
7924,28,Yes,Yes,Susceptible
7925,80,No,No,Susceptible
7926,16,Yes,Yes,Susceptible
7927,59,No,Yes,Susceptible
7928,81,No,No,Susceptible
7929,54,Yes,No,Susceptible
7930,79,No,Yes,Susceptible
7931,16,Yes,No,Susceptible
7932,15,Yes,No,Susceptible
7933,11,Yes,Yes,Susceptible
7934,65,No,Yes,Susceptible
7935,79,Yes,Yes,Susceptible
7936,68,Yes,Yes,Infectious
7937,43,Yes,No,Recovered
7938,69,Yes,No,Susceptible
7939,13,No,No,Exposed
7940,10,No,Yes,Exposed
7941,75,No,Yes,Susceptible
7942,82,Yes,Yes,Exposed
7943,41,Yes,Yes,Susceptible
7944,50,Yes,Yes,Infectious
7945,87,Yes,No,Susceptible
7946,71,No,No,Susceptible
7947,59,No,Yes,Susceptible
7948,39,No,No,Susceptible
7949,3,Yes,No,Susceptible
7950,76,Yes,Yes,Susceptible
7951,7,Yes,Yes,Infectious
7952,49,Yes,No,Susceptible
7953,26,Yes,Yes,Susceptible
7954,33,No,No,Susceptible
7955,48,Yes,No,Susceptible
7956,79,Yes,No,Susceptible
7957,2,No,Yes,Susceptible
7958,71,No,Yes,Susceptible
7959,32,Yes,No,Susceptible
7960,4,No,No,Exposed
7961,20,Yes,No,Infectious
7962,36,Yes,Yes,Susceptible
7963,32,Yes,No,Susceptible
7964,28,Yes,Yes,Susceptible
7965,77,Yes,No,Susceptible
7966,1,No,Yes,Susceptible
7967,60,Yes,Yes,Susceptible
7968,56,Yes,Yes,Recovered
7969,35,No,Yes,Susceptible
7970,30,No,Yes,Susceptible
7971,54,Yes,Yes,Susceptible
7972,36,Yes,No,Susceptible
7973,55,No,No,Susceptible
7974,89,Yes,Yes,Susceptible
7975,80,Yes,No,Susceptible
7976,58,No,No,Susceptible
7977,83,No,No,Susceptible
7978,65,Yes,Yes,Susceptible
7979,69,No,Yes,Susceptible
7980,51,Yes,No,Susceptible
7981,22,Yes,Yes,Susceptible
7982,88,Yes,Yes,Susceptible
7983,53,Yes,No,Susceptible
7984,36,No,No,Susceptible
7985,68,No,No,Susceptible
7986,36,Yes,No,Susceptible
7987,52,Yes,No,Susceptible
7988,53,Yes,No,Infectious
7989,82,Yes,No,Susceptible
7990,50,Yes,Yes,Infectious
7991,80,Yes,No,Susceptible
7992,41,Yes,Yes,Susceptible
7993,18,No,No,Susceptible
7994,22,Yes,Yes,Recovered
7995,66,Yes,Yes,Susceptible
7996,21,No,Yes,Susceptible
7997,44,No,Yes,Susceptible
7998,47,Yes,Yes,Susceptible
7999,39,Yes,Yes,Susceptible
8000,29,Yes,No,Susceptible
8001,54,Yes,No,Susceptible
8002,85,No,Yes,Susceptible
8003,17,No,Yes,Susceptible
8004,80,Yes,Yes,Susceptible
8005,60,No,Yes,Susceptible
8006,31,Yes,Yes,Susceptible
8007,73,Yes,Yes,Susceptible
8008,78,No,No,Exposed
8009,49,Yes,No,Susceptible
8010,2,Yes,Yes,Susceptible
8011,48,No,No,Susceptible
8012,14,Yes,Yes,Susceptible
8013,59,Yes,Yes,Susceptible
8014,58,Yes,Yes,Susceptible
8015,58,Yes,No,Susceptible
8016,51,No,No,Susceptible
8017,84,Yes,Yes,Susceptible
8018,2,Yes,No,Susceptible
8019,41,No,No,Susceptible
8020,83,No,Yes,Susceptible
8021,82,Yes,Yes,Susceptible
8022,16,Yes,Yes,Susceptible
8023,4,No,No,Susceptible
8024,12,No,No,Susceptible
8025,29,No,Yes,Recovered
8026,7,No,No,Susceptible
8027,14,Yes,Yes,Susceptible
8028,12,Yes,Yes,Infectious
8029,5,Yes,Yes,Exposed
8030,81,No,No,Susceptible
8031,32,Yes,No,Susceptible
8032,74,No,No,Susceptible
8033,43,No,No,Susceptible
8034,81,Yes,Yes,Susceptible
8035,69,No,Yes,Susceptible
8036,45,Yes,Yes,Infectious
8037,9,Yes,Yes,Susceptible
8038,49,Yes,Yes,Susceptible
8039,33,Yes,No,Susceptible
8040,18,Yes,Yes,Susceptible
8041,9,No,No,Susceptible
8042,62,No,Yes,Susceptible
8043,57,Yes,No,Susceptible
8044,29,No,No,Susceptible
8045,78,Yes,No,Susceptible
8046,25,No,No,Susceptible
8047,15,No,Yes,Susceptible
8048,6,No,Yes,Susceptible
8049,42,Yes,Yes,Susceptible
8050,29,No,No,Susceptible
8051,79,No,Yes,Susceptible
8052,4,Yes,Yes,Susceptible
8053,82,No,No,Susceptible
8054,57,No,Yes,Susceptible
8055,49,Yes,No,Recovered
8056,44,No,No,Susceptible
8057,80,Yes,Yes,Susceptible
8058,75,Yes,No,Infectious
8059,14,Yes,No,Susceptible
8060,3,Yes,Yes,Susceptible
8061,62,Yes,Yes,Susceptible
8062,64,Yes,No,Susceptible
8063,45,Yes,No,Susceptible
8064,82,Yes,Yes,Susceptible
8065,58,Yes,No,Susceptible
8066,20,No,No,Susceptible
8067,58,No,No,Susceptible
8068,89,Yes,No,Recovered
8069,57,Yes,No,Susceptible
8070,77,Yes,No,Susceptible
8071,68,Yes,No,Susceptible
8072,78,Yes,Yes,Susceptible
8073,52,Yes,No,Infectious
8074,37,Yes,Yes,Susceptible
8075,8,Yes,Yes,Susceptible
8076,44,No,No,Susceptible
8077,5,Yes,No,Susceptible
8078,69,Yes,No,Susceptible
8079,31,No,Yes,Susceptible
8080,45,No,No,Infectious
8081,9,Yes,No,Susceptible
8082,32,Yes,No,Susceptible
8083,33,No,No,Infectious
8084,67,Yes,Yes,Susceptible
8085,30,Yes,No,Susceptible
8086,76,Yes,No,Susceptible
8087,29,No,Yes,Susceptible
8088,3,No,Yes,Infectious
8089,57,Yes,No,Susceptible
8090,30,Yes,No,Susceptible
8091,9,Yes,Yes,Susceptible
8092,26,No,No,Susceptible
8093,2,Yes,Yes,Susceptible
8094,62,Yes,Yes,Susceptible
8095,3,Yes,No,Susceptible
8096,46,No,Yes,Susceptible
8097,68,No,Yes,Susceptible
8098,25,No,Yes,Susceptible
8099,51,Yes,No,Susceptible
8100,13,No,No,Susceptible
8101,44,Yes,Yes,Susceptible
8102,35,Yes,Yes,Susceptible
8103,55,Yes,Yes,Exposed
8104,87,Yes,Yes,Susceptible
8105,9,Yes,Yes,Susceptible
8106,2,Yes,Yes,Susceptible
8107,61,Yes,No,Susceptible
8108,41,Yes,No,Susceptible
8109,44,Yes,Yes,Susceptible
8110,64,Yes,Yes,Susceptible
8111,31,Yes,No,Susceptible
8112,47,Yes,No,Susceptible
8113,2,Yes,Yes,Susceptible
8114,82,Yes,No,Susceptible
8115,77,No,No,Susceptible
8116,69,No,No,Susceptible
8117,58,Yes,No,Recovered
8118,44,Yes,No,Susceptible
8119,74,No,No,Recovered
8120,56,Yes,Yes,Susceptible
8121,43,Yes,Yes,Recovered
8122,89,Yes,Yes,Susceptible
8123,34,Yes,No,Susceptible
8124,30,Yes,Yes,Susceptible
8125,71,Yes,No,Susceptible
8126,70,Yes,Yes,Recovered
8127,55,Yes,Yes,Susceptible
8128,67,Yes,No,Susceptible
8129,13,Yes,No,Susceptible
8130,3,No,Yes,Susceptible
8131,26,Yes,No,Susceptible
8132,57,No,Yes,Susceptible
8133,24,No,No,Susceptible
8134,53,No,No,Susceptible
8135,70,Yes,No,Susceptible
8136,43,Yes,Yes,Susceptible
8137,60,Yes,No,Susceptible
8138,58,No,No,Susceptible
8139,49,Yes,No,Susceptible
8140,42,Yes,No,Susceptible
8141,76,Yes,No,Susceptible
8142,66,Yes,No,Susceptible
8143,11,Yes,Yes,Susceptible
8144,18,No,No,Susceptible
8145,85,No,Yes,Susceptible
8146,52,Yes,Yes,Susceptible
8147,46,No,No,Susceptible
8148,44,Yes,Yes,Susceptible
8149,22,No,No,Infectious
8150,53,Yes,Yes,Susceptible
8151,59,No,No,Susceptible
8152,30,No,Yes,Susceptible
8153,8,Yes,Yes,Susceptible
8154,57,No,No,Susceptible
8155,73,Yes,No,Exposed
8156,20,Yes,Yes,Susceptible
8157,25,No,Yes,Susceptible
8158,19,Yes,Yes,Susceptible
8159,5,Yes,No,Infectious
8160,75,No,No,Susceptible
8161,79,Yes,No,Susceptible
8162,72,Yes,No,Infectious
8163,83,Yes,No,Recovered
8164,87,Yes,Yes,Susceptible
8165,27,Yes,No,Susceptible
8166,40,Yes,No,Susceptible
8167,26,Yes,No,Susceptible
8168,27,Yes,Yes,Susceptible
8169,62,No,No,Susceptible
8170,83,Yes,Yes,Susceptible
8171,50,Yes,Yes,Susceptible
8172,42,Yes,No,Susceptible
8173,29,Yes,Yes,Susceptible
8174,39,Yes,No,Susceptible
8175,60,Yes,No,Susceptible
8176,41,Yes,Yes,Susceptible
8177,33,No,Yes,Susceptible
8178,83,Yes,Yes,Susceptible
8179,83,No,No,Recovered
8180,16,No,No,Susceptible
8181,23,No,No,Susceptible
8182,7,Yes,No,Susceptible
8183,26,Yes,Yes,Susceptible
8184,12,No,No,Recovered
8185,72,Yes,No,Exposed
8186,5,Yes,Yes,Infectious
8187,69,Yes,No,Susceptible
8188,49,Yes,Yes,Susceptible
8189,26,Yes,Yes,Infectious
8190,5,Yes,No,Susceptible
8191,22,No,Yes,Susceptible
8192,79,Yes,Yes,Susceptible
8193,13,No,No,Susceptible
8194,28,No,No,Susceptible
8195,33,Yes,Yes,Susceptible
8196,23,Yes,Yes,Susceptible
8197,18,No,Yes,Susceptible
8198,30,Yes,No,Infectious
8199,26,Yes,No,Susceptible
8200,16,Yes,Yes,Exposed
8201,77,Yes,No,Susceptible
8202,39,Yes,No,Susceptible
8203,33,Yes,No,Susceptible
8204,26,Yes,No,Susceptible
8205,48,No,No,Susceptible
8206,65,No,Yes,Susceptible
8207,38,No,Yes,Susceptible
8208,2,Yes,Yes,Exposed
8209,6,Yes,No,Susceptible
8210,46,Yes,No,Susceptible
8211,50,Yes,Yes,Susceptible
8212,38,Yes,No,Susceptible
8213,88,No,No,Infectious
8214,18,Yes,No,Susceptible
8215,27,Yes,Yes,Susceptible
8216,41,Yes,No,Susceptible
8217,72,Yes,No,Susceptible
8218,74,Yes,No,Susceptible
8219,17,Yes,Yes,Susceptible
8220,62,No,No,Susceptible
8221,29,No,No,Susceptible
8222,58,Yes,No,Susceptible
8223,70,No,Yes,Susceptible
8224,78,Yes,No,Susceptible
8225,22,Yes,Yes,Susceptible
8226,6,Yes,No,Susceptible
8227,26,No,No,Susceptible
8228,39,Yes,Yes,Susceptible
8229,12,Yes,No,Susceptible
8230,14,Yes,Yes,Susceptible
8231,22,Yes,No,Infectious
8232,51,No,No,Susceptible
8233,23,Yes,No,Susceptible
8234,48,Yes,No,Exposed
8235,71,Yes,Yes,Susceptible
8236,50,Yes,No,Recovered
8237,89,Yes,No,Susceptible
8238,13,Yes,No,Susceptible
8239,85,Yes,Yes,Susceptible
8240,10,Yes,Yes,Susceptible
8241,55,Yes,Yes,Susceptible
8242,9,Yes,Yes,Susceptible
8243,79,Yes,Yes,Susceptible
8244,52,No,No,Exposed
8245,2,Yes,No,Recovered
8246,25,Yes,No,Susceptible
8247,13,Yes,No,Susceptible
8248,51,Yes,Yes,Recovered
8249,58,No,No,Susceptible
8250,34,Yes,Yes,Susceptible
8251,35,Yes,Yes,Susceptible
8252,3,No,Yes,Susceptible
8253,59,Yes,Yes,Susceptible
8254,70,Yes,No,Susceptible
8255,48,Yes,Yes,Susceptible
8256,64,Yes,No,Susceptible
8257,19,Yes,Yes,Susceptible
8258,67,Yes,No,Exposed
8259,82,No,Yes,Susceptible
8260,73,No,No,Susceptible
8261,76,Yes,No,Susceptible
8262,5,Yes,Yes,Susceptible
8263,67,Yes,Yes,Exposed
8264,11,Yes,Yes,Susceptible
8265,68,No,No,Susceptible
8266,69,No,No,Susceptible
8267,1,Yes,No,Susceptible
8268,63,Yes,No,Susceptible
8269,29,Yes,Yes,Infectious
8270,82,No,No,Susceptible
8271,12,Yes,Yes,Susceptible
8272,77,No,No,Susceptible
8273,41,Yes,Yes,Susceptible
8274,2,Yes,Yes,Susceptible
8275,37,Yes,No,Susceptible
8276,45,Yes,Yes,Susceptible
8277,80,Yes,Yes,Susceptible
8278,48,No,Yes,Susceptible
8279,24,No,No,Susceptible
8280,22,Yes,No,Susceptible
8281,11,Yes,No,Susceptible
8282,58,Yes,No,Susceptible
8283,46,No,No,Susceptible
8284,29,Yes,Yes,Susceptible
8285,35,Yes,Yes,Susceptible
8286,15,Yes,No,Susceptible
8287,60,Yes,Yes,Susceptible
8288,42,No,Yes,Susceptible
8289,43,Yes,No,Susceptible
8290,80,Yes,No,Infectious
8291,74,Yes,No,Susceptible
8292,49,Yes,No,Susceptible
8293,64,No,No,Susceptible
8294,32,Yes,No,Susceptible
8295,64,Yes,No,Susceptible
8296,2,No,Yes,Susceptible
8297,24,Yes,Yes,Exposed
8298,87,Yes,No,Susceptible
8299,66,No,Yes,Susceptible
8300,38,Yes,Yes,Susceptible
8301,31,No,No,Susceptible
8302,26,Yes,Yes,Susceptible
8303,29,Yes,Yes,Recovered
8304,67,Yes,No,Susceptible
8305,78,Yes,Yes,Susceptible
8306,25,Yes,Yes,Susceptible
8307,48,Yes,No,Susceptible
8308,65,Yes,Yes,Susceptible
8309,53,Yes,Yes,Susceptible
8310,67,Yes,No,Susceptible
8311,18,Yes,No,Susceptible
8312,9,Yes,Yes,Infectious
8313,38,Yes,No,Susceptible
8314,87,Yes,Yes,Susceptible
8315,21,No,No,Susceptible
8316,65,Yes,Yes,Susceptible
8317,21,Yes,No,Infectious
8318,27,No,No,Susceptible
8319,70,Yes,No,Susceptible
8320,44,No,No,Susceptible
8321,28,Yes,Yes,Exposed
8322,45,Yes,Yes,Susceptible
8323,17,Yes,No,Susceptible
8324,40,Yes,Yes,Susceptible
8325,3,Yes,No,Susceptible
8326,76,Yes,Yes,Susceptible
8327,76,No,Yes,Susceptible
8328,66,Yes,Yes,Infectious
8329,46,Yes,No,Susceptible
8330,86,Yes,No,Susceptible
8331,87,No,Yes,Infectious
8332,30,Yes,Yes,Susceptible
8333,69,Yes,No,Susceptible
8334,9,Yes,No,Susceptible
8335,85,No,Yes,Susceptible
8336,11,Yes,No,Susceptible
8337,69,No,No,Susceptible
8338,66,No,No,Susceptible
8339,88,Yes,Yes,Susceptible
8340,31,No,No,Susceptible
8341,33,Yes,Yes,Susceptible
8342,39,Yes,Yes,Recovered
8343,46,Yes,No,Susceptible
8344,37,No,No,Susceptible
8345,60,Yes,No,Susceptible
8346,31,No,No,Susceptible
8347,11,Yes,Yes,Susceptible
8348,87,Yes,No,Exposed
8349,2,No,Yes,Susceptible
8350,27,No,Yes,Susceptible
8351,2,No,Yes,Susceptible
8352,21,Yes,Yes,Susceptible
8353,58,Yes,No,Susceptible
8354,5,Yes,Yes,Susceptible
8355,52,Yes,Yes,Susceptible
8356,45,Yes,No,Susceptible
8357,85,Yes,Yes,Susceptible
8358,20,No,No,Susceptible
8359,61,Yes,No,Susceptible
8360,38,Yes,No,Susceptible
8361,20,No,Yes,Susceptible
8362,25,No,Yes,Susceptible
8363,2,Yes,Yes,Susceptible
8364,32,No,No,Susceptible
8365,26,No,Yes,Exposed
8366,70,No,Yes,Susceptible
8367,41,No,Yes,Exposed
8368,67,No,Yes,Susceptible
8369,1,Yes,No,Susceptible
8370,51,Yes,Yes,Susceptible
8371,5,Yes,No,Susceptible
8372,13,Yes,Yes,Susceptible
8373,19,Yes,No,Susceptible
8374,12,No,No,Susceptible
8375,48,No,Yes,Susceptible
8376,25,Yes,No,Susceptible
8377,57,Yes,No,Susceptible
8378,35,Yes,No,Susceptible
8379,76,Yes,Yes,Susceptible
8380,5,Yes,Yes,Susceptible
8381,22,No,No,Susceptible
8382,77,Yes,Yes,Susceptible
8383,57,Yes,Yes,Exposed
8384,47,Yes,Yes,Infectious
8385,54,No,No,Susceptible
8386,3,Yes,Yes,Susceptible
8387,53,Yes,No,Susceptible
8388,84,No,Yes,Susceptible
8389,31,No,Yes,Susceptible
8390,69,No,Yes,Susceptible
8391,88,No,Yes,Susceptible
8392,33,No,Yes,Susceptible
8393,72,Yes,Yes,Susceptible
8394,88,Yes,Yes,Susceptible
8395,50,No,No,Susceptible
8396,84,No,No,Recovered
8397,16,Yes,No,Susceptible
8398,76,Yes,No,Recovered
8399,77,No,Yes,Susceptible
8400,39,Yes,No,Susceptible
8401,89,Yes,No,Susceptible
8402,46,Yes,Yes,Susceptible
8403,88,No,No,Exposed
8404,47,Yes,No,Susceptible
8405,44,No,Yes,Exposed
8406,9,No,Yes,Susceptible
8407,87,Yes,Yes,Susceptible
8408,50,Yes,No,Susceptible
8409,77,Yes,Yes,Susceptible
8410,60,No,Yes,Susceptible
8411,15,Yes,No,Susceptible
8412,36,No,Yes,Susceptible
8413,63,Yes,No,Susceptible
8414,69,Yes,No,Susceptible
8415,86,Yes,No,Susceptible
8416,80,Yes,Yes,Susceptible
8417,41,Yes,No,Infectious
8418,74,Yes,No,Susceptible
8419,24,No,No,Susceptible
8420,82,No,No,Susceptible
8421,49,Yes,Yes,Susceptible
8422,18,Yes,Yes,Susceptible
8423,7,No,No,Infectious
8424,4,Yes,No,Susceptible
8425,69,No,Yes,Infectious
8426,60,Yes,Yes,Exposed
8427,55,No,No,Susceptible
8428,16,No,Yes,Susceptible
8429,82,Yes,Yes,Exposed
8430,29,No,No,Susceptible
8431,23,Yes,No,Susceptible
8432,14,Yes,Yes,Susceptible
8433,79,No,Yes,Susceptible
8434,49,Yes,Yes,Susceptible
8435,33,Yes,Yes,Susceptible
8436,25,Yes,No,Susceptible
8437,21,No,No,Susceptible
8438,17,Yes,No,Susceptible
8439,23,Yes,Yes,Susceptible
8440,57,Yes,No,Susceptible
8441,81,Yes,No,Susceptible
8442,58,Yes,No,Susceptible
8443,14,No,Yes,Exposed
8444,20,Yes,No,Susceptible
8445,30,Yes,Yes,Susceptible
8446,19,Yes,Yes,Susceptible
8447,53,No,No,Susceptible
8448,56,Yes,Yes,Susceptible
8449,77,Yes,Yes,Infectious
8450,82,Yes,No,Susceptible
8451,23,No,No,Susceptible
8452,62,No,No,Susceptible
8453,33,No,No,Susceptible
8454,18,No,No,Susceptible
8455,73,Yes,No,Susceptible
8456,33,No,No,Susceptible
8457,32,Yes,Yes,Infectious
8458,61,No,Yes,Susceptible
8459,54,No,Yes,Susceptible
8460,17,Yes,Yes,Susceptible
8461,19,No,Yes,Susceptible
8462,70,Yes,No,Infectious
8463,34,No,No,Susceptible
8464,84,Yes,No,Susceptible
8465,25,Yes,No,Exposed
8466,68,Yes,No,Susceptible
8467,74,Yes,Yes,Susceptible
8468,74,Yes,No,Susceptible
8469,88,Yes,No,Infectious
8470,85,Yes,Yes,Susceptible
8471,11,Yes,No,Susceptible
8472,16,Yes,Yes,Recovered
8473,61,No,Yes,Susceptible
8474,80,No,Yes,Exposed
8475,7,Yes,Yes,Susceptible
8476,16,No,No,Susceptible
8477,16,Yes,No,Susceptible
8478,40,Yes,Yes,Susceptible
8479,12,Yes,No,Susceptible
8480,35,Yes,Yes,Susceptible
8481,21,Yes,No,Susceptible
8482,50,Yes,Yes,Susceptible
8483,43,No,Yes,Infectious
8484,17,No,Yes,Susceptible
8485,32,Yes,No,Susceptible
8486,41,No,No,Susceptible
8487,6,Yes,Yes,Infectious
8488,88,Yes,Yes,Susceptible
8489,27,Yes,Yes,Infectious
8490,20,Yes,Yes,Susceptible
8491,25,Yes,Yes,Susceptible
8492,66,No,No,Susceptible
8493,9,Yes,No,Susceptible
8494,53,Yes,No,Susceptible
8495,61,No,No,Susceptible
8496,38,Yes,No,Susceptible
8497,3,No,Yes,Susceptible
8498,84,No,Yes,Exposed
8499,70,No,Yes,Susceptible
8500,55,Yes,Yes,Susceptible
8501,1,Yes,No,Susceptible
8502,70,No,Yes,Susceptible
8503,45,Yes,Yes,Susceptible
8504,47,Yes,No,Susceptible
8505,79,Yes,Yes,Susceptible
8506,26,Yes,Yes,Recovered
8507,14,Yes,Yes,Susceptible
8508,54,Yes,No,Susceptible
8509,71,No,No,Susceptible
8510,46,Yes,No,Susceptible
8511,31,No,No,Susceptible
8512,88,No,No,Susceptible
8513,59,Yes,Yes,Susceptible
8514,29,Yes,No,Susceptible
8515,17,Yes,Yes,Exposed
8516,14,Yes,Yes,Susceptible
8517,36,Yes,Yes,Susceptible
8518,58,Yes,No,Susceptible
8519,24,Yes,Yes,Susceptible
8520,63,Yes,No,Susceptible
8521,25,Yes,Yes,Susceptible
8522,59,Yes,Yes,Susceptible
8523,32,Yes,Yes,Susceptible
8524,82,No,No,Susceptible
8525,18,Yes,No,Susceptible
8526,37,Yes,Yes,Susceptible
8527,26,Yes,No,Susceptible
8528,9,Yes,Yes,Susceptible
8529,64,Yes,Yes,Susceptible
8530,72,Yes,No,Susceptible
8531,20,No,Yes,Susceptible
8532,54,Yes,Yes,Susceptible
8533,86,No,No,Susceptible
8534,83,Yes,Yes,Susceptible
8535,30,Yes,No,Susceptible
8536,53,Yes,No,Exposed
8537,63,No,No,Susceptible
8538,11,Yes,Yes,Susceptible
8539,31,Yes,No,Susceptible
8540,49,Yes,Yes,Susceptible
8541,87,No,No,Susceptible
8542,19,No,No,Susceptible
8543,12,Yes,Yes,Susceptible
8544,15,No,No,Susceptible
8545,31,No,No,Susceptible
8546,43,Yes,Yes,Susceptible
8547,37,No,No,Susceptible
8548,79,Yes,Yes,Susceptible
8549,29,Yes,No,Susceptible
8550,26,Yes,No,Recovered
8551,2,Yes,No,Susceptible
8552,84,No,No,Susceptible
8553,15,Yes,No,Susceptible
8554,4,No,Yes,Susceptible
8555,86,Yes,No,Susceptible
8556,50,No,No,Susceptible
8557,38,No,No,Susceptible
8558,23,No,Yes,Susceptible
8559,59,No,Yes,Susceptible
8560,75,No,No,Recovered
8561,28,Yes,No,Susceptible
8562,66,Yes,Yes,Susceptible
8563,8,Yes,Yes,Susceptible
8564,29,No,Yes,Susceptible
8565,11,Yes,Yes,Susceptible
8566,18,No,Yes,Infectious
8567,55,Yes,No,Exposed
8568,50,No,No,Susceptible
8569,14,Yes,Yes,Susceptible
8570,74,Yes,Yes,Susceptible
8571,9,Yes,Yes,Susceptible
8572,11,Yes,No,Susceptible
8573,63,Yes,No,Susceptible
8574,76,Yes,No,Susceptible
8575,67,Yes,No,Susceptible
8576,53,No,No,Susceptible
8577,39,Yes,Yes,Susceptible
8578,78,No,No,Susceptible
8579,56,Yes,No,Susceptible
8580,28,No,Yes,Susceptible
8581,75,No,Yes,Susceptible
8582,39,Yes,Yes,Exposed
8583,25,Yes,No,Susceptible
8584,21,Yes,Yes,Recovered
8585,10,Yes,No,Susceptible
8586,43,Yes,No,Susceptible
8587,15,Yes,Yes,Susceptible
8588,83,Yes,Yes,Susceptible
8589,48,Yes,No,Susceptible
8590,86,Yes,Yes,Susceptible
8591,21,Yes,No,Susceptible
8592,60,Yes,No,Susceptible
8593,50,Yes,Yes,Susceptible
8594,23,No,No,Susceptible
8595,13,Yes,No,Susceptible
8596,69,Yes,No,Susceptible
8597,4,No,Yes,Susceptible
8598,78,No,No,Susceptible
8599,72,No,Yes,Susceptible
8600,9,Yes,No,Exposed
8601,35,Yes,Yes,Susceptible
8602,21,Yes,No,Susceptible
8603,58,Yes,Yes,Susceptible
8604,18,Yes,No,Susceptible
8605,72,Yes,Yes,Susceptible
8606,81,No,Yes,Susceptible
8607,43,No,No,Susceptible
8608,6,No,No,Susceptible
8609,86,No,No,Susceptible
8610,78,No,Yes,Susceptible
8611,67,Yes,Yes,Susceptible
8612,12,Yes,No,Susceptible
8613,12,Yes,No,Susceptible
8614,66,Yes,No,Susceptible
8615,2,Yes,No,Susceptible
8616,15,Yes,Yes,Susceptible
8617,23,Yes,No,Susceptible
8618,29,Yes,No,Susceptible
8619,81,Yes,No,Susceptible
8620,7,Yes,No,Susceptible
8621,28,No,No,Susceptible
8622,14,Yes,No,Susceptible
8623,44,No,No,Exposed
8624,30,Yes,No,Susceptible
8625,81,Yes,No,Susceptible
8626,32,Yes,No,Susceptible
8627,70,No,No,Susceptible
8628,88,Yes,Yes,Susceptible
8629,6,Yes,Yes,Susceptible
8630,27,Yes,Yes,Recovered
8631,82,Yes,Yes,Susceptible
8632,88,Yes,Yes,Susceptible
8633,24,Yes,Yes,Susceptible
8634,34,Yes,Yes,Susceptible
8635,40,No,No,Susceptible
8636,47,No,Yes,Susceptible
8637,79,Yes,No,Susceptible
8638,75,Yes,No,Susceptible
8639,86,Yes,No,Susceptible
8640,24,Yes,Yes,Susceptible
8641,65,Yes,Yes,Susceptible
8642,18,Yes,No,Susceptible
8643,44,No,Yes,Susceptible
8644,76,Yes,No,Susceptible
8645,57,Yes,No,Exposed
8646,28,Yes,Yes,Susceptible
8647,71,Yes,Yes,Susceptible
8648,23,Yes,Yes,Susceptible
8649,85,Yes,Yes,Exposed
8650,34,Yes,No,Susceptible
8651,11,Yes,Yes,Exposed
8652,86,No,No,Infectious
8653,35,Yes,No,Susceptible
8654,42,Yes,No,Susceptible
8655,28,Yes,No,Susceptible
8656,82,No,No,Exposed
8657,78,Yes,No,Susceptible
8658,82,Yes,No,Susceptible
8659,24,Yes,No,Susceptible
8660,8,No,Yes,Susceptible
8661,53,Yes,No,Susceptible
8662,72,No,No,Susceptible
8663,4,Yes,Yes,Infectious
8664,5,No,Yes,Susceptible
8665,49,Yes,No,Susceptible
8666,30,Yes,Yes,Susceptible
8667,72,Yes,Yes,Susceptible
8668,63,Yes,No,Susceptible
8669,47,No,Yes,Susceptible
8670,26,Yes,No,Susceptible
8671,57,Yes,No,Susceptible
8672,37,No,No,Susceptible
8673,7,Yes,No,Susceptible
8674,40,Yes,Yes,Susceptible
8675,39,No,No,Susceptible
8676,62,Yes,No,Susceptible
8677,78,Yes,Yes,Susceptible
8678,53,Yes,No,Susceptible
8679,4,No,No,Susceptible
8680,82,Yes,No,Susceptible
8681,25,Yes,No,Susceptible
8682,7,Yes,No,Susceptible
8683,28,No,No,Susceptible
8684,69,Yes,Yes,Susceptible
8685,67,No,Yes,Susceptible
8686,20,Yes,No,Susceptible
8687,83,Yes,No,Susceptible
8688,11,No,Yes,Susceptible
8689,67,Yes,Yes,Susceptible
8690,87,Yes,Yes,Susceptible
8691,7,No,No,Recovered
8692,23,Yes,Yes,Recovered
8693,61,Yes,No,Susceptible
8694,71,No,No,Susceptible
8695,34,No,Yes,Susceptible
8696,19,No,No,Susceptible
8697,58,No,No,Susceptible
8698,9,Yes,Yes,Susceptible
8699,48,No,Yes,Susceptible
8700,82,Yes,Yes,Susceptible
8701,41,No,Yes,Susceptible
8702,48,No,No,Susceptible
8703,45,Yes,No,Susceptible
8704,25,Yes,No,Susceptible
8705,78,No,No,Recovered
8706,25,Yes,No,Susceptible
8707,19,Yes,No,Susceptible
8708,39,Yes,Yes,Susceptible
8709,79,Yes,Yes,Recovered
8710,80,No,No,Infectious
8711,27,Yes,No,Susceptible
8712,74,No,Yes,Susceptible
8713,63,No,Yes,Susceptible
8714,68,Yes,Yes,Susceptible
8715,19,Yes,No,Infectious
8716,28,Yes,No,Infectious
8717,85,Yes,Yes,Susceptible
8718,78,Yes,Yes,Susceptible
8719,33,No,No,Susceptible
8720,10,No,Yes,Susceptible
8721,83,Yes,No,Susceptible
8722,30,No,No,Susceptible
8723,22,No,Yes,Susceptible
8724,3,No,No,Susceptible
8725,82,Yes,No,Susceptible
8726,75,Yes,Yes,Susceptible
8727,48,Yes,No,Susceptible
8728,2,Yes,Yes,Susceptible
8729,76,Yes,No,Susceptible
8730,54,Yes,Yes,Recovered
8731,6,Yes,No,Susceptible
8732,40,No,No,Susceptible
8733,2,No,Yes,Susceptible
8734,73,No,Yes,Susceptible
8735,2,Yes,Yes,Susceptible
8736,74,No,No,Susceptible
8737,55,No,No,Exposed
8738,72,Yes,No,Susceptible
8739,60,No,Yes,Susceptible
8740,6,Yes,No,Susceptible
8741,19,Yes,No,Susceptible
8742,27,Yes,Yes,Susceptible
8743,1,Yes,Yes,Recovered
8744,33,No,No,Recovered
8745,40,Yes,No,Infectious
8746,32,Yes,No,Susceptible
8747,69,Yes,Yes,Susceptible
8748,17,Yes,Yes,Exposed
8749,8,No,No,Susceptible
8750,57,Yes,Yes,Infectious
8751,42,Yes,No,Susceptible
8752,9,Yes,No,Infectious
8753,87,Yes,No,Recovered
8754,35,No,Yes,Susceptible
8755,71,Yes,No,Susceptible
8756,79,No,Yes,Recovered
8757,53,No,Yes,Susceptible
8758,54,No,No,Susceptible
8759,84,Yes,No,Susceptible
8760,25,Yes,No,Susceptible
8761,67,No,Yes,Infectious
8762,62,No,Yes,Susceptible
8763,55,Yes,No,Susceptible
8764,46,Yes,Yes,Infectious
8765,24,Yes,Yes,Susceptible
8766,46,No,No,Susceptible
8767,22,Yes,No,Susceptible
8768,11,Yes,Yes,Susceptible
8769,48,Yes,Yes,Susceptible
8770,8,Yes,Yes,Susceptible
8771,39,Yes,No,Susceptible
8772,35,Yes,No,Susceptible
8773,49,Yes,No,Susceptible
8774,46,Yes,Yes,Infectious
8775,38,Yes,No,Susceptible
8776,8,Yes,No,Susceptible
8777,54,Yes,Yes,Susceptible
8778,37,Yes,No,Susceptible
8779,40,Yes,No,Susceptible
8780,34,No,Yes,Susceptible
8781,79,No,No,Susceptible
8782,17,Yes,No,Susceptible
8783,33,Yes,Yes,Infectious
8784,47,Yes,Yes,Susceptible
8785,52,Yes,No,Susceptible
8786,80,Yes,No,Susceptible
8787,9,Yes,No,Susceptible
8788,33,No,Yes,Susceptible
8789,60,No,No,Susceptible
8790,77,Yes,Yes,Susceptible
8791,21,No,Yes,Susceptible
8792,58,Yes,No,Susceptible
8793,85,Yes,Yes,Susceptible
8794,69,Yes,No,Susceptible
8795,10,Yes,Yes,Susceptible
8796,6,No,Yes,Susceptible
8797,13,Yes,Yes,Exposed
8798,65,Yes,Yes,Susceptible
8799,20,Yes,No,Susceptible
8800,57,Yes,Yes,Susceptible
8801,46,Yes,Yes,Susceptible
8802,8,Yes,No,Susceptible
8803,10,Yes,No,Susceptible
8804,73,No,No,Susceptible
8805,67,No,Yes,Susceptible
8806,11,No,No,Susceptible
8807,12,Yes,No,Susceptible
8808,10,Yes,No,Infectious
8809,25,No,No,Susceptible
8810,49,Yes,Yes,Susceptible
8811,49,No,No,Susceptible
8812,89,Yes,Yes,Susceptible
8813,11,Yes,Yes,Susceptible
8814,62,No,Yes,Susceptible
8815,36,No,Yes,Susceptible
8816,39,Yes,Yes,Recovered
8817,53,Yes,No,Susceptible
8818,78,Yes,Yes,Susceptible
8819,56,Yes,No,Susceptible
8820,1,Yes,Yes,Susceptible
8821,56,No,Yes,Susceptible
8822,4,Yes,No,Susceptible
8823,30,Yes,Yes,Susceptible
8824,12,Yes,Yes,Susceptible
8825,35,Yes,Yes,Susceptible
8826,77,Yes,Yes,Susceptible
8827,52,Yes,No,Susceptible
8828,31,No,No,Susceptible
8829,87,Yes,Yes,Susceptible
8830,68,Yes,No,Susceptible
8831,52,Yes,No,Susceptible
8832,80,Yes,No,Susceptible
8833,7,Yes,No,Susceptible
8834,22,Yes,Yes,Recovered
8835,75,Yes,Yes,Susceptible
8836,56,No,No,Susceptible
8837,58,Yes,No,Susceptible
8838,64,Yes,Yes,Susceptible
8839,12,Yes,Yes,Infectious
8840,7,Yes,Yes,Susceptible
8841,55,No,No,Susceptible
8842,62,Yes,Yes,Susceptible
8843,73,Yes,Yes,Susceptible
8844,77,No,Yes,Susceptible
8845,55,Yes,Yes,Susceptible
8846,36,Yes,Yes,Susceptible
8847,89,Yes,Yes,Infectious
8848,24,Yes,Yes,Susceptible
8849,44,No,Yes,Susceptible
8850,17,Yes,Yes,Susceptible
8851,2,Yes,Yes,Susceptible
8852,13,Yes,Yes,Susceptible
8853,31,Yes,No,Susceptible
8854,28,Yes,No,Susceptible
8855,60,Yes,No,Susceptible
8856,27,Yes,Yes,Susceptible
8857,15,Yes,Yes,Susceptible
8858,79,Yes,Yes,Recovered
8859,33,No,Yes,Susceptible
8860,20,Yes,No,Recovered
8861,42,No,Yes,Susceptible
8862,12,Yes,Yes,Susceptible
8863,73,Yes,Yes,Susceptible
8864,23,Yes,Yes,Susceptible
8865,72,Yes,Yes,Susceptible
8866,14,Yes,No,Susceptible
8867,25,Yes,Yes,Infectious
8868,77,Yes,No,Susceptible
8869,85,Yes,Yes,Recovered
8870,31,Yes,Yes,Susceptible
8871,54,Yes,No,Recovered
8872,5,Yes,Yes,Susceptible
8873,13,Yes,No,Susceptible
8874,28,Yes,Yes,Susceptible
8875,43,Yes,No,Susceptible
8876,89,Yes,No,Susceptible
8877,47,Yes,Yes,Recovered
8878,71,Yes,No,Susceptible
8879,38,Yes,No,Susceptible
8880,67,Yes,No,Susceptible
8881,62,Yes,No,Susceptible
8882,39,Yes,No,Susceptible
8883,37,Yes,No,Exposed
8884,86,No,Yes,Susceptible
8885,8,Yes,No,Recovered
8886,81,Yes,No,Susceptible
8887,52,Yes,Yes,Infectious
8888,33,Yes,Yes,Susceptible
8889,81,Yes,No,Susceptible
8890,42,No,No,Susceptible
8891,76,No,Yes,Susceptible
8892,27,Yes,No,Infectious
8893,8,No,Yes,Susceptible
8894,23,Yes,No,Recovered
8895,64,No,No,Susceptible
8896,20,No,Yes,Susceptible
8897,16,No,No,Susceptible
8898,17,Yes,Yes,Susceptible
8899,80,Yes,Yes,Susceptible
8900,19,Yes,No,Exposed
8901,8,No,No,Susceptible
8902,38,Yes,Yes,Susceptible
8903,38,No,No,Susceptible
8904,53,Yes,No,Susceptible
8905,31,Yes,No,Susceptible
8906,44,Yes,No,Susceptible
8907,60,Yes,Yes,Susceptible
8908,76,Yes,No,Susceptible
8909,17,No,Yes,Susceptible
8910,79,Yes,No,Recovered
8911,73,Yes,Yes,Exposed
8912,39,Yes,No,Susceptible
8913,42,Yes,Yes,Exposed
8914,48,Yes,Yes,Recovered
8915,12,Yes,No,Recovered
8916,89,Yes,Yes,Infectious
8917,18,Yes,No,Susceptible
8918,79,Yes,No,Exposed
8919,6,Yes,Yes,Susceptible
8920,43,Yes,No,Infectious
8921,35,Yes,No,Susceptible
8922,54,Yes,Yes,Susceptible
8923,62,Yes,No,Susceptible
8924,69,Yes,No,Susceptible
8925,82,Yes,No,Susceptible
8926,16,No,Yes,Susceptible
8927,8,No,Yes,Susceptible
8928,89,Yes,No,Susceptible
8929,86,Yes,No,Infectious
8930,31,No,Yes,Susceptible
8931,10,Yes,No,Susceptible
8932,56,Yes,No,Recovered
8933,76,No,No,Susceptible
8934,70,Yes,No,Susceptible
8935,20,No,No,Susceptible
8936,5,Yes,No,Susceptible
8937,23,Yes,Yes,Susceptible
8938,9,No,No,Susceptible
8939,58,Yes,Yes,Exposed
8940,59,No,No,Susceptible
8941,80,Yes,No,Susceptible
8942,54,Yes,No,Susceptible
8943,46,Yes,No,Susceptible
8944,22,No,No,Susceptible
8945,64,Yes,Yes,Exposed
8946,8,Yes,Yes,Susceptible
8947,20,Yes,No,Exposed
8948,51,No,Yes,Exposed
8949,78,Yes,Yes,Susceptible
8950,39,Yes,No,Susceptible
8951,37,No,No,Susceptible
8952,50,No,No,Susceptible
8953,34,Yes,Yes,Exposed
8954,75,Yes,Yes,Susceptible
8955,33,No,No,Susceptible
8956,31,Yes,No,Susceptible
8957,54,No,No,Susceptible
8958,44,Yes,No,Recovered
8959,34,No,No,Susceptible
8960,71,No,Yes,Susceptible
8961,62,Yes,No,Recovered
8962,23,Yes,No,Susceptible
8963,46,Yes,No,Susceptible
8964,56,Yes,Yes,Susceptible
8965,7,No,Yes,Susceptible
8966,89,Yes,Yes,Infectious
8967,61,Yes,Yes,Susceptible
8968,3,Yes,No,Susceptible
8969,38,No,No,Susceptible
8970,84,Yes,No,Recovered
8971,34,Yes,Yes,Susceptible
8972,44,Yes,No,Susceptible
8973,30,Yes,Yes,Susceptible
8974,17,Yes,No,Infectious
8975,59,No,No,Susceptible
8976,10,Yes,No,Infectious
8977,84,Yes,No,Susceptible
8978,18,No,No,Susceptible
8979,45,Yes,Yes,Susceptible
8980,59,Yes,Yes,Susceptible
8981,62,Yes,Yes,Susceptible
8982,59,No,Yes,Infectious
8983,49,Yes,Yes,Susceptible
8984,63,Yes,No,Susceptible
8985,87,No,No,Susceptible
8986,32,Yes,Yes,Susceptible
8987,10,Yes,No,Recovered
8988,11,Yes,Yes,Susceptible
8989,70,Yes,No,Susceptible
8990,62,Yes,Yes,Susceptible
8991,47,Yes,Yes,Susceptible
8992,34,Yes,Yes,Susceptible
8993,17,Yes,Yes,Infectious
8994,54,Yes,No,Susceptible
8995,76,No,No,Susceptible
8996,85,No,No,Susceptible
8997,40,Yes,Yes,Susceptible
8998,19,No,Yes,Susceptible
8999,67,No,No,Infectious
9000,82,Yes,Yes,Susceptible
9001,53,Yes,No,Susceptible
9002,64,Yes,Yes,Susceptible
9003,83,No,Yes,Susceptible
9004,47,Yes,Yes,Susceptible
9005,6,Yes,No,Susceptible
9006,16,Yes,Yes,Susceptible
9007,72,No,No,Susceptible
9008,18,Yes,No,Susceptible
9009,52,No,No,Susceptible
9010,48,Yes,Yes,Susceptible
9011,43,No,No,Exposed
9012,39,Yes,Yes,Susceptible
9013,49,No,No,Susceptible
9014,12,No,Yes,Recovered
9015,10,Yes,No,Susceptible
9016,71,Yes,Yes,Susceptible
9017,55,Yes,No,Exposed
9018,1,Yes,No,Susceptible
9019,49,Yes,Yes,Susceptible
9020,36,Yes,Yes,Susceptible
9021,21,Yes,No,Infectious
9022,37,Yes,Yes,Susceptible
9023,24,Yes,Yes,Susceptible
9024,55,No,No,Susceptible
9025,25,Yes,No,Susceptible
9026,7,No,No,Susceptible
9027,81,No,No,Susceptible
9028,71,Yes,Yes,Susceptible
9029,71,Yes,Yes,Susceptible
9030,24,No,No,Susceptible
9031,11,No,No,Susceptible
9032,73,Yes,No,Susceptible
9033,12,Yes,Yes,Susceptible
9034,35,Yes,No,Susceptible
9035,63,Yes,Yes,Susceptible
9036,68,Yes,Yes,Susceptible
9037,57,Yes,No,Recovered
9038,13,No,Yes,Susceptible
9039,23,No,No,Susceptible
9040,83,Yes,No,Susceptible
9041,39,Yes,No,Exposed
9042,88,Yes,No,Susceptible
9043,80,No,No,Susceptible
9044,12,Yes,Yes,Susceptible
9045,34,No,Yes,Susceptible
9046,71,No,Yes,Susceptible
9047,75,Yes,No,Susceptible
9048,31,No,Yes,Susceptible
9049,62,No,Yes,Susceptible
9050,13,Yes,No,Susceptible
9051,31,Yes,Yes,Susceptible
9052,2,No,Yes,Susceptible
9053,15,Yes,No,Susceptible
9054,57,No,No,Susceptible
9055,75,Yes,No,Exposed
9056,34,No,Yes,Susceptible
9057,68,No,Yes,Recovered
9058,75,Yes,Yes,Susceptible
9059,29,Yes,Yes,Susceptible
9060,66,Yes,Yes,Susceptible
9061,16,No,No,Susceptible
9062,39,No,Yes,Susceptible
9063,77,No,Yes,Susceptible
9064,37,Yes,No,Susceptible
9065,81,No,No,Susceptible
9066,21,Yes,Yes,Susceptible
9067,44,Yes,Yes,Exposed
9068,19,No,Yes,Susceptible
9069,71,Yes,No,Susceptible
9070,8,No,No,Susceptible
9071,77,Yes,No,Susceptible
9072,66,Yes,No,Susceptible
9073,41,Yes,Yes,Susceptible
9074,75,No,No,Susceptible
9075,88,Yes,Yes,Susceptible
9076,70,Yes,Yes,Susceptible
9077,61,Yes,Yes,Susceptible
9078,26,No,Yes,Susceptible
9079,71,Yes,Yes,Exposed
9080,83,Yes,No,Susceptible
9081,70,No,No,Susceptible
9082,29,No,No,Exposed
9083,66,No,Yes,Susceptible
9084,19,Yes,Yes,Susceptible
9085,68,No,Yes,Susceptible
9086,58,Yes,Yes,Susceptible
9087,70,Yes,Yes,Susceptible
9088,57,Yes,Yes,Susceptible
9089,37,Yes,No,Susceptible
9090,61,Yes,No,Susceptible
9091,30,No,Yes,Exposed
9092,71,Yes,No,Susceptible
9093,73,No,Yes,Susceptible
9094,25,Yes,No,Susceptible
9095,65,No,No,Susceptible
9096,6,Yes,No,Susceptible
9097,18,No,Yes,Susceptible
9098,10,Yes,Yes,Susceptible
9099,11,Yes,No,Susceptible
9100,65,Yes,No,Susceptible
9101,77,Yes,Yes,Susceptible
9102,84,Yes,Yes,Susceptible
9103,65,Yes,Yes,Infectious
9104,52,Yes,Yes,Susceptible
9105,67,Yes,Yes,Susceptible
9106,82,Yes,No,Susceptible
9107,78,Yes,Yes,Exposed
9108,31,Yes,Yes,Exposed
9109,17,Yes,No,Susceptible
9110,55,Yes,No,Susceptible
9111,36,No,Yes,Susceptible
9112,26,Yes,Yes,Susceptible
9113,53,Yes,Yes,Susceptible
9114,17,Yes,No,Susceptible
9115,86,No,Yes,Susceptible
9116,25,Yes,No,Susceptible
9117,2,Yes,Yes,Exposed
9118,86,Yes,No,Susceptible
9119,5,Yes,Yes,Infectious
9120,4,Yes,No,Susceptible
9121,36,Yes,Yes,Susceptible
9122,6,Yes,No,Susceptible
9123,21,Yes,Yes,Susceptible
9124,77,No,No,Susceptible
9125,89,No,No,Susceptible
9126,26,No,Yes,Infectious
9127,55,Yes,Yes,Susceptible
9128,39,Yes,Yes,Susceptible
9129,84,Yes,No,Infectious
9130,33,Yes,Yes,Susceptible
9131,14,Yes,Yes,Susceptible
9132,56,Yes,No,Susceptible
9133,81,No,No,Susceptible
9134,21,Yes,Yes,Susceptible
9135,46,No,Yes,Infectious
9136,16,Yes,No,Susceptible
9137,16,Yes,Yes,Recovered
9138,84,No,Yes,Susceptible
9139,29,Yes,No,Susceptible
9140,8,Yes,No,Susceptible
9141,88,Yes,Yes,Susceptible
9142,3,No,No,Susceptible
9143,89,Yes,No,Susceptible
9144,19,No,No,Susceptible
9145,66,Yes,No,Susceptible
9146,79,No,No,Susceptible
9147,86,No,No,Susceptible
9148,74,Yes,No,Recovered
9149,82,No,No,Infectious
9150,22,Yes,Yes,Susceptible
9151,46,Yes,Yes,Susceptible
9152,13,Yes,No,Susceptible
9153,33,Yes,Yes,Recovered
9154,5,No,No,Susceptible
9155,77,Yes,Yes,Exposed
9156,27,Yes,Yes,Susceptible
9157,78,Yes,No,Susceptible
9158,24,Yes,No,Susceptible
9159,67,Yes,Yes,Susceptible
9160,63,Yes,No,Recovered
9161,48,Yes,Yes,Susceptible
9162,63,Yes,Yes,Susceptible
9163,78,Yes,No,Susceptible
9164,12,No,Yes,Susceptible
9165,28,No,No,Susceptible
9166,44,No,Yes,Infectious
9167,43,No,Yes,Susceptible
9168,17,Yes,No,Susceptible
9169,40,No,No,Susceptible
9170,49,Yes,Yes,Infectious
9171,85,Yes,Yes,Recovered
9172,57,Yes,Yes,Susceptible
9173,87,Yes,Yes,Susceptible
9174,84,Yes,Yes,Susceptible
9175,64,Yes,No,Susceptible
9176,75,Yes,Yes,Susceptible
9177,57,Yes,No,Susceptible
9178,74,Yes,Yes,Susceptible
9179,74,No,Yes,Susceptible
9180,70,Yes,Yes,Susceptible
9181,88,Yes,Yes,Susceptible
9182,76,No,Yes,Susceptible
9183,43,Yes,No,Susceptible
9184,23,Yes,No,Exposed
9185,27,No,Yes,Susceptible
9186,58,Yes,No,Susceptible
9187,37,Yes,No,Susceptible
9188,6,Yes,No,Susceptible
9189,65,Yes,No,Susceptible
9190,6,Yes,Yes,Susceptible
9191,50,Yes,No,Infectious
9192,22,Yes,No,Susceptible
9193,88,Yes,Yes,Exposed
9194,25,Yes,No,Susceptible
9195,79,Yes,No,Susceptible
9196,72,No,Yes,Susceptible
9197,51,Yes,Yes,Susceptible
9198,88,Yes,Yes,Susceptible
9199,48,Yes,No,Recovered
9200,70,No,No,Susceptible
9201,65,No,No,Infectious
9202,60,No,No,Susceptible
9203,46,No,Yes,Susceptible
9204,36,Yes,Yes,Susceptible
9205,58,Yes,No,Susceptible
9206,76,No,No,Exposed
9207,38,Yes,Yes,Susceptible
9208,11,Yes,No,Susceptible
9209,12,Yes,No,Susceptible
9210,42,Yes,Yes,Susceptible
9211,39,No,Yes,Susceptible
9212,71,No,Yes,Susceptible
9213,11,No,No,Exposed
9214,36,Yes,No,Susceptible
9215,52,Yes,No,Susceptible
9216,31,Yes,Yes,Susceptible
9217,33,No,Yes,Recovered
9218,13,Yes,Yes,Susceptible
9219,18,No,No,Susceptible
9220,41,Yes,Yes,Exposed
9221,58,Yes,Yes,Susceptible
9222,56,No,No,Susceptible
9223,24,Yes,Yes,Susceptible
9224,73,No,Yes,Susceptible
9225,31,No,Yes,Susceptible
9226,55,No,Yes,Susceptible
9227,10,No,No,Susceptible
9228,60,Yes,Yes,Susceptible
9229,2,Yes,No,Infectious
9230,15,No,No,Susceptible
9231,3,Yes,Yes,Susceptible
9232,43,Yes,No,Susceptible
9233,31,Yes,Yes,Exposed
9234,70,Yes,No,Susceptible
9235,67,Yes,Yes,Susceptible
9236,56,Yes,Yes,Susceptible
9237,63,Yes,Yes,Exposed
9238,75,Yes,Yes,Susceptible
9239,15,Yes,Yes,Susceptible
9240,10,Yes,Yes,Susceptible
9241,38,No,No,Recovered
9242,47,Yes,No,Susceptible
9243,57,No,No,Susceptible
9244,50,No,No,Susceptible
9245,71,Yes,Yes,Susceptible
9246,15,No,Yes,Susceptible
9247,18,Yes,Yes,Susceptible
9248,82,Yes,Yes,Susceptible
9249,88,Yes,No,Susceptible
9250,2,Yes,No,Susceptible
9251,84,No,Yes,Susceptible
9252,43,Yes,No,Susceptible
9253,26,Yes,No,Recovered
9254,71,Yes,No,Susceptible
9255,38,Yes,No,Susceptible
9256,42,Yes,No,Susceptible
9257,5,No,Yes,Susceptible
9258,11,Yes,Yes,Susceptible
9259,65,No,Yes,Susceptible
9260,34,Yes,Yes,Susceptible
9261,1,No,Yes,Susceptible
9262,83,No,Yes,Exposed
9263,2,Yes,Yes,Recovered
9264,85,Yes,No,Susceptible
9265,20,Yes,Yes,Susceptible
9266,61,No,No,Susceptible
9267,87,Yes,No,Susceptible
9268,21,Yes,No,Susceptible
9269,88,Yes,Yes,Susceptible
9270,68,No,Yes,Susceptible
9271,12,Yes,No,Susceptible
9272,22,Yes,No,Susceptible
9273,20,Yes,Yes,Susceptible
9274,82,Yes,No,Susceptible
9275,1,Yes,No,Susceptible
9276,30,No,Yes,Susceptible
9277,24,Yes,Yes,Susceptible
9278,14,No,No,Infectious
9279,36,Yes,Yes,Susceptible
9280,69,Yes,No,Exposed
9281,75,Yes,No,Exposed
9282,24,No,Yes,Infectious
9283,60,Yes,Yes,Infectious
9284,55,No,No,Susceptible
9285,77,Yes,Yes,Exposed
9286,80,No,No,Susceptible
9287,24,Yes,No,Susceptible
9288,77,Yes,No,Susceptible
9289,24,No,Yes,Susceptible
9290,54,Yes,Yes,Susceptible
9291,26,No,Yes,Susceptible
9292,66,Yes,No,Susceptible
9293,80,Yes,Yes,Susceptible
9294,38,Yes,No,Exposed
9295,65,Yes,No,Recovered
9296,75,Yes,No,Susceptible
9297,51,Yes,No,Susceptible
9298,35,Yes,No,Recovered
9299,43,Yes,No,Susceptible
9300,29,Yes,No,Susceptible
9301,37,No,No,Susceptible
9302,81,Yes,Yes,Recovered
9303,58,Yes,No,Susceptible
9304,54,Yes,No,Susceptible
9305,39,Yes,No,Susceptible
9306,42,Yes,Yes,Susceptible
9307,28,No,Yes,Susceptible
9308,29,No,Yes,Susceptible
9309,43,No,No,Susceptible
9310,3,No,No,Susceptible
9311,10,No,No,Exposed
9312,59,Yes,No,Susceptible
9313,14,No,No,Susceptible
9314,76,Yes,Yes,Susceptible
9315,47,Yes,No,Susceptible
9316,42,Yes,Yes,Susceptible
9317,32,No,No,Susceptible
9318,32,Yes,No,Susceptible
9319,42,No,Yes,Susceptible
9320,32,Yes,Yes,Susceptible
9321,26,No,No,Susceptible
9322,1,Yes,No,Susceptible
9323,56,Yes,No,Susceptible
9324,2,No,Yes,Susceptible
9325,81,Yes,No,Susceptible
9326,30,Yes,Yes,Recovered
9327,71,No,Yes,Susceptible
9328,52,No,No,Susceptible
9329,9,Yes,No,Susceptible
9330,22,No,Yes,Susceptible
9331,34,Yes,No,Recovered
9332,49,Yes,Yes,Susceptible
9333,1,Yes,Yes,Susceptible
9334,73,Yes,Yes,Susceptible
9335,84,No,Yes,Susceptible
9336,53,No,No,Susceptible
9337,83,Yes,Yes,Susceptible
9338,40,No,Yes,Susceptible
9339,45,Yes,No,Susceptible
9340,68,Yes,Yes,Susceptible
9341,9,Yes,No,Susceptible
9342,22,Yes,No,Susceptible
9343,18,No,Yes,Susceptible
9344,76,Yes,No,Susceptible
9345,43,Yes,No,Susceptible
9346,39,Yes,Yes,Susceptible
9347,73,Yes,Yes,Susceptible
9348,6,Yes,Yes,Infectious
9349,83,Yes,Yes,Susceptible
9350,48,Yes,Yes,Susceptible
9351,7,Yes,Yes,Susceptible
9352,80,Yes,Yes,Susceptible
9353,69,Yes,No,Susceptible
9354,16,Yes,Yes,Susceptible
9355,1,Yes,No,Susceptible
9356,37,No,Yes,Susceptible
9357,83,Yes,Yes,Susceptible
9358,37,Yes,No,Susceptible
9359,81,No,No,Susceptible
9360,64,Yes,No,Susceptible
9361,86,Yes,Yes,Susceptible
9362,62,Yes,No,Infectious
9363,72,No,Yes,Susceptible
9364,61,No,Yes,Susceptible
9365,33,Yes,Yes,Susceptible
9366,66,Yes,No,Susceptible
9367,30,Yes,No,Susceptible
9368,20,No,Yes,Susceptible
9369,60,Yes,No,Susceptible
9370,82,Yes,No,Susceptible
9371,74,Yes,No,Susceptible
9372,24,Yes,No,Exposed
9373,4,Yes,No,Susceptible
9374,37,No,Yes,Susceptible
9375,4,Yes,No,Susceptible
9376,77,Yes,No,Susceptible
9377,89,Yes,No,Susceptible
9378,77,Yes,Yes,Susceptible
9379,18,Yes,No,Susceptible
9380,88,No,No,Susceptible
9381,66,Yes,No,Susceptible
9382,48,Yes,Yes,Susceptible
9383,33,Yes,Yes,Susceptible
9384,58,Yes,No,Recovered
9385,83,Yes,Yes,Susceptible
9386,73,Yes,No,Susceptible
9387,28,Yes,Yes,Susceptible
9388,35,Yes,No,Susceptible
9389,10,Yes,No,Susceptible
9390,65,No,No,Susceptible
9391,42,Yes,Yes,Susceptible
9392,85,Yes,No,Susceptible
9393,9,Yes,Yes,Susceptible
9394,60,Yes,Yes,Susceptible
9395,15,Yes,No,Susceptible
9396,57,Yes,Yes,Susceptible
9397,69,Yes,No,Susceptible
9398,22,Yes,No,Susceptible
9399,64,No,Yes,Exposed
9400,41,Yes,No,Exposed
9401,87,Yes,No,Susceptible
9402,71,Yes,No,Susceptible
9403,56,Yes,Yes,Susceptible
9404,23,No,Yes,Susceptible
9405,25,Yes,Yes,Exposed
9406,6,No,Yes,Susceptible
9407,34,No,No,Susceptible
9408,63,Yes,Yes,Susceptible
9409,9,No,No,Susceptible
9410,60,No,No,Susceptible
9411,49,Yes,Yes,Susceptible
9412,51,Yes,No,Susceptible
9413,60,Yes,Yes,Susceptible
9414,70,Yes,No,Recovered
9415,37,Yes,Yes,Susceptible
9416,31,Yes,No,Infectious
9417,41,No,No,Susceptible
9418,62,Yes,No,Susceptible
9419,58,Yes,No,Susceptible
9420,14,Yes,Yes,Susceptible
9421,36,No,Yes,Susceptible
9422,36,Yes,Yes,Exposed
9423,79,Yes,Yes,Susceptible
9424,8,No,No,Infectious
9425,26,No,Yes,Susceptible
9426,36,Yes,Yes,Susceptible
9427,48,Yes,No,Susceptible
9428,85,Yes,No,Susceptible
9429,28,Yes,No,Susceptible
9430,68,No,Yes,Susceptible
9431,62,No,No,Susceptible
9432,80,Yes,Yes,Recovered
9433,86,Yes,Yes,Susceptible
9434,76,Yes,No,Infectious
9435,80,Yes,Yes,Susceptible
9436,51,No,Yes,Susceptible
9437,42,Yes,Yes,Susceptible
9438,29,Yes,No,Exposed
9439,82,Yes,Yes,Susceptible
9440,10,No,No,Susceptible
9441,39,Yes,No,Susceptible
9442,82,Yes,Yes,Susceptible
9443,1,Yes,Yes,Recovered
9444,39,Yes,No,Susceptible
9445,21,Yes,No,Recovered
9446,65,Yes,No,Susceptible
9447,15,Yes,No,Susceptible
9448,4,Yes,No,Susceptible
9449,60,No,No,Susceptible
9450,61,Yes,No,Susceptible
9451,20,Yes,Yes,Susceptible
9452,10,No,Yes,Susceptible
9453,87,No,Yes,Susceptible
9454,34,Yes,Yes,Susceptible
9455,48,Yes,Yes,Susceptible
9456,33,Yes,Yes,Susceptible
9457,61,Yes,Yes,Susceptible
9458,10,Yes,No,Susceptible
9459,54,Yes,No,Susceptible
9460,84,Yes,No,Recovered
9461,65,No,No,Susceptible
9462,77,Yes,Yes,Susceptible
9463,1,Yes,No,Recovered
9464,5,No,No,Recovered
9465,80,Yes,Yes,Susceptible
9466,15,Yes,No,Susceptible
9467,28,Yes,Yes,Susceptible
9468,23,Yes,Yes,Susceptible
9469,17,Yes,No,Susceptible
9470,13,Yes,No,Susceptible
9471,14,Yes,Yes,Susceptible
9472,11,No,No,Susceptible
9473,28,No,No,Infectious
9474,42,Yes,No,Susceptible
9475,61,Yes,No,Susceptible
9476,64,Yes,No,Recovered
9477,31,Yes,Yes,Susceptible
9478,81,Yes,No,Susceptible
9479,73,No,Yes,Susceptible
9480,10,No,No,Susceptible
9481,8,Yes,No,Susceptible
9482,21,Yes,No,Susceptible
9483,77,No,No,Susceptible
9484,59,Yes,Yes,Susceptible
9485,50,Yes,Yes,Susceptible
9486,69,Yes,Yes,Infectious
9487,70,Yes,Yes,Susceptible
9488,30,Yes,No,Susceptible
9489,17,Yes,No,Exposed
9490,75,Yes,No,Susceptible
9491,20,No,No,Recovered
9492,48,Yes,No,Infectious
9493,73,No,Yes,Susceptible
9494,2,No,Yes,Susceptible
9495,37,Yes,Yes,Susceptible
9496,1,No,Yes,Susceptible
9497,4,Yes,No,Susceptible
9498,54,No,Yes,Susceptible
9499,25,Yes,Yes,Susceptible
9500,3,Yes,Yes,Susceptible
9501,9,Yes,No,Susceptible
9502,86,No,No,Susceptible
9503,87,Yes,No,Susceptible
9504,76,Yes,No,Susceptible
9505,74,Yes,Yes,Susceptible
9506,34,No,No,Susceptible
9507,43,No,Yes,Susceptible
9508,74,No,No,Susceptible
9509,22,Yes,Yes,Susceptible
9510,70,Yes,No,Recovered
9511,2,Yes,Yes,Susceptible
9512,66,Yes,No,Susceptible
9513,32,Yes,No,Susceptible
9514,16,Yes,No,Susceptible
9515,76,Yes,Yes,Infectious
9516,1,Yes,Yes,Susceptible
9517,72,Yes,No,Susceptible
9518,48,Yes,No,Susceptible
9519,50,Yes,Yes,Susceptible
9520,13,No,No,Susceptible
9521,15,Yes,No,Infectious
9522,53,Yes,No,Susceptible
9523,44,Yes,No,Recovered
9524,8,Yes,No,Susceptible
9525,74,Yes,Yes,Susceptible
9526,46,Yes,Yes,Susceptible
9527,69,No,No,Susceptible
9528,19,Yes,Yes,Susceptible
9529,38,No,No,Susceptible
9530,11,Yes,No,Susceptible
9531,43,Yes,Yes,Susceptible
9532,20,Yes,Yes,Exposed
9533,20,Yes,No,Susceptible
9534,21,No,Yes,Susceptible
9535,82,No,No,Susceptible
9536,57,Yes,No,Susceptible
9537,50,Yes,Yes,Susceptible
9538,74,Yes,Yes,Susceptible
9539,26,Yes,No,Susceptible
9540,30,No,No,Susceptible
9541,73,Yes,No,Susceptible
9542,31,Yes,Yes,Susceptible
9543,42,Yes,No,Recovered
9544,68,Yes,Yes,Susceptible
9545,61,No,Yes,Susceptible
9546,61,Yes,No,Susceptible
9547,70,No,No,Susceptible
9548,78,No,Yes,Susceptible
9549,68,Yes,Yes,Susceptible
9550,17,Yes,No,Susceptible
9551,19,No,No,Susceptible
9552,51,Yes,Yes,Susceptible
9553,70,Yes,Yes,Susceptible
9554,63,No,Yes,Susceptible
9555,75,Yes,Yes,Susceptible
9556,80,Yes,Yes,Susceptible
9557,30,Yes,Yes,Susceptible
9558,25,No,Yes,Susceptible
9559,75,Yes,No,Susceptible
9560,71,Yes,No,Susceptible
9561,26,No,No,Susceptible
9562,56,Yes,No,Susceptible
9563,22,Yes,No,Exposed
9564,89,Yes,No,Susceptible
9565,19,Yes,No,Susceptible
9566,31,Yes,Yes,Susceptible
9567,26,No,Yes,Susceptible
9568,42,Yes,Yes,Susceptible
9569,41,Yes,No,Susceptible
9570,23,Yes,Yes,Infectious
9571,47,No,No,Exposed
9572,13,Yes,No,Susceptible
9573,89,No,Yes,Susceptible
9574,66,Yes,Yes,Susceptible
9575,66,No,Yes,Susceptible
9576,16,Yes,No,Susceptible
9577,73,Yes,Yes,Susceptible
9578,28,Yes,No,Susceptible
9579,77,Yes,No,Susceptible
9580,35,Yes,No,Susceptible
9581,41,No,Yes,Susceptible
9582,77,Yes,Yes,Susceptible
9583,31,Yes,No,Susceptible
9584,85,Yes,Yes,Susceptible
9585,32,No,No,Susceptible
9586,54,Yes,No,Exposed
9587,72,Yes,No,Susceptible
9588,59,No,Yes,Susceptible
9589,41,No,No,Susceptible
9590,66,Yes,Yes,Susceptible
9591,54,Yes,No,Susceptible
9592,40,Yes,Yes,Susceptible
9593,28,Yes,No,Susceptible
9594,37,No,No,Susceptible
9595,65,No,Yes,Susceptible
9596,74,Yes,No,Susceptible
9597,55,Yes,Yes,Exposed
9598,4,No,Yes,Susceptible
9599,10,Yes,Yes,Susceptible
9600,47,Yes,Yes,Susceptible
9601,75,No,No,Susceptible
9602,14,Yes,No,Exposed
9603,38,Yes,No,Susceptible
9604,12,Yes,No,Susceptible
9605,45,Yes,Yes,Susceptible
9606,17,No,No,Susceptible
9607,80,Yes,Yes,Susceptible
9608,35,Yes,No,Susceptible
9609,66,No,No,Susceptible
9610,75,Yes,Yes,Susceptible
9611,41,No,Yes,Exposed
9612,67,No,No,Susceptible
9613,29,No,Yes,Susceptible
9614,18,Yes,Yes,Susceptible
9615,20,Yes,Yes,Recovered
9616,14,Yes,No,Exposed
9617,34,Yes,Yes,Susceptible
9618,49,Yes,No,Susceptible
9619,54,Yes,No,Susceptible
9620,31,Yes,No,Susceptible
9621,58,Yes,No,Susceptible
9622,42,Yes,Yes,Susceptible
9623,58,Yes,No,Susceptible
9624,82,Yes,Yes,Susceptible
9625,30,Yes,No,Susceptible
9626,25,Yes,Yes,Susceptible
9627,63,Yes,No,Susceptible
9628,19,Yes,No,Exposed
9629,72,Yes,No,Susceptible
9630,8,Yes,No,Recovered
9631,3,Yes,No,Exposed
9632,67,Yes,No,Susceptible
9633,86,Yes,Yes,Susceptible
9634,81,Yes,No,Susceptible
9635,17,No,Yes,Susceptible
9636,14,No,Yes,Susceptible
9637,9,No,Yes,Susceptible
9638,62,No,No,Susceptible
9639,21,Yes,Yes,Infectious
9640,76,Yes,Yes,Susceptible
9641,37,Yes,No,Susceptible
9642,11,No,No,Susceptible
9643,20,Yes,No,Susceptible
9644,35,Yes,No,Susceptible
9645,53,Yes,No,Susceptible
9646,47,Yes,Yes,Recovered
9647,75,Yes,Yes,Susceptible
9648,52,No,Yes,Susceptible
9649,8,No,Yes,Susceptible
9650,4,Yes,No,Recovered
9651,27,Yes,Yes,Susceptible
9652,44,Yes,Yes,Susceptible
9653,40,Yes,No,Infectious
9654,47,Yes,Yes,Susceptible
9655,44,Yes,Yes,Susceptible
9656,48,Yes,No,Susceptible
9657,85,No,No,Susceptible
9658,52,Yes,Yes,Susceptible
9659,84,No,Yes,Susceptible
9660,68,Yes,No,Susceptible
9661,11,Yes,No,Susceptible
9662,77,No,No,Susceptible
9663,73,Yes,Yes,Susceptible
9664,4,Yes,No,Susceptible
9665,76,Yes,Yes,Susceptible
9666,73,Yes,No,Susceptible
9667,77,Yes,No,Infectious
9668,48,Yes,Yes,Susceptible
9669,26,Yes,Yes,Susceptible
9670,77,Yes,No,Susceptible
9671,39,No,Yes,Exposed
9672,58,Yes,No,Susceptible
9673,19,No,No,Susceptible
9674,88,No,Yes,Susceptible
9675,83,Yes,Yes,Susceptible
9676,77,Yes,No,Susceptible
9677,77,Yes,Yes,Susceptible
9678,58,Yes,Yes,Susceptible
9679,28,Yes,No,Susceptible
9680,66,Yes,No,Susceptible
9681,10,No,Yes,Susceptible
9682,86,Yes,No,Susceptible
9683,77,Yes,No,Susceptible
9684,58,Yes,No,Susceptible
9685,73,Yes,Yes,Recovered
9686,14,Yes,No,Infectious
9687,84,Yes,No,Susceptible
9688,15,No,Yes,Susceptible
9689,33,No,Yes,Susceptible
9690,17,Yes,Yes,Susceptible
9691,24,Yes,Yes,Susceptible
9692,30,Yes,Yes,Susceptible
9693,62,Yes,No,Susceptible
9694,13,Yes,Yes,Susceptible
9695,62,Yes,No,Susceptible
9696,47,Yes,Yes,Susceptible
9697,16,Yes,No,Susceptible
9698,66,Yes,Yes,Susceptible
9699,81,Yes,Yes,Susceptible
9700,43,Yes,Yes,Susceptible
9701,8,No,Yes,Susceptible
9702,3,No,Yes,Susceptible
9703,12,No,No,Susceptible
9704,84,No,Yes,Exposed
9705,16,Yes,Yes,Susceptible
9706,78,No,No,Susceptible
9707,80,No,No,Susceptible
9708,59,Yes,Yes,Susceptible
9709,49,Yes,No,Susceptible
9710,63,No,Yes,Susceptible
9711,62,No,Yes,Susceptible
9712,49,Yes,Yes,Susceptible
9713,51,Yes,No,Susceptible
9714,33,Yes,Yes,Susceptible
9715,30,Yes,Yes,Susceptible
9716,59,Yes,No,Susceptible
9717,76,Yes,No,Susceptible
9718,15,Yes,Yes,Susceptible
9719,82,Yes,No,Susceptible
9720,23,Yes,Yes,Susceptible
9721,78,Yes,No,Recovered
9722,45,Yes,No,Susceptible
9723,62,No,Yes,Susceptible
9724,79,Yes,No,Susceptible
9725,71,Yes,Yes,Susceptible
9726,15,Yes,Yes,Susceptible
9727,46,Yes,No,Susceptible
9728,64,No,No,Susceptible
9729,46,No,No,Susceptible
9730,56,Yes,No,Susceptible
9731,44,Yes,Yes,Susceptible
9732,75,Yes,No,Susceptible
9733,29,No,Yes,Susceptible
9734,62,Yes,No,Recovered
9735,89,Yes,Yes,Susceptible
9736,52,No,No,Infectious
9737,54,Yes,No,Susceptible
9738,88,No,Yes,Susceptible
9739,57,Yes,Yes,Infectious
9740,83,Yes,No,Susceptible
9741,66,Yes,No,Exposed
9742,22,Yes,Yes,Susceptible
9743,20,Yes,No,Susceptible
9744,33,Yes,Yes,Susceptible
9745,72,Yes,Yes,Susceptible
9746,25,Yes,No,Susceptible
9747,46,No,No,Susceptible
9748,73,Yes,Yes,Susceptible
9749,57,Yes,Yes,Susceptible
9750,87,Yes,No,Susceptible
9751,5,No,Yes,Susceptible
9752,55,Yes,Yes,Susceptible
9753,61,Yes,No,Susceptible
9754,89,Yes,No,Susceptible
9755,8,Yes,No,Susceptible
9756,16,Yes,No,Susceptible
9757,48,Yes,No,Susceptible
9758,61,No,Yes,Exposed
9759,15,Yes,No,Susceptible
9760,65,Yes,No,Susceptible
9761,22,No,No,Susceptible
9762,3,Yes,No,Susceptible
9763,54,No,Yes,Susceptible
9764,14,No,Yes,Susceptible
9765,36,No,Yes,Susceptible
9766,82,Yes,Yes,Susceptible
9767,82,Yes,Yes,Exposed
9768,67,Yes,Yes,Susceptible
9769,10,Yes,Yes,Susceptible
9770,49,Yes,Yes,Susceptible
9771,65,Yes,Yes,Susceptible
9772,57,No,Yes,Susceptible
9773,27,No,No,Susceptible
9774,75,No,Yes,Susceptible
9775,5,Yes,Yes,Susceptible
9776,71,Yes,No,Susceptible
9777,83,No,No,Susceptible
9778,57,Yes,No,Recovered
9779,15,Yes,Yes,Susceptible
9780,76,Yes,Yes,Exposed
9781,30,Yes,Yes,Susceptible
9782,20,Yes,No,Infectious
9783,37,Yes,Yes,Susceptible
9784,3,No,Yes,Susceptible
9785,73,Yes,Yes,Susceptible
9786,41,Yes,No,Infectious
9787,39,Yes,No,Susceptible
9788,26,No,No,Susceptible
9789,2,No,Yes,Susceptible
9790,23,Yes,No,Susceptible
9791,23,Yes,No,Infectious
9792,85,No,No,Infectious
9793,16,Yes,Yes,Susceptible
9794,9,Yes,No,Susceptible
9795,13,Yes,No,Susceptible
9796,28,Yes,Yes,Exposed
9797,27,Yes,Yes,Susceptible
9798,51,No,No,Exposed
9799,64,Yes,Yes,Susceptible
9800,52,Yes,No,Susceptible
9801,81,Yes,No,Infectious
9802,38,Yes,No,Susceptible
9803,65,Yes,No,Susceptible
9804,18,Yes,Yes,Susceptible
9805,63,Yes,No,Susceptible
9806,51,Yes,No,Susceptible
9807,9,No,No,Susceptible
9808,13,Yes,Yes,Infectious
9809,40,Yes,Yes,Susceptible
9810,55,Yes,Yes,Susceptible
9811,79,Yes,No,Susceptible
9812,43,Yes,Yes,Infectious
9813,44,Yes,No,Susceptible
9814,68,Yes,No,Susceptible
9815,33,Yes,No,Infectious
9816,24,No,Yes,Susceptible
9817,36,Yes,No,Susceptible
9818,10,Yes,No,Susceptible
9819,20,Yes,No,Susceptible
9820,75,Yes,Yes,Susceptible
9821,12,Yes,Yes,Susceptible
9822,62,Yes,No,Susceptible
9823,18,No,No,Susceptible
9824,63,Yes,No,Susceptible
9825,84,Yes,No,Susceptible
9826,25,No,Yes,Susceptible
9827,12,No,No,Susceptible
9828,21,Yes,No,Susceptible
9829,25,Yes,No,Susceptible
9830,11,Yes,Yes,Susceptible
9831,64,No,Yes,Susceptible
9832,73,No,No,Susceptible
9833,50,No,No,Susceptible
9834,62,No,Yes,Recovered
9835,89,Yes,Yes,Susceptible
9836,49,Yes,Yes,Susceptible
9837,14,No,No,Susceptible
9838,1,Yes,Yes,Susceptible
9839,81,Yes,No,Susceptible
9840,25,Yes,Yes,Recovered
9841,59,No,No,Susceptible
9842,72,Yes,No,Susceptible
9843,69,Yes,Yes,Susceptible
9844,5,No,No,Susceptible
9845,19,No,Yes,Susceptible
9846,23,Yes,No,Susceptible
9847,9,Yes,No,Susceptible
9848,50,Yes,Yes,Susceptible
9849,16,No,Yes,Susceptible
9850,33,Yes,Yes,Susceptible
9851,2,No,Yes,Susceptible
9852,14,No,Yes,Susceptible
9853,1,Yes,No,Susceptible
9854,58,Yes,Yes,Susceptible
9855,89,Yes,Yes,Susceptible
9856,16,Yes,Yes,Susceptible
9857,79,No,Yes,Recovered
9858,47,No,Yes,Susceptible
9859,44,No,No,Susceptible
9860,80,Yes,No,Susceptible
9861,14,Yes,No,Susceptible
9862,24,Yes,Yes,Exposed
9863,55,Yes,Yes,Susceptible
9864,15,No,Yes,Susceptible
9865,83,Yes,Yes,Exposed
9866,72,No,Yes,Susceptible
9867,34,Yes,Yes,Susceptible
9868,2,No,Yes,Susceptible
9869,27,Yes,No,Exposed
9870,74,No,Yes,Susceptible
9871,87,Yes,Yes,Susceptible
9872,72,No,No,Infectious
9873,23,No,No,Susceptible
9874,68,Yes,Yes,Susceptible
9875,14,Yes,Yes,Susceptible
9876,63,Yes,No,Susceptible
9877,65,Yes,Yes,Susceptible
9878,68,Yes,No,Susceptible
9879,63,Yes,Yes,Susceptible
9880,81,Yes,Yes,Susceptible
9881,87,Yes,Yes,Susceptible
9882,64,No,Yes,Susceptible
9883,32,No,Yes,Susceptible
9884,79,Yes,Yes,Recovered
9885,13,Yes,Yes,Susceptible
9886,66,Yes,Yes,Recovered
9887,19,Yes,No,Susceptible
9888,24,Yes,Yes,Susceptible
9889,88,Yes,No,Susceptible
9890,11,Yes,Yes,Susceptible
9891,59,Yes,Yes,Susceptible
9892,86,Yes,Yes,Susceptible
9893,15,No,Yes,Susceptible
9894,10,Yes,No,Susceptible
9895,41,Yes,No,Susceptible
9896,27,No,Yes,Susceptible
9897,60,No,No,Susceptible
9898,73,Yes,No,Infectious
9899,52,No,No,Susceptible
9900,28,Yes,No,Susceptible
9901,65,Yes,Yes,Susceptible
9902,17,Yes,Yes,Susceptible
9903,44,Yes,No,Recovered
9904,10,Yes,No,Susceptible
9905,63,Yes,No,Susceptible
9906,82,Yes,Yes,Susceptible
9907,47,No,Yes,Susceptible
9908,38,No,Yes,Susceptible
9909,70,Yes,Yes,Susceptible
9910,76,Yes,No,Susceptible
9911,53,Yes,Yes,Susceptible
9912,78,Yes,Yes,Susceptible
9913,44,Yes,No,Susceptible
9914,74,Yes,Yes,Susceptible
9915,54,No,No,Infectious
9916,20,Yes,Yes,Susceptible
9917,79,Yes,No,Susceptible
9918,31,Yes,Yes,Susceptible
9919,7,Yes,Yes,Susceptible
9920,58,Yes,No,Susceptible
9921,10,No,Yes,Susceptible
9922,10,Yes,No,Exposed
9923,39,No,Yes,Susceptible
9924,28,No,Yes,Susceptible
9925,30,No,No,Susceptible
9926,37,Yes,No,Exposed
9927,67,No,No,Susceptible
9928,43,Yes,Yes,Susceptible
9929,79,No,Yes,Susceptible
9930,85,Yes,Yes,Susceptible
9931,52,Yes,No,Susceptible
9932,56,Yes,No,Susceptible
9933,76,Yes,Yes,Exposed
9934,68,Yes,Yes,Susceptible
9935,9,No,No,Susceptible
9936,23,Yes,No,Susceptible
9937,63,Yes,No,Susceptible
9938,61,No,No,Susceptible
9939,40,No,Yes,Susceptible
9940,44,Yes,No,Susceptible
9941,86,Yes,Yes,Susceptible
9942,24,Yes,Yes,Susceptible
9943,51,Yes,Yes,Susceptible
9944,58,No,No,Exposed
9945,33,Yes,No,Susceptible
9946,16,Yes,No,Susceptible
9947,22,Yes,Yes,Susceptible
9948,57,No,No,Susceptible
9949,62,No,Yes,Susceptible
9950,82,Yes,No,Exposed
9951,71,Yes,No,Susceptible
9952,72,Yes,No,Susceptible
9953,70,Yes,No,Susceptible
9954,30,No,Yes,Susceptible
9955,23,Yes,No,Susceptible
9956,32,Yes,No,Susceptible
9957,86,Yes,Yes,Susceptible
9958,57,Yes,Yes,Susceptible
9959,9,No,No,Susceptible
9960,31,Yes,No,Susceptible
9961,71,Yes,No,Susceptible
9962,9,Yes,No,Susceptible
9963,13,No,Yes,Susceptible
9964,58,Yes,No,Recovered
9965,3,Yes,No,Infectious
9966,35,Yes,Yes,Susceptible
9967,21,Yes,Yes,Susceptible
9968,64,Yes,No,Susceptible
9969,52,Yes,Yes,Susceptible
9970,34,Yes,Yes,Susceptible
9971,35,Yes,Yes,Recovered
9972,15,Yes,Yes,Susceptible
9973,6,Yes,Yes,Susceptible
9974,85,Yes,No,Infectious
9975,32,Yes,No,Susceptible
9976,52,No,Yes,Susceptible
9977,83,Yes,Yes,Susceptible
9978,28,Yes,Yes,Susceptible
9979,85,No,Yes,Susceptible
9980,64,Yes,Yes,Susceptible
9981,79,Yes,Yes,Susceptible
9982,78,Yes,Yes,Susceptible
9983,19,Yes,Yes,Susceptible
9984,15,No,No,Susceptible
9985,6,Yes,Yes,Susceptible
9986,73,Yes,No,Exposed
9987,84,Yes,Yes,Infectious
9988,38,Yes,No,Susceptible
9989,26,Yes,Yes,Susceptible
9990,82,Yes,Yes,Susceptible
9991,51,No,Yes,Susceptible
9992,73,No,No,Susceptible
9993,53,Yes,No,Infectious
9994,56,Yes,Yes,Susceptible
9995,59,No,Yes,Susceptible
9996,70,Yes,Yes,Susceptible
9997,78,Yes,Yes,Recovered
9998,58,No,Yes,Susceptible
9999,88,Yes,No,Exposed
10000,13,Yes,No,Susceptible
10001,43,No,Yes,Exposed
10002,76,Yes,Yes,Susceptible
10003,51,No,Yes,Susceptible
10004,19,Yes,Yes,Infectious
10005,21,Yes,No,Susceptible
10006,83,No,Yes,Susceptible
10007,24,Yes,Yes,Susceptible
10008,26,Yes,Yes,Susceptible
10009,45,Yes,Yes,Exposed
10010,28,Yes,Yes,Susceptible
10011,82,No,Yes,Susceptible
10012,29,Yes,Yes,Susceptible
10013,17,Yes,Yes,Susceptible
10014,68,Yes,Yes,Susceptible
10015,44,Yes,Yes,Susceptible
10016,61,Yes,No,Susceptible
10017,68,Yes,No,Susceptible
10018,74,Yes,No,Exposed
10019,25,Yes,No,Exposed
10020,67,No,No,Susceptible
10021,2,Yes,Yes,Susceptible
10022,89,Yes,No,Recovered
10023,49,Yes,No,Susceptible
10024,70,Yes,No,Susceptible
10025,26,Yes,Yes,Susceptible
10026,72,No,No,Susceptible
10027,27,Yes,No,Recovered
10028,89,Yes,No,Susceptible
10029,18,No,Yes,Susceptible
10030,54,Yes,No,Susceptible
10031,1,Yes,No,Susceptible
10032,61,Yes,Yes,Susceptible
10033,3,Yes,No,Susceptible
10034,68,No,No,Susceptible
10035,41,No,Yes,Susceptible
10036,37,No,No,Susceptible
10037,51,Yes,Yes,Susceptible
10038,15,Yes,No,Susceptible
10039,8,Yes,No,Susceptible
10040,38,Yes,No,Susceptible
10041,83,Yes,No,Exposed
10042,56,Yes,No,Susceptible
10043,47,Yes,No,Susceptible
10044,10,Yes,No,Susceptible
10045,78,Yes,Yes,Infectious
10046,49,Yes,No,Susceptible
10047,41,Yes,No,Recovered
10048,83,Yes,Yes,Susceptible
10049,30,No,Yes,Susceptible
10050,5,No,No,Susceptible
10051,71,Yes,No,Susceptible
10052,83,Yes,Yes,Susceptible
10053,31,Yes,Yes,Susceptible
10054,52,Yes,No,Susceptible
10055,88,Yes,No,Susceptible
10056,23,Yes,No,Susceptible
10057,48,Yes,Yes,Susceptible
10058,40,Yes,No,Susceptible
10059,6,Yes,No,Susceptible
10060,38,Yes,Yes,Susceptible
10061,41,No,Yes,Susceptible
10062,27,Yes,No,Susceptible
10063,75,Yes,No,Susceptible
10064,69,No,Yes,Susceptible
10065,57,No,Yes,Susceptible
10066,17,Yes,No,Susceptible
10067,71,Yes,No,Recovered
10068,47,No,No,Susceptible
10069,79,Yes,No,Susceptible
10070,13,Yes,No,Recovered
10071,11,No,No,Susceptible
10072,86,Yes,No,Susceptible
10073,24,No,No,Susceptible
10074,73,Yes,No,Susceptible
10075,4,No,Yes,Exposed
10076,46,Yes,Yes,Susceptible
10077,18,Yes,Yes,Infectious
10078,43,Yes,No,Susceptible
10079,80,Yes,No,Infectious
10080,33,Yes,Yes,Susceptible
10081,10,Yes,Yes,Susceptible
10082,73,Yes,Yes,Susceptible
10083,59,Yes,No,Susceptible
10084,31,Yes,No,Susceptible
10085,28,Yes,Yes,Susceptible
10086,60,Yes,No,Susceptible
10087,3,Yes,Yes,Susceptible
10088,55,Yes,Yes,Susceptible
10089,14,Yes,Yes,Recovered
10090,58,No,Yes,Susceptible
10091,89,Yes,No,Susceptible
10092,15,Yes,Yes,Susceptible
10093,2,Yes,No,Susceptible
10094,24,Yes,Yes,Recovered
10095,78,Yes,Yes,Exposed
10096,64,No,Yes,Susceptible
10097,71,Yes,No,Recovered
10098,24,No,Yes,Susceptible
10099,27,No,No,Susceptible
10100,37,Yes,Yes,Susceptible
10101,39,Yes,No,Susceptible
10102,63,No,Yes,Susceptible
10103,79,No,Yes,Susceptible
10104,26,Yes,Yes,Susceptible
10105,65,Yes,No,Susceptible
10106,4,Yes,Yes,Susceptible
10107,29,Yes,Yes,Susceptible
10108,1,Yes,Yes,Susceptible
10109,50,Yes,No,Susceptible
10110,86,Yes,No,Susceptible
10111,11,No,No,Susceptible
10112,74,Yes,Yes,Infectious
10113,59,Yes,Yes,Susceptible
10114,62,No,Yes,Susceptible
10115,81,No,No,Infectious
10116,36,Yes,Yes,Susceptible
10117,56,No,No,Susceptible
10118,21,No,No,Susceptible
10119,13,Yes,No,Susceptible
10120,9,Yes,Yes,Susceptible
10121,11,Yes,No,Susceptible
10122,75,Yes,No,Susceptible
10123,70,Yes,Yes,Susceptible
10124,1,Yes,No,Susceptible
10125,70,No,Yes,Infectious
10126,77,Yes,No,Susceptible
10127,86,Yes,Yes,Exposed
10128,56,No,Yes,Susceptible
10129,31,Yes,Yes,Recovered
10130,86,Yes,No,Susceptible
10131,37,Yes,Yes,Susceptible
10132,47,Yes,No,Susceptible
10133,78,Yes,No,Susceptible
10134,47,No,No,Susceptible
10135,69,Yes,Yes,Susceptible
10136,58,Yes,Yes,Susceptible
10137,36,Yes,No,Susceptible
10138,32,Yes,Yes,Susceptible
10139,64,No,Yes,Susceptible
10140,71,No,No,Susceptible
10141,42,No,Yes,Recovered
10142,48,Yes,Yes,Susceptible
10143,74,Yes,No,Exposed
10144,81,Yes,No,Susceptible
10145,30,Yes,No,Susceptible
10146,21,Yes,Yes,Infectious
10147,60,Yes,Yes,Susceptible
10148,13,Yes,No,Exposed
10149,1,Yes,Yes,Susceptible
10150,65,Yes,Yes,Susceptible
10151,33,Yes,Yes,Susceptible
10152,38,Yes,No,Susceptible
10153,25,Yes,Yes,Susceptible
10154,26,Yes,Yes,Susceptible
10155,77,Yes,Yes,Susceptible
10156,59,No,Yes,Susceptible
10157,33,Yes,No,Susceptible
10158,41,Yes,Yes,Susceptible
10159,30,Yes,No,Susceptible
10160,57,No,Yes,Susceptible
10161,49,Yes,Yes,Susceptible
10162,48,No,Yes,Susceptible
10163,72,No,Yes,Susceptible
10164,49,No,No,Susceptible
10165,47,Yes,No,Susceptible
10166,56,Yes,No,Susceptible
10167,65,Yes,Yes,Susceptible
10168,12,Yes,Yes,Susceptible
10169,69,No,No,Recovered
10170,88,No,Yes,Susceptible
10171,6,Yes,Yes,Susceptible
10172,89,Yes,No,Susceptible
10173,65,No,No,Susceptible
10174,25,Yes,Yes,Susceptible
10175,1,Yes,No,Susceptible
10176,32,No,No,Susceptible
10177,3,Yes,No,Susceptible
10178,49,No,Yes,Susceptible
10179,19,No,Yes,Susceptible
10180,60,Yes,No,Recovered
10181,29,Yes,Yes,Susceptible
10182,50,Yes,Yes,Susceptible
10183,2,Yes,Yes,Susceptible
10184,73,Yes,No,Susceptible
10185,56,No,Yes,Susceptible
10186,17,Yes,Yes,Susceptible
10187,60,Yes,No,Susceptible
10188,36,No,Yes,Susceptible
10189,61,Yes,Yes,Susceptible
10190,17,Yes,No,Susceptible
10191,49,Yes,No,Susceptible
10192,76,No,No,Susceptible
10193,60,Yes,No,Susceptible
10194,20,Yes,Yes,Susceptible
10195,50,Yes,No,Susceptible
10196,3,No,No,Susceptible
10197,43,Yes,No,Susceptible
10198,57,Yes,Yes,Susceptible
10199,50,Yes,No,Susceptible
10200,68,Yes,Yes,Susceptible
10201,81,No,Yes,Susceptible
10202,50,No,No,Susceptible
10203,37,Yes,Yes,Susceptible
10204,46,Yes,Yes,Susceptible
10205,42,No,Yes,Susceptible
10206,15,No,Yes,Recovered
10207,33,No,Yes,Susceptible
10208,80,Yes,Yes,Susceptible
10209,11,Yes,No,Susceptible
10210,20,Yes,Yes,Susceptible
10211,24,Yes,Yes,Susceptible
10212,64,Yes,No,Susceptible
10213,80,Yes,Yes,Susceptible
10214,65,Yes,Yes,Susceptible
10215,88,Yes,No,Susceptible
10216,88,Yes,No,Susceptible
10217,73,No,No,Susceptible
10218,86,Yes,Yes,Susceptible
10219,76,No,Yes,Susceptible
10220,17,Yes,No,Susceptible
10221,89,No,Yes,Susceptible
10222,61,No,Yes,Susceptible
10223,15,No,Yes,Susceptible
10224,51,Yes,No,Susceptible
10225,27,Yes,No,Susceptible
10226,86,Yes,Yes,Recovered
10227,74,No,No,Susceptible
10228,61,Yes,No,Susceptible
10229,58,Yes,Yes,Infectious
10230,31,Yes,Yes,Susceptible
10231,12,Yes,No,Susceptible
10232,46,No,Yes,Susceptible
10233,31,No,Yes,Susceptible
10234,32,Yes,No,Susceptible
10235,32,Yes,Yes,Susceptible
10236,53,Yes,No,Susceptible
10237,61,No,No,Susceptible
10238,46,Yes,No,Susceptible
10239,85,No,No,Susceptible
10240,74,Yes,Yes,Susceptible
10241,80,Yes,No,Susceptible
10242,7,No,No,Susceptible
10243,4,No,No,Susceptible
10244,52,Yes,No,Susceptible
10245,89,No,No,Susceptible
10246,31,Yes,Yes,Susceptible
10247,75,No,No,Susceptible
10248,84,Yes,No,Susceptible
10249,36,No,Yes,Susceptible
10250,54,No,Yes,Susceptible
10251,54,Yes,Yes,Susceptible
10252,17,No,No,Recovered
10253,75,Yes,Yes,Susceptible
10254,30,Yes,No,Susceptible
10255,22,No,No,Susceptible
10256,43,Yes,No,Susceptible
10257,27,Yes,Yes,Susceptible
10258,37,Yes,No,Susceptible
10259,46,Yes,No,Susceptible
10260,35,No,Yes,Exposed
10261,4,No,No,Susceptible
10262,80,Yes,Yes,Susceptible
10263,80,Yes,No,Susceptible
10264,85,Yes,Yes,Susceptible
10265,26,Yes,Yes,Susceptible
10266,19,Yes,No,Susceptible
10267,81,Yes,No,Recovered
10268,45,Yes,No,Susceptible
10269,26,Yes,Yes,Susceptible
10270,22,Yes,No,Susceptible
10271,58,Yes,No,Susceptible
10272,63,Yes,No,Susceptible
10273,28,No,No,Infectious
10274,65,Yes,Yes,Susceptible
10275,44,Yes,No,Susceptible
10276,43,Yes,Yes,Susceptible
10277,37,Yes,Yes,Susceptible
10278,66,Yes,No,Susceptible
10279,17,Yes,Yes,Susceptible
10280,40,Yes,No,Susceptible
10281,38,Yes,Yes,Susceptible
10282,85,Yes,Yes,Exposed
10283,61,Yes,Yes,Susceptible
10284,9,Yes,Yes,Susceptible
10285,77,Yes,Yes,Susceptible
10286,75,No,Yes,Susceptible
10287,61,No,No,Exposed
10288,80,Yes,No,Susceptible
10289,16,No,No,Susceptible
10290,2,Yes,No,Recovered
10291,72,Yes,Yes,Susceptible
10292,43,Yes,No,Susceptible
10293,42,Yes,No,Susceptible
10294,77,Yes,Yes,Susceptible
10295,57,No,No,Susceptible
10296,81,Yes,Yes,Susceptible
10297,88,Yes,No,Susceptible
10298,67,No,No,Susceptible
10299,30,No,No,Susceptible
10300,13,No,No,Susceptible
10301,19,Yes,Yes,Susceptible
10302,7,No,Yes,Susceptible
10303,9,Yes,Yes,Infectious
10304,83,Yes,Yes,Susceptible
10305,54,No,Yes,Susceptible
10306,86,No,No,Infectious
10307,82,Yes,Yes,Exposed
10308,61,Yes,No,Susceptible
10309,87,Yes,No,Susceptible
10310,2,Yes,No,Susceptible
10311,50,Yes,Yes,Recovered
10312,75,Yes,Yes,Susceptible
10313,31,Yes,No,Susceptible
10314,33,No,No,Susceptible
10315,78,Yes,No,Susceptible
10316,80,Yes,Yes,Susceptible
10317,11,Yes,Yes,Susceptible
10318,33,Yes,No,Susceptible
10319,7,No,Yes,Susceptible
10320,31,No,No,Susceptible
10321,48,Yes,Yes,Susceptible
10322,47,Yes,Yes,Susceptible
10323,78,Yes,No,Exposed
10324,53,Yes,No,Susceptible
10325,80,Yes,No,Infectious
10326,19,Yes,Yes,Recovered
10327,81,Yes,Yes,Exposed
10328,6,Yes,Yes,Susceptible
10329,49,No,No,Susceptible
10330,73,No,No,Susceptible
10331,50,Yes,Yes,Susceptible
10332,81,Yes,No,Susceptible
10333,12,Yes,No,Susceptible
10334,23,No,Yes,Exposed
10335,54,Yes,Yes,Susceptible
10336,69,Yes,No,Exposed
10337,59,Yes,Yes,Susceptible
10338,36,Yes,Yes,Susceptible
10339,3,Yes,No,Susceptible
10340,58,Yes,No,Susceptible
10341,88,Yes,No,Susceptible
10342,55,Yes,No,Susceptible
10343,57,Yes,Yes,Susceptible
10344,17,Yes,Yes,Susceptible
10345,39,No,No,Recovered
10346,68,Yes,Yes,Infectious
10347,55,Yes,Yes,Susceptible
10348,45,Yes,Yes,Susceptible
10349,76,Yes,Yes,Susceptible
10350,1,Yes,Yes,Susceptible
10351,21,Yes,No,Susceptible
10352,83,No,No,Susceptible
10353,21,Yes,No,Susceptible
10354,52,Yes,Yes,Susceptible
10355,82,No,No,Susceptible
10356,43,Yes,No,Susceptible
10357,52,No,No,Susceptible
10358,67,Yes,Yes,Susceptible
10359,44,No,No,Susceptible
10360,32,Yes,Yes,Susceptible
10361,10,Yes,Yes,Susceptible
10362,64,Yes,Yes,Susceptible
10363,79,Yes,Yes,Susceptible
10364,69,Yes,Yes,Susceptible
10365,68,No,No,Susceptible
10366,28,Yes,Yes,Susceptible
10367,53,No,Yes,Exposed
10368,51,No,No,Susceptible
10369,53,Yes,Yes,Susceptible
10370,4,Yes,Yes,Susceptible
10371,79,Yes,Yes,Susceptible
10372,17,Yes,No,Susceptible
10373,67,Yes,No,Susceptible
10374,74,Yes,No,Susceptible
10375,47,Yes,Yes,Susceptible
10376,56,Yes,No,Infectious
10377,23,Yes,No,Susceptible
10378,18,No,Yes,Susceptible
10379,1,No,Yes,Recovered
10380,35,No,No,Susceptible
10381,64,Yes,No,Susceptible
10382,58,Yes,No,Exposed
10383,59,No,Yes,Susceptible
10384,1,Yes,No,Susceptible
10385,3,Yes,Yes,Susceptible
10386,67,No,Yes,Exposed
10387,37,Yes,Yes,Susceptible
10388,83,Yes,No,Recovered
10389,29,Yes,No,Recovered
10390,89,Yes,Yes,Susceptible
10391,33,Yes,Yes,Susceptible
10392,61,Yes,No,Susceptible
10393,4,Yes,Yes,Susceptible
10394,14,No,Yes,Susceptible
10395,33,Yes,Yes,Susceptible
10396,22,Yes,Yes,Infectious
10397,48,Yes,Yes,Susceptible
10398,3,No,No,Susceptible
10399,87,Yes,Yes,Susceptible
10400,85,Yes,No,Susceptible
10401,23,Yes,Yes,Susceptible
10402,68,Yes,Yes,Susceptible
10403,21,No,No,Susceptible
10404,43,Yes,Yes,Exposed
10405,85,Yes,Yes,Susceptible
10406,26,Yes,No,Susceptible
10407,41,Yes,No,Susceptible
10408,38,No,No,Recovered
10409,88,No,No,Susceptible
10410,11,Yes,No,Susceptible
10411,29,Yes,Yes,Susceptible
10412,60,Yes,No,Exposed
10413,67,No,Yes,Susceptible
10414,65,No,No,Susceptible
10415,61,Yes,Yes,Susceptible
10416,19,Yes,No,Susceptible
10417,46,Yes,No,Susceptible
10418,49,No,Yes,Susceptible
10419,22,Yes,No,Susceptible
10420,78,Yes,No,Susceptible
10421,57,No,No,Susceptible
10422,14,No,Yes,Susceptible
10423,44,No,Yes,Susceptible
10424,16,Yes,No,Susceptible
10425,77,Yes,Yes,Susceptible
10426,12,No,Yes,Susceptible
10427,55,No,Yes,Susceptible
10428,51,No,Yes,Susceptible
10429,39,Yes,No,Susceptible
10430,33,Yes,No,Susceptible
10431,33,Yes,No,Susceptible
10432,29,Yes,Yes,Exposed
10433,69,No,No,Susceptible
10434,70,Yes,Yes,Susceptible
10435,31,Yes,Yes,Susceptible
10436,80,No,No,Susceptible
10437,31,Yes,No,Susceptible
10438,89,Yes,Yes,Susceptible
10439,46,Yes,No,Susceptible
10440,77,No,Yes,Susceptible
10441,52,Yes,Yes,Susceptible
10442,10,Yes,No,Infectious
10443,88,No,Yes,Infectious
10444,74,No,No,Susceptible
10445,41,Yes,Yes,Susceptible
10446,77,Yes,No,Susceptible
10447,3,Yes,Yes,Susceptible
10448,59,Yes,No,Susceptible
10449,52,Yes,Yes,Exposed
10450,34,Yes,Yes,Exposed
10451,49,Yes,Yes,Recovered
10452,28,No,Yes,Susceptible
10453,83,No,Yes,Susceptible
10454,87,No,Yes,Susceptible
10455,13,No,No,Susceptible
10456,69,No,No,Susceptible
10457,67,No,Yes,Susceptible
10458,61,Yes,Yes,Susceptible
10459,60,Yes,Yes,Susceptible
10460,71,No,Yes,Susceptible
10461,24,Yes,Yes,Susceptible
10462,63,No,Yes,Susceptible
10463,86,No,Yes,Susceptible
10464,61,Yes,No,Susceptible
10465,23,No,Yes,Susceptible
10466,30,Yes,Yes,Susceptible
10467,60,Yes,No,Infectious
10468,18,Yes,No,Susceptible
10469,56,Yes,Yes,Susceptible
10470,53,Yes,No,Susceptible
10471,7,Yes,No,Susceptible
10472,69,No,No,Exposed
10473,72,No,No,Susceptible
10474,79,No,No,Susceptible
10475,52,Yes,No,Exposed
10476,4,Yes,No,Susceptible
10477,34,Yes,No,Susceptible
10478,69,No,No,Susceptible
10479,33,Yes,No,Susceptible
10480,69,Yes,No,Susceptible
10481,38,Yes,Yes,Susceptible
10482,26,Yes,Yes,Susceptible
10483,1,No,Yes,Susceptible
10484,4,No,No,Susceptible
10485,39,Yes,Yes,Susceptible
10486,54,Yes,No,Susceptible
10487,33,No,Yes,Susceptible
10488,33,No,Yes,Susceptible
10489,72,Yes,Yes,Recovered
10490,20,No,Yes,Infectious
10491,16,Yes,Yes,Susceptible
10492,21,Yes,Yes,Susceptible
10493,45,Yes,No,Susceptible
10494,87,Yes,No,Susceptible
10495,82,Yes,No,Susceptible
10496,62,No,No,Susceptible
10497,31,Yes,Yes,Recovered
10498,42,No,No,Susceptible
10499,12,No,Yes,Susceptible
10500,65,Yes,No,Susceptible
10501,73,Yes,Yes,Susceptible
10502,3,Yes,No,Susceptible
10503,9,Yes,Yes,Susceptible
10504,51,Yes,Yes,Susceptible
10505,16,Yes,Yes,Susceptible
10506,88,Yes,No,Susceptible
10507,78,Yes,No,Susceptible
10508,3,Yes,No,Susceptible
10509,24,No,No,Susceptible
10510,73,Yes,No,Susceptible
10511,13,Yes,No,Susceptible
10512,2,Yes,Yes,Susceptible
10513,71,No,Yes,Susceptible
10514,21,Yes,No,Susceptible
10515,19,Yes,Yes,Infectious
10516,89,Yes,Yes,Susceptible
10517,47,No,Yes,Susceptible
10518,22,Yes,No,Susceptible
10519,75,No,Yes,Susceptible
10520,33,Yes,No,Susceptible
10521,32,Yes,No,Susceptible
10522,64,No,No,Susceptible
10523,85,Yes,Yes,Susceptible
10524,39,Yes,No,Susceptible
10525,84,Yes,Yes,Susceptible
10526,72,Yes,Yes,Susceptible
10527,42,Yes,No,Susceptible
10528,9,Yes,No,Susceptible
10529,25,Yes,Yes,Susceptible
10530,89,Yes,No,Susceptible
10531,2,Yes,Yes,Recovered
10532,19,Yes,Yes,Infectious
10533,20,Yes,Yes,Susceptible
10534,70,No,No,Susceptible
10535,17,Yes,No,Susceptible
10536,89,Yes,Yes,Susceptible
10537,68,No,Yes,Susceptible
10538,84,No,No,Susceptible
10539,3,Yes,No,Infectious
10540,87,Yes,No,Susceptible
10541,51,Yes,Yes,Recovered
10542,82,Yes,Yes,Susceptible
10543,26,No,Yes,Susceptible
10544,56,No,No,Susceptible
10545,64,Yes,Yes,Susceptible
10546,8,No,No,Susceptible
10547,81,Yes,Yes,Susceptible
10548,37,No,No,Susceptible
10549,27,Yes,No,Susceptible
10550,45,Yes,Yes,Susceptible
10551,4,No,Yes,Susceptible
10552,86,No,No,Susceptible
10553,88,Yes,Yes,Recovered
10554,37,Yes,Yes,Susceptible
10555,71,Yes,No,Susceptible
10556,33,Yes,No,Infectious
10557,31,No,Yes,Susceptible
10558,55,No,No,Susceptible
10559,12,Yes,No,Recovered
10560,11,No,Yes,Susceptible
10561,88,Yes,No,Susceptible
10562,72,Yes,No,Susceptible
10563,32,No,No,Susceptible
10564,57,No,Yes,Susceptible
10565,38,Yes,Yes,Susceptible
10566,60,No,No,Susceptible
10567,86,Yes,No,Susceptible
10568,19,Yes,Yes,Infectious
10569,84,Yes,No,Susceptible
10570,56,Yes,No,Susceptible
10571,14,No,Yes,Susceptible
10572,33,No,Yes,Susceptible
10573,10,Yes,Yes,Susceptible
10574,80,Yes,No,Exposed
10575,64,Yes,Yes,Susceptible
10576,64,Yes,No,Susceptible
10577,62,Yes,Yes,Susceptible
10578,68,Yes,No,Susceptible
10579,43,Yes,Yes,Susceptible
10580,80,No,Yes,Susceptible
10581,59,Yes,Yes,Susceptible
10582,52,Yes,Yes,Recovered
10583,19,No,Yes,Susceptible
10584,21,Yes,No,Susceptible
10585,22,Yes,No,Susceptible
10586,9,Yes,Yes,Infectious
10587,9,Yes,Yes,Infectious
10588,73,Yes,Yes,Susceptible
10589,27,No,Yes,Infectious
10590,17,Yes,Yes,Susceptible
10591,44,Yes,No,Susceptible
10592,45,Yes,No,Susceptible
10593,8,Yes,No,Susceptible
10594,80,Yes,Yes,Susceptible
10595,18,Yes,Yes,Susceptible
10596,33,No,No,Susceptible
10597,1,Yes,Yes,Susceptible
10598,76,Yes,No,Susceptible
10599,6,No,No,Susceptible
10600,41,Yes,No,Susceptible
10601,55,Yes,Yes,Susceptible
10602,5,Yes,Yes,Susceptible
10603,59,Yes,No,Susceptible
10604,80,Yes,Yes,Susceptible
10605,18,Yes,Yes,Susceptible
10606,49,Yes,Yes,Susceptible
10607,82,Yes,Yes,Susceptible
10608,65,Yes,No,Exposed
10609,83,Yes,Yes,Exposed
10610,54,Yes,Yes,Susceptible
10611,61,No,Yes,Susceptible
10612,8,No,Yes,Susceptible
10613,3,Yes,No,Exposed
10614,25,Yes,No,Susceptible
10615,69,No,No,Susceptible
10616,55,No,No,Susceptible
10617,40,Yes,No,Susceptible
10618,83,No,Yes,Susceptible
10619,82,No,Yes,Susceptible
10620,50,Yes,No,Susceptible
10621,33,Yes,No,Susceptible
10622,18,No,No,Susceptible
10623,57,Yes,No,Infectious
10624,16,Yes,No,Susceptible
10625,80,Yes,No,Susceptible
10626,38,Yes,Yes,Susceptible
10627,41,Yes,Yes,Susceptible
10628,7,Yes,Yes,Susceptible
10629,78,Yes,No,Susceptible
10630,53,Yes,Yes,Susceptible
10631,63,Yes,No,Susceptible
10632,89,Yes,Yes,Susceptible
10633,32,No,No,Susceptible
10634,38,Yes,Yes,Susceptible
10635,22,No,Yes,Susceptible
10636,16,No,No,Susceptible
10637,52,No,No,Susceptible
10638,29,Yes,No,Susceptible
10639,16,Yes,No,Susceptible
10640,76,Yes,No,Susceptible
10641,17,Yes,No,Susceptible
10642,64,Yes,Yes,Susceptible
10643,89,Yes,Yes,Susceptible
10644,13,Yes,No,Susceptible
10645,72,Yes,Yes,Susceptible
10646,56,Yes,No,Susceptible
10647,5,Yes,No,Susceptible
10648,12,Yes,Yes,Recovered
10649,41,Yes,Yes,Susceptible
10650,3,No,Yes,Susceptible
10651,33,No,Yes,Susceptible
10652,86,No,Yes,Susceptible
10653,50,No,No,Susceptible
10654,56,No,No,Susceptible
10655,9,No,Yes,Susceptible
10656,82,Yes,Yes,Susceptible
10657,50,Yes,No,Susceptible
10658,29,No,Yes,Susceptible
10659,39,Yes,No,Susceptible
10660,45,Yes,Yes,Susceptible
10661,17,Yes,Yes,Susceptible
10662,56,No,No,Susceptible
10663,46,No,No,Susceptible
10664,67,Yes,Yes,Susceptible
10665,69,Yes,No,Exposed
10666,14,Yes,No,Susceptible
10667,67,Yes,No,Susceptible
10668,23,No,Yes,Susceptible
10669,61,Yes,Yes,Susceptible
10670,23,No,Yes,Susceptible
10671,27,Yes,No,Susceptible
10672,54,No,Yes,Susceptible
10673,10,No,Yes,Susceptible
10674,89,Yes,No,Susceptible
10675,77,Yes,No,Susceptible
10676,16,Yes,No,Susceptible
10677,41,No,No,Susceptible
10678,55,Yes,No,Susceptible
10679,61,Yes,No,Susceptible
10680,86,No,No,Recovered
10681,81,Yes,No,Susceptible
10682,87,Yes,No,Susceptible
10683,49,Yes,No,Infectious
10684,73,No,Yes,Susceptible
10685,52,Yes,No,Susceptible
10686,2,Yes,No,Susceptible
10687,50,Yes,No,Susceptible
10688,86,Yes,No,Recovered
10689,43,Yes,No,Susceptible
10690,77,Yes,Yes,Susceptible
10691,8,No,Yes,Susceptible
10692,59,Yes,Yes,Susceptible
10693,65,Yes,Yes,Susceptible
10694,81,Yes,Yes,Susceptible
10695,12,No,No,Susceptible
10696,4,Yes,No,Susceptible
10697,77,No,Yes,Susceptible
10698,41,No,No,Susceptible
10699,7,Yes,No,Susceptible
10700,87,Yes,No,Susceptible
10701,88,Yes,Yes,Recovered
10702,69,Yes,No,Susceptible
10703,69,Yes,Yes,Susceptible
10704,81,Yes,No,Susceptible
10705,30,Yes,Yes,Exposed
10706,73,No,No,Susceptible
10707,6,Yes,No,Susceptible
10708,89,No,No,Susceptible
10709,19,Yes,Yes,Exposed
10710,80,No,Yes,Exposed
10711,85,Yes,No,Susceptible
10712,66,Yes,Yes,Exposed
10713,10,No,Yes,Exposed
10714,16,Yes,Yes,Infectious
10715,37,Yes,Yes,Susceptible
10716,79,No,Yes,Susceptible
10717,77,No,No,Recovered
10718,77,No,Yes,Susceptible
10719,32,Yes,Yes,Susceptible
10720,47,Yes,Yes,Susceptible
10721,72,Yes,Yes,Exposed
10722,43,Yes,No,Susceptible
10723,82,No,Yes,Susceptible
10724,36,No,No,Susceptible
10725,26,Yes,Yes,Susceptible
10726,10,Yes,No,Susceptible
10727,31,Yes,Yes,Susceptible
10728,29,Yes,Yes,Susceptible
10729,5,Yes,Yes,Susceptible
10730,77,No,No,Susceptible
10731,1,No,Yes,Susceptible
10732,87,No,No,Susceptible
10733,3,Yes,Yes,Susceptible
10734,67,No,Yes,Susceptible
10735,71,Yes,No,Susceptible
10736,35,Yes,Yes,Susceptible
10737,15,Yes,No,Susceptible
10738,67,Yes,Yes,Susceptible
10739,30,Yes,No,Susceptible
10740,82,Yes,No,Susceptible
10741,75,Yes,Yes,Susceptible
10742,43,Yes,No,Susceptible
10743,60,Yes,No,Susceptible
10744,40,No,No,Susceptible
10745,65,No,No,Susceptible
10746,29,Yes,No,Susceptible
10747,74,Yes,No,Susceptible
10748,19,Yes,Yes,Susceptible
10749,3,Yes,No,Susceptible
10750,36,No,No,Susceptible
10751,43,Yes,No,Susceptible
10752,15,Yes,No,Susceptible
10753,41,No,Yes,Susceptible
10754,80,Yes,Yes,Exposed
10755,36,Yes,No,Susceptible
10756,84,Yes,No,Susceptible
10757,77,No,Yes,Susceptible
10758,33,No,No,Recovered
10759,5,Yes,No,Susceptible
10760,78,Yes,Yes,Susceptible
10761,87,Yes,Yes,Susceptible
10762,14,No,Yes,Susceptible
10763,68,Yes,Yes,Susceptible
10764,83,Yes,Yes,Susceptible
10765,47,No,Yes,Susceptible
10766,54,Yes,Yes,Exposed
10767,4,Yes,No,Susceptible
10768,83,Yes,No,Recovered
10769,9,Yes,No,Susceptible
10770,53,Yes,No,Recovered
10771,77,Yes,Yes,Susceptible
10772,78,Yes,No,Susceptible
10773,60,Yes,No,Susceptible
10774,46,No,Yes,Susceptible
10775,54,Yes,Yes,Exposed
10776,74,Yes,Yes,Exposed
10777,37,No,Yes,Susceptible
10778,23,Yes,No,Susceptible
10779,27,Yes,Yes,Infectious
10780,70,Yes,No,Susceptible
10781,66,Yes,Yes,Susceptible
10782,61,Yes,Yes,Susceptible
10783,77,Yes,No,Susceptible
10784,51,Yes,Yes,Susceptible
10785,50,Yes,Yes,Susceptible
10786,19,Yes,No,Susceptible
10787,1,Yes,Yes,Susceptible
10788,40,No,Yes,Susceptible
10789,32,Yes,No,Susceptible
10790,22,Yes,Yes,Susceptible
10791,66,No,No,Susceptible
10792,40,Yes,No,Susceptible
10793,38,Yes,Yes,Susceptible
10794,48,Yes,No,Susceptible
10795,55,No,No,Susceptible
10796,75,Yes,No,Susceptible
10797,81,Yes,No,Exposed
10798,55,Yes,Yes,Susceptible
10799,51,Yes,Yes,Susceptible
10800,60,Yes,No,Susceptible
10801,8,Yes,Yes,Susceptible
10802,86,No,Yes,Susceptible
10803,68,No,No,Susceptible
10804,75,Yes,No,Exposed
10805,72,Yes,No,Susceptible
10806,9,No,No,Susceptible
10807,2,Yes,Yes,Susceptible
10808,80,No,No,Susceptible
10809,70,No,Yes,Exposed
10810,85,Yes,No,Susceptible
10811,59,Yes,Yes,Susceptible
10812,19,Yes,Yes,Susceptible
10813,28,Yes,Yes,Susceptible
10814,72,No,No,Susceptible
10815,14,Yes,Yes,Susceptible
10816,24,Yes,Yes,Susceptible
10817,44,Yes,No,Susceptible
10818,56,Yes,No,Susceptible
10819,51,Yes,No,Infectious
10820,32,Yes,Yes,Susceptible
10821,50,No,Yes,Susceptible
10822,41,Yes,No,Susceptible
10823,66,No,No,Susceptible
10824,25,Yes,Yes,Susceptible
10825,61,No,Yes,Susceptible
10826,66,No,No,Susceptible
10827,42,Yes,Yes,Susceptible
10828,65,Yes,No,Susceptible
10829,36,Yes,No,Susceptible
10830,76,Yes,No,Susceptible
10831,9,Yes,Yes,Susceptible
10832,36,Yes,Yes,Susceptible
10833,38,Yes,No,Infectious
10834,33,Yes,No,Susceptible
10835,42,No,No,Susceptible
10836,61,No,Yes,Recovered
10837,46,Yes,No,Susceptible
10838,86,Yes,No,Susceptible
10839,89,Yes,No,Susceptible
10840,61,Yes,No,Susceptible
10841,18,Yes,Yes,Susceptible
10842,70,No,Yes,Susceptible
10843,82,Yes,No,Susceptible
10844,80,Yes,Yes,Susceptible
10845,15,Yes,No,Exposed
10846,48,Yes,No,Susceptible
10847,72,No,Yes,Susceptible
10848,13,Yes,Yes,Susceptible
10849,43,No,No,Susceptible
10850,60,No,No,Recovered
10851,57,Yes,No,Susceptible
10852,71,Yes,No,Susceptible
10853,17,No,No,Susceptible
10854,50,Yes,No,Susceptible
10855,32,Yes,Yes,Susceptible
10856,22,No,No,Susceptible
10857,55,Yes,Yes,Susceptible
10858,57,Yes,No,Susceptible
10859,13,Yes,No,Susceptible
10860,47,No,No,Susceptible
10861,87,Yes,Yes,Susceptible
10862,62,Yes,Yes,Susceptible
10863,54,No,Yes,Susceptible
10864,29,Yes,No,Susceptible
10865,22,Yes,No,Susceptible
10866,65,Yes,No,Susceptible
10867,29,No,No,Susceptible
10868,48,Yes,No,Susceptible
10869,5,Yes,Yes,Susceptible
10870,35,Yes,No,Susceptible
10871,74,Yes,Yes,Recovered
10872,83,No,Yes,Susceptible
10873,71,No,No,Infectious
10874,46,No,No,Recovered
10875,35,Yes,No,Susceptible
10876,45,Yes,Yes,Susceptible
10877,13,No,Yes,Susceptible
10878,10,No,Yes,Susceptible
10879,66,Yes,Yes,Susceptible
10880,70,Yes,Yes,Susceptible
10881,72,No,Yes,Susceptible
10882,25,Yes,Yes,Susceptible
10883,44,Yes,No,Susceptible
10884,60,Yes,Yes,Susceptible
10885,47,No,Yes,Susceptible
10886,40,No,Yes,Susceptible
10887,7,Yes,No,Susceptible
10888,46,Yes,No,Susceptible
10889,23,Yes,No,Susceptible
10890,83,Yes,Yes,Recovered
10891,46,Yes,No,Susceptible
10892,86,Yes,Yes,Infectious
10893,13,No,Yes,Recovered
10894,21,Yes,No,Susceptible
10895,1,Yes,Yes,Susceptible
10896,19,Yes,No,Susceptible
10897,60,Yes,No,Susceptible
10898,33,Yes,Yes,Susceptible
10899,4,Yes,Yes,Susceptible
10900,3,Yes,Yes,Susceptible
10901,52,No,No,Susceptible
10902,28,Yes,Yes,Susceptible
10903,70,Yes,No,Susceptible
10904,70,Yes,No,Susceptible
10905,55,Yes,Yes,Susceptible
10906,57,No,No,Susceptible
10907,87,Yes,Yes,Susceptible
10908,16,Yes,Yes,Susceptible
10909,24,Yes,No,Susceptible
10910,69,No,No,Susceptible
10911,41,No,Yes,Susceptible
10912,77,No,Yes,Susceptible
10913,47,Yes,Yes,Susceptible
10914,76,Yes,Yes,Susceptible
10915,69,Yes,No,Exposed
10916,31,Yes,Yes,Susceptible
10917,30,Yes,Yes,Susceptible
10918,18,Yes,Yes,Susceptible
10919,44,Yes,No,Susceptible
10920,27,Yes,Yes,Susceptible
10921,26,Yes,Yes,Susceptible
10922,60,No,Yes,Susceptible
10923,18,Yes,No,Susceptible
10924,89,Yes,Yes,Exposed
10925,56,No,No,Susceptible
10926,31,No,No,Susceptible
10927,59,No,No,Susceptible
10928,2,Yes,No,Susceptible
10929,39,No,No,Susceptible
10930,61,Yes,No,Susceptible
10931,63,Yes,Yes,Susceptible
10932,18,Yes,Yes,Susceptible
10933,17,No,Yes,Susceptible
10934,39,No,No,Recovered
10935,71,No,No,Susceptible
10936,54,Yes,Yes,Susceptible
10937,76,Yes,No,Susceptible
10938,35,Yes,No,Susceptible
10939,11,Yes,Yes,Susceptible
10940,61,No,Yes,Susceptible
10941,44,Yes,No,Susceptible
10942,68,No,Yes,Susceptible
10943,25,Yes,Yes,Susceptible
10944,48,Yes,No,Susceptible
10945,32,Yes,No,Susceptible
10946,84,Yes,No,Susceptible
10947,4,No,Yes,Exposed
10948,38,No,Yes,Susceptible
10949,63,No,No,Susceptible
10950,47,No,No,Susceptible
10951,1,Yes,Yes,Susceptible
10952,3,No,No,Susceptible
10953,86,No,Yes,Susceptible
10954,62,Yes,No,Susceptible
10955,64,Yes,No,Susceptible
10956,17,No,Yes,Susceptible
10957,78,Yes,Yes,Susceptible
10958,62,Yes,No,Susceptible
10959,35,No,Yes,Susceptible
10960,13,Yes,Yes,Susceptible
10961,35,Yes,Yes,Susceptible
10962,43,Yes,No,Susceptible
10963,2,Yes,No,Susceptible
10964,56,No,Yes,Susceptible
10965,77,Yes,Yes,Recovered
10966,51,Yes,Yes,Recovered
10967,54,Yes,No,Susceptible
10968,16,Yes,Yes,Susceptible
10969,18,Yes,No,Susceptible
10970,7,Yes,Yes,Susceptible
10971,45,Yes,No,Susceptible
10972,36,Yes,Yes,Susceptible
10973,41,Yes,No,Susceptible
10974,42,No,No,Susceptible
10975,7,Yes,Yes,Susceptible
10976,15,No,Yes,Susceptible
10977,60,Yes,No,Susceptible
10978,40,Yes,No,Exposed
10979,83,No,Yes,Susceptible
10980,37,Yes,Yes,Susceptible
10981,66,Yes,No,Susceptible
10982,55,No,Yes,Susceptible
10983,77,Yes,No,Susceptible
10984,80,Yes,No,Susceptible
10985,56,No,No,Susceptible
10986,44,Yes,Yes,Susceptible
10987,57,Yes,Yes,Susceptible
10988,6,Yes,No,Susceptible
10989,32,Yes,Yes,Susceptible
10990,74,Yes,No,Susceptible
10991,18,Yes,Yes,Exposed
10992,68,No,No,Susceptible
10993,73,No,Yes,Susceptible
10994,7,Yes,No,Susceptible
10995,8,Yes,Yes,Susceptible
10996,64,Yes,Yes,Susceptible
10997,7,Yes,Yes,Susceptible
10998,41,Yes,Yes,Susceptible
10999,40,Yes,No,Susceptible
11000,3,Yes,Yes,Susceptible
11001,17,Yes,Yes,Susceptible
11002,66,Yes,No,Susceptible
11003,79,Yes,Yes,Susceptible
11004,52,Yes,No,Susceptible
11005,22,Yes,No,Susceptible
11006,4,No,No,Susceptible
11007,6,Yes,Yes,Susceptible
11008,38,No,Yes,Susceptible
11009,26,Yes,Yes,Susceptible
11010,11,No,Yes,Susceptible
11011,17,Yes,Yes,Recovered
11012,88,No,No,Susceptible
11013,31,Yes,No,Infectious
11014,77,Yes,Yes,Susceptible
11015,35,No,Yes,Susceptible
11016,16,Yes,No,Susceptible
11017,79,Yes,Yes,Susceptible
11018,18,Yes,No,Susceptible
11019,62,Yes,No,Susceptible
11020,27,No,No,Exposed
11021,35,No,No,Exposed
11022,45,Yes,Yes,Susceptible
11023,35,Yes,Yes,Exposed
11024,28,Yes,No,Susceptible
11025,9,Yes,No,Infectious
11026,76,Yes,Yes,Susceptible
11027,15,Yes,No,Susceptible
11028,21,No,No,Susceptible
11029,52,No,No,Susceptible
11030,35,Yes,No,Susceptible
11031,51,No,No,Susceptible
11032,83,Yes,No,Infectious
11033,55,No,No,Susceptible
11034,87,Yes,No,Susceptible
11035,77,Yes,No,Susceptible
11036,44,Yes,No,Susceptible
11037,65,Yes,Yes,Susceptible
11038,88,Yes,No,Exposed
11039,80,Yes,No,Susceptible
11040,25,Yes,Yes,Susceptible
11041,87,Yes,No,Susceptible
11042,47,Yes,No,Susceptible
11043,80,Yes,No,Susceptible
11044,56,No,Yes,Exposed
11045,38,Yes,No,Susceptible
11046,11,No,Yes,Susceptible
11047,67,Yes,Yes,Susceptible
11048,15,No,No,Infectious
11049,1,Yes,No,Susceptible
11050,7,Yes,Yes,Susceptible
11051,1,Yes,Yes,Susceptible
11052,49,Yes,No,Susceptible
11053,73,No,No,Susceptible
11054,29,No,No,Exposed
11055,26,Yes,Yes,Susceptible
11056,87,Yes,No,Susceptible
11057,45,Yes,Yes,Susceptible
11058,71,Yes,No,Susceptible
11059,12,Yes,Yes,Susceptible
11060,32,Yes,No,Infectious
11061,20,Yes,Yes,Susceptible
11062,51,Yes,Yes,Infectious
11063,81,No,Yes,Susceptible
11064,36,No,No,Susceptible
11065,67,Yes,Yes,Susceptible
11066,1,Yes,Yes,Susceptible
11067,27,No,No,Susceptible
11068,40,No,No,Susceptible
11069,84,Yes,No,Exposed
11070,14,Yes,Yes,Recovered
11071,69,Yes,Yes,Susceptible
11072,87,Yes,No,Recovered
11073,79,Yes,No,Infectious
11074,6,Yes,No,Susceptible
11075,33,No,Yes,Susceptible
11076,55,Yes,Yes,Susceptible
11077,19,Yes,Yes,Susceptible
11078,77,Yes,Yes,Susceptible
11079,29,Yes,No,Susceptible
11080,61,Yes,No,Susceptible
11081,70,Yes,Yes,Susceptible
11082,79,Yes,No,Susceptible
11083,80,Yes,Yes,Susceptible
11084,24,Yes,Yes,Susceptible
11085,23,Yes,No,Susceptible
11086,10,No,Yes,Susceptible
11087,54,Yes,No,Susceptible
11088,41,Yes,Yes,Exposed
11089,49,Yes,No,Susceptible
11090,17,Yes,No,Susceptible
11091,56,No,Yes,Susceptible
11092,45,Yes,Yes,Susceptible
11093,30,Yes,No,Susceptible
11094,44,Yes,Yes,Susceptible
11095,74,Yes,Yes,Susceptible
11096,55,No,Yes,Susceptible
11097,19,Yes,No,Susceptible
11098,29,No,Yes,Susceptible
11099,2,No,Yes,Susceptible
11100,36,No,No,Susceptible
11101,19,Yes,Yes,Susceptible
11102,7,No,No,Susceptible
11103,26,No,Yes,Susceptible
11104,79,Yes,Yes,Susceptible
11105,38,Yes,No,Susceptible
11106,3,Yes,No,Recovered
11107,80,Yes,Yes,Susceptible
11108,66,Yes,Yes,Susceptible
11109,71,Yes,No,Infectious
11110,43,Yes,Yes,Infectious
11111,62,Yes,No,Susceptible
11112,71,Yes,Yes,Susceptible
11113,24,Yes,No,Susceptible
11114,39,Yes,No,Susceptible
11115,68,Yes,Yes,Susceptible
11116,44,Yes,Yes,Susceptible
11117,5,Yes,No,Exposed
11118,55,No,Yes,Susceptible
11119,30,No,No,Susceptible
11120,29,No,No,Susceptible
11121,26,Yes,No,Susceptible
11122,83,Yes,Yes,Susceptible
11123,26,Yes,No,Susceptible
11124,37,Yes,No,Susceptible
11125,53,Yes,No,Susceptible
11126,30,Yes,No,Susceptible
11127,3,Yes,No,Susceptible
11128,43,No,No,Susceptible
11129,7,Yes,Yes,Susceptible
11130,49,Yes,Yes,Susceptible
11131,73,No,No,Susceptible
11132,41,Yes,Yes,Susceptible
11133,77,No,No,Susceptible
11134,79,No,Yes,Susceptible
11135,54,Yes,Yes,Susceptible
11136,69,Yes,No,Susceptible
11137,27,Yes,No,Susceptible
11138,8,No,Yes,Susceptible
11139,32,Yes,No,Exposed
11140,84,Yes,No,Susceptible
11141,64,Yes,Yes,Susceptible
11142,10,No,Yes,Susceptible
11143,13,No,No,Susceptible
11144,63,No,No,Susceptible
11145,35,No,Yes,Susceptible
11146,61,Yes,Yes,Susceptible
11147,54,Yes,No,Recovered
11148,8,Yes,No,Susceptible
11149,29,Yes,Yes,Susceptible
11150,41,No,No,Susceptible
11151,30,Yes,No,Susceptible
11152,86,Yes,No,Susceptible
11153,21,Yes,Yes,Susceptible
11154,76,No,No,Susceptible
11155,11,No,No,Exposed
11156,2,Yes,Yes,Susceptible
11157,50,Yes,No,Susceptible
11158,41,Yes,Yes,Susceptible
11159,66,Yes,Yes,Susceptible
11160,3,Yes,No,Susceptible
11161,80,No,No,Susceptible
11162,51,No,No,Susceptible
11163,68,Yes,Yes,Susceptible
11164,87,No,No,Susceptible
11165,84,No,No,Susceptible
11166,25,Yes,Yes,Susceptible
11167,30,No,No,Susceptible
11168,82,Yes,Yes,Susceptible
11169,11,Yes,No,Susceptible
11170,17,Yes,Yes,Infectious
11171,26,Yes,Yes,Susceptible
11172,23,No,Yes,Susceptible
11173,56,Yes,Yes,Susceptible
11174,52,Yes,Yes,Susceptible
11175,48,Yes,Yes,Susceptible
11176,20,Yes,Yes,Susceptible
11177,2,Yes,Yes,Susceptible
11178,88,No,No,Susceptible
11179,31,No,Yes,Susceptible
11180,27,Yes,No,Susceptible
11181,2,No,No,Susceptible
11182,78,Yes,No,Recovered
11183,4,Yes,No,Susceptible
11184,13,No,Yes,Susceptible
11185,35,Yes,Yes,Susceptible
11186,72,Yes,No,Susceptible
11187,66,Yes,Yes,Exposed
11188,6,No,Yes,Susceptible
11189,31,Yes,Yes,Exposed
11190,10,Yes,No,Susceptible
11191,21,Yes,Yes,Susceptible
11192,74,Yes,No,Susceptible
11193,23,No,No,Susceptible
11194,3,Yes,Yes,Susceptible
11195,32,No,No,Susceptible
11196,20,No,No,Susceptible
11197,74,Yes,No,Susceptible
11198,29,No,Yes,Susceptible
11199,52,No,No,Susceptible
11200,46,Yes,Yes,Susceptible
11201,34,Yes,Yes,Susceptible
11202,84,Yes,No,Susceptible
11203,61,Yes,No,Susceptible
11204,72,No,No,Susceptible
11205,71,Yes,No,Susceptible
11206,70,Yes,No,Susceptible
11207,11,Yes,No,Susceptible
11208,82,Yes,Yes,Susceptible
11209,89,Yes,No,Infectious
11210,63,Yes,No,Susceptible
11211,21,No,Yes,Susceptible
11212,3,Yes,Yes,Susceptible
11213,82,No,No,Susceptible
11214,88,No,Yes,Susceptible
11215,10,No,No,Susceptible
11216,27,Yes,Yes,Susceptible
11217,12,No,No,Susceptible
11218,7,Yes,Yes,Susceptible
11219,17,Yes,Yes,Susceptible
11220,65,Yes,No,Susceptible
11221,64,Yes,No,Susceptible
11222,26,Yes,Yes,Susceptible
11223,15,Yes,Yes,Susceptible
11224,33,No,No,Susceptible
11225,62,Yes,No,Susceptible
11226,47,No,Yes,Exposed
11227,35,No,No,Susceptible
11228,65,Yes,Yes,Susceptible
11229,72,Yes,Yes,Susceptible
11230,76,Yes,No,Susceptible
11231,83,No,Yes,Susceptible
11232,25,Yes,Yes,Exposed
11233,57,Yes,No,Susceptible
11234,32,Yes,No,Susceptible
11235,63,No,No,Susceptible
11236,12,Yes,Yes,Infectious
11237,63,Yes,No,Susceptible
11238,77,No,No,Susceptible
11239,1,Yes,No,Susceptible
11240,51,Yes,No,Infectious
11241,70,Yes,Yes,Susceptible
11242,8,Yes,No,Infectious
11243,68,Yes,No,Recovered
11244,5,No,Yes,Susceptible
11245,89,Yes,No,Susceptible
11246,86,No,No,Susceptible
11247,39,Yes,Yes,Infectious
11248,23,Yes,Yes,Exposed
11249,68,Yes,Yes,Susceptible
11250,52,Yes,No,Susceptible
11251,4,Yes,Yes,Recovered
11252,47,Yes,No,Susceptible
11253,21,Yes,Yes,Susceptible
11254,56,Yes,Yes,Recovered
11255,66,Yes,No,Susceptible
11256,59,Yes,No,Susceptible
11257,7,Yes,No,Susceptible
11258,49,Yes,Yes,Susceptible
11259,16,No,Yes,Susceptible
11260,17,Yes,No,Susceptible
11261,84,No,Yes,Susceptible
11262,87,Yes,Yes,Susceptible
11263,75,Yes,No,Susceptible
11264,34,No,No,Susceptible
11265,33,Yes,Yes,Susceptible
11266,26,Yes,Yes,Susceptible
11267,66,Yes,No,Susceptible
11268,63,Yes,Yes,Susceptible
11269,87,No,No,Susceptible
11270,41,No,Yes,Susceptible
11271,86,Yes,No,Exposed
11272,58,No,Yes,Susceptible
11273,79,Yes,Yes,Susceptible
11274,10,Yes,No,Susceptible
11275,15,Yes,No,Susceptible
11276,42,Yes,Yes,Susceptible
11277,57,Yes,No,Susceptible
11278,87,Yes,No,Recovered
11279,17,No,No,Susceptible
11280,60,Yes,Yes,Infectious
11281,9,Yes,Yes,Susceptible
11282,36,No,Yes,Recovered
11283,73,Yes,No,Susceptible
11284,80,Yes,No,Susceptible
11285,36,Yes,No,Susceptible
11286,48,Yes,No,Susceptible
11287,51,No,Yes,Susceptible
11288,70,Yes,Yes,Infectious
11289,74,Yes,Yes,Susceptible
11290,80,Yes,No,Susceptible
11291,68,Yes,Yes,Susceptible
11292,22,No,No,Susceptible
11293,77,Yes,Yes,Susceptible
11294,80,Yes,Yes,Recovered
11295,6,No,No,Susceptible
11296,26,Yes,No,Susceptible
11297,75,Yes,No,Susceptible
11298,88,No,Yes,Susceptible
11299,3,Yes,Yes,Susceptible
11300,52,Yes,Yes,Susceptible
11301,74,Yes,No,Susceptible
11302,60,Yes,Yes,Susceptible
11303,63,Yes,Yes,Susceptible
11304,65,Yes,No,Susceptible
11305,52,Yes,No,Susceptible
11306,76,No,Yes,Susceptible
11307,14,No,No,Susceptible
11308,89,Yes,Yes,Susceptible
11309,72,Yes,Yes,Exposed
11310,68,No,Yes,Susceptible
11311,28,Yes,Yes,Susceptible
11312,71,Yes,Yes,Susceptible
11313,10,No,No,Susceptible
11314,57,No,Yes,Susceptible
11315,66,Yes,Yes,Exposed
11316,50,Yes,No,Susceptible
11317,14,Yes,Yes,Susceptible
11318,16,Yes,Yes,Susceptible
11319,54,Yes,Yes,Susceptible
11320,43,Yes,No,Susceptible
11321,42,Yes,Yes,Recovered
11322,81,Yes,No,Susceptible
11323,22,Yes,Yes,Susceptible
11324,68,Yes,Yes,Susceptible
11325,19,Yes,Yes,Exposed
11326,66,No,Yes,Infectious
11327,39,No,No,Susceptible
11328,73,Yes,Yes,Susceptible
11329,19,Yes,No,Susceptible
11330,16,No,No,Exposed
11331,54,Yes,Yes,Susceptible
11332,25,Yes,No,Susceptible
11333,18,No,No,Susceptible
11334,23,Yes,Yes,Susceptible
11335,85,Yes,No,Susceptible
11336,11,No,Yes,Susceptible
11337,39,No,Yes,Susceptible
11338,68,Yes,Yes,Susceptible
11339,25,No,Yes,Susceptible
11340,63,No,No,Susceptible
11341,30,Yes,Yes,Susceptible
11342,45,Yes,Yes,Susceptible
11343,61,Yes,No,Susceptible
11344,51,Yes,No,Susceptible
11345,9,Yes,Yes,Susceptible
11346,76,No,Yes,Susceptible
11347,2,No,Yes,Susceptible
11348,5,Yes,Yes,Susceptible
11349,62,Yes,Yes,Susceptible
11350,69,Yes,Yes,Susceptible
11351,52,Yes,Yes,Susceptible
11352,86,Yes,Yes,Infectious
11353,5,Yes,No,Susceptible
11354,59,Yes,Yes,Susceptible
11355,68,Yes,Yes,Susceptible
11356,9,No,No,Susceptible
11357,22,Yes,No,Susceptible
11358,27,No,No,Susceptible
11359,10,Yes,Yes,Susceptible
11360,80,No,Yes,Susceptible
11361,61,Yes,Yes,Susceptible
11362,51,Yes,Yes,Susceptible
11363,10,Yes,No,Susceptible
11364,6,Yes,No,Exposed
11365,62,Yes,Yes,Susceptible
11366,5,Yes,Yes,Susceptible
11367,70,Yes,No,Susceptible
11368,63,Yes,No,Infectious
11369,56,No,Yes,Susceptible
11370,59,Yes,Yes,Susceptible
11371,63,Yes,Yes,Susceptible
11372,89,Yes,No,Susceptible
11373,59,Yes,Yes,Susceptible
11374,51,Yes,No,Susceptible
11375,50,Yes,Yes,Susceptible
11376,4,Yes,Yes,Susceptible
11377,48,No,No,Susceptible
11378,32,Yes,Yes,Susceptible
11379,51,Yes,No,Recovered
11380,52,Yes,Yes,Susceptible
11381,74,Yes,No,Susceptible
11382,34,Yes,No,Susceptible
11383,36,No,Yes,Susceptible
11384,70,Yes,No,Susceptible
11385,43,No,Yes,Susceptible
11386,16,Yes,No,Susceptible
11387,59,Yes,Yes,Susceptible
11388,53,Yes,No,Susceptible
11389,19,Yes,No,Susceptible
11390,89,Yes,No,Susceptible
11391,41,Yes,No,Exposed
11392,81,Yes,No,Susceptible
11393,47,Yes,No,Susceptible
11394,54,Yes,No,Exposed
11395,55,Yes,Yes,Susceptible
11396,19,Yes,Yes,Susceptible
11397,62,Yes,Yes,Susceptible
11398,59,Yes,No,Susceptible
11399,65,Yes,Yes,Susceptible
11400,68,Yes,No,Recovered
11401,28,Yes,Yes,Susceptible
11402,18,No,No,Susceptible
11403,26,Yes,Yes,Recovered
11404,19,Yes,Yes,Susceptible
11405,55,Yes,No,Susceptible
11406,57,Yes,Yes,Recovered
11407,6,Yes,No,Susceptible
11408,1,Yes,Yes,Susceptible
11409,8,Yes,Yes,Susceptible
11410,51,Yes,Yes,Susceptible
11411,85,Yes,Yes,Susceptible
11412,88,No,Yes,Susceptible
11413,25,Yes,No,Susceptible
11414,47,No,Yes,Susceptible
11415,55,No,Yes,Susceptible
11416,64,Yes,No,Susceptible
11417,83,Yes,No,Susceptible
11418,10,No,Yes,Susceptible
11419,56,No,Yes,Susceptible
11420,12,Yes,No,Recovered
11421,33,Yes,No,Susceptible
11422,71,Yes,Yes,Susceptible
11423,17,Yes,No,Susceptible
11424,61,No,No,Susceptible
11425,10,No,No,Susceptible
11426,31,Yes,No,Susceptible
11427,60,Yes,No,Susceptible
11428,70,Yes,No,Exposed
11429,17,No,Yes,Susceptible
11430,50,Yes,Yes,Infectious
11431,37,Yes,Yes,Susceptible
11432,82,Yes,Yes,Susceptible
11433,62,Yes,No,Recovered
11434,80,Yes,No,Susceptible
11435,72,Yes,Yes,Susceptible
11436,88,Yes,No,Susceptible
11437,77,No,Yes,Susceptible
11438,29,No,No,Susceptible
11439,32,No,No,Susceptible
11440,88,Yes,Yes,Infectious
11441,80,Yes,No,Susceptible
11442,11,Yes,Yes,Susceptible
11443,6,Yes,Yes,Susceptible
11444,35,No,No,Susceptible
11445,33,Yes,Yes,Infectious
11446,18,Yes,No,Infectious
11447,37,Yes,No,Susceptible
11448,13,Yes,Yes,Susceptible
11449,74,Yes,Yes,Infectious
11450,81,Yes,Yes,Susceptible
11451,64,No,Yes,Susceptible
11452,1,Yes,Yes,Susceptible
11453,63,Yes,Yes,Infectious
11454,89,No,Yes,Susceptible
11455,34,Yes,Yes,Susceptible
11456,10,Yes,No,Susceptible
11457,84,Yes,No,Susceptible
11458,7,Yes,No,Susceptible
11459,56,No,No,Susceptible
11460,80,No,Yes,Exposed
11461,37,Yes,No,Susceptible
11462,29,Yes,Yes,Infectious
11463,12,Yes,Yes,Susceptible
11464,17,No,No,Susceptible
11465,48,Yes,No,Susceptible
11466,84,Yes,Yes,Exposed
11467,26,No,No,Susceptible
11468,83,Yes,Yes,Susceptible
11469,12,Yes,Yes,Exposed
11470,21,No,No,Recovered
11471,42,Yes,Yes,Susceptible
11472,61,Yes,No,Recovered
11473,58,Yes,No,Susceptible
11474,54,Yes,No,Susceptible
11475,34,Yes,Yes,Recovered
11476,7,Yes,Yes,Infectious
11477,35,Yes,No,Exposed
11478,15,Yes,Yes,Susceptible
11479,65,Yes,Yes,Susceptible
11480,25,No,No,Recovered
11481,59,Yes,Yes,Infectious
11482,79,No,Yes,Susceptible
11483,86,Yes,No,Susceptible
11484,6,Yes,No,Exposed
11485,52,No,No,Susceptible
11486,79,Yes,No,Susceptible
11487,88,Yes,Yes,Susceptible
11488,21,No,No,Susceptible
11489,71,Yes,Yes,Susceptible
11490,32,Yes,No,Susceptible
11491,53,Yes,No,Susceptible
11492,59,Yes,No,Susceptible
11493,69,No,Yes,Susceptible
11494,62,No,Yes,Susceptible
11495,4,No,No,Susceptible
11496,86,Yes,No,Susceptible
11497,18,Yes,No,Susceptible
11498,81,Yes,Yes,Susceptible
11499,56,Yes,Yes,Susceptible
11500,24,Yes,No,Susceptible
11501,66,Yes,No,Susceptible
11502,13,No,Yes,Susceptible
11503,62,Yes,No,Susceptible
11504,54,No,No,Susceptible
11505,15,Yes,Yes,Susceptible
11506,69,No,Yes,Susceptible
11507,3,No,No,Susceptible
11508,37,Yes,Yes,Recovered
11509,37,Yes,Yes,Susceptible
11510,3,No,Yes,Susceptible
11511,63,No,Yes,Susceptible
11512,35,Yes,Yes,Susceptible
11513,52,Yes,No,Exposed
11514,87,Yes,Yes,Susceptible
11515,28,No,No,Susceptible
11516,18,Yes,Yes,Susceptible
11517,36,No,No,Susceptible
11518,33,Yes,Yes,Susceptible
11519,64,Yes,No,Susceptible
11520,26,Yes,No,Infectious
11521,48,No,Yes,Susceptible
11522,40,No,No,Susceptible
11523,17,Yes,Yes,Susceptible
11524,40,Yes,Yes,Susceptible
11525,7,Yes,Yes,Susceptible
11526,57,Yes,No,Susceptible
11527,8,Yes,Yes,Susceptible
11528,56,Yes,No,Recovered
11529,31,Yes,No,Susceptible
11530,59,Yes,No,Susceptible
11531,58,Yes,Yes,Susceptible
11532,12,Yes,No,Susceptible
11533,48,Yes,No,Susceptible
11534,31,No,Yes,Susceptible
11535,83,Yes,No,Susceptible
11536,63,No,No,Susceptible
11537,74,Yes,No,Susceptible
11538,39,Yes,No,Susceptible
11539,76,Yes,No,Susceptible
11540,20,No,No,Susceptible
11541,48,Yes,No,Susceptible
11542,71,Yes,Yes,Recovered
11543,54,Yes,Yes,Exposed
11544,78,Yes,No,Susceptible
11545,75,Yes,No,Susceptible
11546,71,Yes,No,Susceptible
11547,29,Yes,Yes,Susceptible
11548,74,Yes,No,Susceptible
11549,73,Yes,Yes,Susceptible
11550,48,No,Yes,Susceptible
11551,74,Yes,Yes,Susceptible
11552,83,No,Yes,Susceptible
11553,56,No,No,Susceptible
11554,17,Yes,No,Susceptible
11555,9,Yes,Yes,Susceptible
11556,34,Yes,No,Susceptible
11557,45,Yes,Yes,Susceptible
11558,88,No,No,Exposed
11559,9,Yes,No,Susceptible
11560,7,Yes,No,Susceptible
11561,16,Yes,No,Susceptible
11562,19,Yes,No,Exposed
11563,6,No,No,Recovered
11564,11,Yes,Yes,Susceptible
11565,76,Yes,Yes,Susceptible
11566,61,Yes,No,Susceptible
11567,42,Yes,No,Susceptible
11568,13,No,No,Susceptible
11569,12,Yes,No,Susceptible
11570,85,Yes,No,Susceptible
11571,74,Yes,Yes,Susceptible
11572,20,Yes,Yes,Susceptible
11573,50,No,No,Susceptible
11574,36,Yes,Yes,Susceptible
11575,88,Yes,No,Susceptible
11576,69,Yes,Yes,Recovered
11577,37,Yes,No,Susceptible
11578,12,No,No,Susceptible
11579,40,No,Yes,Susceptible
11580,54,Yes,No,Susceptible
11581,2,No,No,Susceptible
11582,50,Yes,No,Susceptible
11583,41,Yes,No,Susceptible
11584,45,No,No,Susceptible
11585,9,Yes,No,Susceptible
11586,62,No,Yes,Susceptible
11587,86,Yes,No,Susceptible
11588,47,Yes,No,Susceptible
11589,5,No,Yes,Susceptible
11590,76,Yes,Yes,Susceptible
11591,1,No,No,Susceptible
11592,44,No,No,Susceptible
11593,22,Yes,No,Susceptible
11594,38,No,No,Susceptible
11595,19,Yes,No,Susceptible
11596,80,Yes,No,Susceptible
11597,31,Yes,Yes,Susceptible
11598,67,Yes,No,Susceptible
11599,87,Yes,No,Susceptible
11600,42,No,Yes,Infectious
11601,82,Yes,No,Susceptible
11602,26,Yes,No,Susceptible
11603,13,Yes,Yes,Susceptible
11604,58,Yes,No,Susceptible
11605,18,Yes,No,Susceptible
11606,67,Yes,No,Recovered
11607,87,No,No,Recovered
11608,3,Yes,No,Susceptible
11609,55,No,Yes,Susceptible
11610,89,No,No,Susceptible
11611,58,No,No,Susceptible
11612,63,Yes,No,Infectious
11613,52,Yes,Yes,Infectious
11614,89,Yes,Yes,Susceptible
11615,24,Yes,Yes,Exposed
11616,72,Yes,Yes,Susceptible
11617,9,No,No,Susceptible
11618,37,Yes,Yes,Susceptible
11619,83,Yes,No,Susceptible
11620,53,No,No,Susceptible
11621,80,No,Yes,Susceptible
11622,24,Yes,Yes,Susceptible
11623,21,Yes,No,Susceptible
11624,40,No,Yes,Susceptible
11625,62,Yes,Yes,Exposed
11626,70,No,No,Susceptible
11627,69,No,No,Susceptible
11628,14,Yes,Yes,Susceptible
11629,42,Yes,No,Susceptible
11630,50,No,Yes,Susceptible
11631,61,Yes,Yes,Susceptible
11632,4,Yes,No,Susceptible
11633,72,Yes,No,Susceptible
11634,88,Yes,Yes,Susceptible
11635,75,No,Yes,Exposed
11636,17,Yes,Yes,Susceptible
11637,85,Yes,Yes,Susceptible
11638,57,Yes,Yes,Susceptible
11639,48,Yes,Yes,Susceptible
11640,44,No,No,Susceptible
11641,45,Yes,Yes,Susceptible
11642,80,Yes,Yes,Susceptible
11643,33,Yes,No,Susceptible
11644,31,Yes,No,Susceptible
11645,47,Yes,No,Susceptible
11646,6,No,No,Infectious
11647,72,No,Yes,Recovered
11648,71,No,No,Susceptible
11649,34,No,Yes,Susceptible
11650,53,Yes,Yes,Susceptible
11651,14,Yes,Yes,Susceptible
11652,16,No,Yes,Susceptible
11653,43,Yes,Yes,Susceptible
11654,73,Yes,No,Susceptible
11655,74,Yes,No,Susceptible
11656,81,No,No,Susceptible
11657,12,Yes,No,Susceptible
11658,70,Yes,No,Susceptible
11659,19,No,No,Susceptible
11660,41,No,Yes,Susceptible
11661,53,Yes,Yes,Susceptible
11662,29,Yes,Yes,Susceptible
11663,70,Yes,No,Susceptible
11664,59,Yes,No,Susceptible
11665,89,Yes,Yes,Susceptible
11666,64,Yes,Yes,Susceptible
11667,24,Yes,Yes,Susceptible
11668,89,No,No,Susceptible
11669,16,Yes,Yes,Susceptible
11670,52,No,Yes,Susceptible
11671,80,Yes,Yes,Susceptible
11672,6,Yes,Yes,Susceptible
11673,37,No,Yes,Susceptible
11674,85,Yes,Yes,Exposed
11675,4,No,Yes,Susceptible
11676,38,No,Yes,Recovered
11677,41,No,Yes,Susceptible
11678,81,No,Yes,Susceptible
11679,14,Yes,No,Susceptible
11680,71,Yes,Yes,Exposed
11681,86,No,No,Susceptible
11682,51,Yes,No,Susceptible
11683,65,Yes,Yes,Susceptible
11684,52,Yes,Yes,Susceptible
11685,30,Yes,Yes,Recovered
11686,57,No,No,Susceptible
11687,79,Yes,No,Susceptible
11688,82,Yes,No,Recovered
11689,30,Yes,Yes,Susceptible
11690,42,Yes,Yes,Susceptible
11691,11,Yes,No,Susceptible
11692,27,No,No,Susceptible
11693,24,Yes,Yes,Susceptible
11694,39,Yes,No,Exposed
11695,72,Yes,No,Susceptible
11696,18,Yes,Yes,Susceptible
11697,77,Yes,Yes,Susceptible
11698,45,No,Yes,Recovered
11699,88,Yes,No,Susceptible
11700,87,Yes,No,Susceptible
11701,12,Yes,Yes,Susceptible
11702,49,Yes,No,Susceptible
11703,31,No,Yes,Susceptible
11704,22,Yes,No,Susceptible
11705,44,No,No,Susceptible
11706,64,No,Yes,Susceptible
11707,77,No,Yes,Susceptible
11708,25,Yes,Yes,Susceptible
11709,51,No,Yes,Susceptible
11710,7,Yes,No,Exposed
11711,6,Yes,Yes,Susceptible
11712,24,No,No,Susceptible
11713,19,Yes,No,Susceptible
11714,83,No,Yes,Susceptible
11715,9,No,No,Susceptible
11716,36,No,No,Susceptible
11717,40,Yes,Yes,Infectious
11718,24,Yes,Yes,Susceptible
11719,48,Yes,No,Susceptible
11720,63,Yes,Yes,Susceptible
11721,69,Yes,No,Recovered
11722,53,No,Yes,Susceptible
11723,54,Yes,Yes,Susceptible
11724,42,Yes,Yes,Susceptible
11725,45,Yes,No,Susceptible
11726,14,Yes,No,Susceptible
11727,29,Yes,Yes,Susceptible
11728,6,Yes,Yes,Susceptible
11729,7,Yes,Yes,Susceptible
11730,37,Yes,Yes,Susceptible
11731,53,No,Yes,Exposed
11732,18,Yes,Yes,Susceptible
11733,87,Yes,No,Susceptible
11734,38,Yes,No,Recovered
11735,59,Yes,Yes,Susceptible
11736,1,No,No,Susceptible
11737,68,Yes,No,Susceptible
11738,44,Yes,Yes,Susceptible
11739,47,Yes,No,Susceptible
11740,35,Yes,Yes,Susceptible
11741,87,Yes,Yes,Susceptible
11742,60,No,Yes,Susceptible
11743,52,No,No,Susceptible
11744,8,Yes,Yes,Susceptible
11745,80,Yes,No,Susceptible
11746,41,Yes,Yes,Susceptible
11747,3,Yes,No,Susceptible
11748,69,Yes,Yes,Susceptible
11749,84,Yes,No,Susceptible
11750,14,No,No,Susceptible
11751,26,Yes,No,Susceptible
11752,70,Yes,No,Susceptible
11753,58,No,No,Susceptible
11754,40,Yes,No,Recovered
11755,51,Yes,Yes,Susceptible
11756,5,Yes,Yes,Susceptible
11757,77,Yes,Yes,Susceptible
11758,32,No,Yes,Susceptible
11759,80,Yes,Yes,Susceptible
11760,1,No,Yes,Susceptible
11761,77,Yes,No,Susceptible
11762,54,No,Yes,Susceptible
11763,11,Yes,Yes,Susceptible
11764,53,No,No,Susceptible
11765,8,No,No,Susceptible
11766,25,No,Yes,Susceptible
11767,40,No,Yes,Susceptible
11768,32,Yes,No,Susceptible
11769,88,No,No,Susceptible
11770,28,Yes,Yes,Susceptible
11771,78,Yes,No,Susceptible
11772,3,Yes,No,Susceptible
11773,84,Yes,No,Susceptible
11774,79,No,Yes,Susceptible
11775,62,No,Yes,Susceptible
11776,27,Yes,Yes,Susceptible
11777,45,No,No,Susceptible
11778,25,Yes,No,Infectious
11779,61,No,No,Susceptible
11780,44,Yes,No,Susceptible
11781,46,Yes,No,Susceptible
11782,14,Yes,No,Recovered
11783,8,No,Yes,Infectious
11784,48,Yes,No,Susceptible
11785,14,No,Yes,Susceptible
11786,65,Yes,Yes,Susceptible
11787,80,Yes,Yes,Susceptible
11788,82,Yes,No,Susceptible
11789,7,Yes,No,Susceptible
11790,79,Yes,Yes,Susceptible
11791,88,Yes,No,Susceptible
11792,49,No,No,Susceptible
11793,55,No,Yes,Susceptible
11794,13,Yes,Yes,Susceptible
11795,73,No,No,Susceptible
11796,56,No,Yes,Susceptible
11797,56,Yes,No,Susceptible
11798,15,Yes,Yes,Susceptible
11799,57,No,No,Susceptible
11800,58,No,No,Susceptible
11801,35,Yes,No,Susceptible
11802,88,No,No,Susceptible
11803,16,No,No,Susceptible
11804,8,Yes,No,Susceptible
11805,87,No,Yes,Exposed
11806,45,Yes,Yes,Susceptible
11807,40,Yes,No,Susceptible
11808,54,Yes,Yes,Susceptible
11809,14,No,Yes,Infectious
11810,59,Yes,No,Susceptible
11811,53,Yes,Yes,Susceptible
11812,27,No,No,Susceptible
11813,47,No,No,Susceptible
11814,80,No,No,Susceptible
11815,6,Yes,No,Susceptible
11816,55,Yes,No,Susceptible
11817,44,Yes,No,Recovered
11818,18,No,No,Recovered
11819,16,Yes,No,Susceptible
11820,12,No,No,Recovered
11821,20,No,No,Susceptible
11822,45,Yes,Yes,Susceptible
11823,64,No,No,Susceptible
11824,59,No,Yes,Susceptible
11825,22,No,Yes,Susceptible
11826,47,No,No,Susceptible
11827,29,Yes,No,Susceptible
11828,86,No,No,Infectious
11829,45,Yes,No,Susceptible
11830,77,Yes,No,Susceptible
11831,9,Yes,Yes,Susceptible
11832,24,No,No,Susceptible
11833,15,Yes,Yes,Susceptible
11834,36,No,Yes,Susceptible
11835,13,Yes,No,Susceptible
11836,44,Yes,No,Susceptible
11837,71,Yes,Yes,Susceptible
11838,72,Yes,No,Susceptible
11839,78,No,Yes,Susceptible
11840,76,Yes,Yes,Exposed
11841,36,Yes,Yes,Susceptible
11842,61,Yes,Yes,Susceptible
11843,81,Yes,No,Susceptible
11844,40,Yes,No,Susceptible
11845,27,Yes,Yes,Exposed
11846,1,Yes,No,Susceptible
11847,34,No,No,Susceptible
11848,68,Yes,No,Susceptible
11849,88,Yes,Yes,Susceptible
11850,21,No,No,Susceptible
11851,33,Yes,No,Susceptible
11852,7,Yes,No,Susceptible
11853,65,Yes,Yes,Susceptible
11854,3,Yes,Yes,Susceptible
11855,51,Yes,Yes,Susceptible
11856,79,Yes,No,Recovered
11857,54,Yes,Yes,Susceptible
11858,80,Yes,Yes,Susceptible
11859,74,Yes,No,Susceptible
11860,59,Yes,No,Susceptible
11861,6,No,No,Infectious
11862,29,Yes,Yes,Susceptible
11863,17,Yes,Yes,Susceptible
11864,60,Yes,No,Susceptible
11865,22,Yes,Yes,Susceptible
11866,24,Yes,Yes,Susceptible
11867,81,No,No,Susceptible
11868,85,Yes,No,Susceptible
11869,51,Yes,No,Susceptible
11870,50,Yes,Yes,Susceptible
11871,11,No,No,Susceptible
11872,56,Yes,Yes,Susceptible
11873,71,No,Yes,Susceptible
11874,42,Yes,Yes,Susceptible
11875,39,Yes,Yes,Susceptible
11876,69,Yes,No,Susceptible
11877,48,Yes,Yes,Susceptible
11878,57,Yes,Yes,Susceptible
11879,21,Yes,Yes,Susceptible
11880,82,Yes,No,Susceptible
11881,20,No,No,Susceptible
11882,15,Yes,Yes,Susceptible
11883,69,Yes,No,Susceptible
11884,77,Yes,No,Susceptible
11885,51,No,Yes,Susceptible
11886,76,Yes,No,Susceptible
11887,62,Yes,No,Susceptible
11888,85,Yes,Yes,Susceptible
11889,37,No,Yes,Susceptible
11890,6,Yes,No,Susceptible
11891,71,No,No,Susceptible
11892,26,Yes,No,Recovered
11893,8,Yes,Yes,Infectious
11894,73,Yes,Yes,Susceptible
11895,4,Yes,No,Susceptible
11896,21,Yes,Yes,Susceptible
11897,31,Yes,No,Susceptible
11898,21,Yes,Yes,Susceptible
11899,25,Yes,Yes,Susceptible
11900,15,No,Yes,Susceptible
11901,35,Yes,No,Susceptible
11902,49,Yes,Yes,Susceptible
11903,43,Yes,Yes,Exposed
11904,41,Yes,No,Susceptible
11905,37,Yes,Yes,Susceptible
11906,57,Yes,No,Susceptible
11907,42,Yes,Yes,Susceptible
11908,47,No,No,Susceptible
11909,61,No,No,Susceptible
11910,14,No,No,Susceptible
11911,68,Yes,No,Susceptible
11912,53,No,Yes,Susceptible
11913,84,No,Yes,Susceptible
11914,34,No,No,Susceptible
11915,76,Yes,Yes,Susceptible
11916,24,No,Yes,Susceptible
11917,20,Yes,No,Susceptible
11918,69,Yes,Yes,Susceptible
11919,30,Yes,Yes,Infectious
11920,88,Yes,No,Susceptible
11921,7,No,No,Susceptible
11922,36,Yes,Yes,Susceptible
11923,38,Yes,Yes,Susceptible
11924,80,No,Yes,Susceptible
11925,52,Yes,Yes,Susceptible
11926,15,Yes,Yes,Susceptible
11927,46,Yes,Yes,Susceptible
11928,23,Yes,No,Susceptible
11929,12,No,No,Exposed
11930,44,Yes,No,Susceptible
11931,15,Yes,No,Susceptible
11932,49,Yes,Yes,Susceptible
11933,21,Yes,Yes,Susceptible
11934,15,No,No,Susceptible
11935,14,No,Yes,Susceptible
11936,42,Yes,Yes,Susceptible
11937,80,Yes,No,Susceptible
11938,15,Yes,No,Susceptible
11939,63,Yes,No,Susceptible
11940,68,Yes,No,Susceptible
11941,27,Yes,No,Susceptible
11942,87,Yes,Yes,Susceptible
11943,53,No,No,Susceptible
11944,52,Yes,No,Susceptible
11945,63,No,No,Susceptible
11946,73,Yes,No,Susceptible
11947,53,Yes,No,Susceptible
11948,57,Yes,Yes,Susceptible
11949,52,Yes,Yes,Recovered
11950,43,Yes,Yes,Susceptible
11951,7,No,Yes,Susceptible
11952,42,Yes,Yes,Susceptible
11953,4,Yes,No,Susceptible
11954,69,Yes,Yes,Infectious
11955,5,Yes,Yes,Susceptible
11956,75,No,No,Susceptible
11957,80,Yes,Yes,Susceptible
11958,41,Yes,No,Susceptible
11959,4,Yes,No,Susceptible
11960,2,Yes,No,Exposed
11961,67,Yes,No,Susceptible
11962,21,Yes,Yes,Susceptible
11963,70,No,No,Susceptible
11964,43,Yes,No,Susceptible
11965,82,No,No,Susceptible
11966,69,No,Yes,Susceptible
11967,9,No,No,Susceptible
11968,84,Yes,Yes,Susceptible
11969,28,Yes,Yes,Susceptible
11970,26,Yes,Yes,Susceptible
11971,82,Yes,No,Susceptible
11972,83,No,No,Susceptible
11973,3,Yes,No,Susceptible
11974,73,Yes,Yes,Susceptible
11975,49,Yes,No,Susceptible
11976,17,No,No,Infectious
11977,63,Yes,No,Exposed
11978,55,Yes,No,Susceptible
11979,23,Yes,No,Susceptible
11980,34,Yes,Yes,Susceptible
11981,69,Yes,No,Susceptible
11982,15,Yes,No,Susceptible
11983,47,Yes,Yes,Susceptible
11984,3,No,No,Susceptible
11985,83,Yes,No,Infectious
11986,28,Yes,No,Susceptible
11987,3,Yes,Yes,Susceptible
11988,4,Yes,No,Susceptible
11989,88,Yes,Yes,Susceptible
11990,31,No,No,Susceptible
11991,45,Yes,Yes,Susceptible
11992,59,Yes,Yes,Susceptible
11993,45,No,No,Susceptible
11994,75,No,No,Exposed
11995,37,Yes,Yes,Susceptible
11996,65,No,No,Susceptible
11997,9,Yes,No,Susceptible
11998,17,No,Yes,Susceptible
11999,65,Yes,Yes,Susceptible
12000,3,No,No,Susceptible
12001,26,Yes,Yes,Susceptible
12002,53,Yes,Yes,Susceptible
12003,31,Yes,No,Susceptible
12004,26,Yes,No,Susceptible
12005,23,Yes,Yes,Susceptible
12006,30,Yes,No,Susceptible
12007,10,No,Yes,Susceptible
12008,72,Yes,No,Susceptible
12009,89,Yes,Yes,Susceptible
12010,64,Yes,No,Exposed
12011,22,Yes,Yes,Susceptible
12012,15,No,Yes,Susceptible
12013,56,No,No,Infectious
12014,74,Yes,No,Susceptible
12015,20,Yes,Yes,Susceptible
12016,47,Yes,No,Susceptible
12017,87,Yes,No,Susceptible
12018,53,No,No,Susceptible
12019,53,No,Yes,Susceptible
12020,1,Yes,Yes,Recovered
12021,2,Yes,Yes,Susceptible
12022,58,Yes,No,Exposed
12023,19,Yes,No,Susceptible
12024,62,Yes,Yes,Susceptible
12025,78,Yes,Yes,Susceptible
12026,72,Yes,No,Exposed
12027,12,No,No,Susceptible
12028,26,Yes,No,Susceptible
12029,27,No,Yes,Susceptible
12030,29,Yes,No,Susceptible
12031,15,No,No,Recovered
12032,46,No,Yes,Susceptible
12033,1,Yes,Yes,Susceptible
12034,60,No,Yes,Susceptible
12035,57,No,No,Recovered
12036,3,Yes,No,Susceptible
12037,18,Yes,Yes,Susceptible
12038,52,Yes,Yes,Susceptible
12039,60,Yes,No,Susceptible
12040,34,No,No,Susceptible
12041,89,Yes,Yes,Susceptible
12042,60,Yes,No,Susceptible
12043,26,No,Yes,Recovered
12044,72,Yes,Yes,Susceptible
12045,19,No,Yes,Susceptible
12046,22,Yes,Yes,Susceptible
12047,33,No,No,Susceptible
12048,38,No,Yes,Susceptible
12049,35,Yes,No,Susceptible
12050,67,No,No,Infectious
12051,83,Yes,Yes,Recovered
12052,10,Yes,Yes,Susceptible
12053,15,Yes,No,Susceptible
12054,11,Yes,Yes,Exposed
12055,24,Yes,No,Susceptible
12056,77,No,Yes,Susceptible
12057,4,Yes,No,Susceptible
12058,13,Yes,Yes,Susceptible
12059,73,Yes,Yes,Susceptible
12060,57,No,No,Susceptible
12061,37,Yes,No,Exposed
12062,48,Yes,Yes,Susceptible
12063,71,Yes,Yes,Susceptible
12064,1,Yes,Yes,Susceptible
12065,60,No,Yes,Infectious
12066,12,No,No,Susceptible
12067,21,No,No,Susceptible
12068,11,No,No,Recovered
12069,44,Yes,No,Susceptible
12070,58,Yes,Yes,Susceptible
12071,44,No,Yes,Susceptible
12072,78,Yes,Yes,Susceptible
12073,34,Yes,No,Susceptible
12074,25,Yes,Yes,Exposed
12075,4,Yes,Yes,Susceptible
12076,64,Yes,No,Susceptible
12077,16,No,Yes,Susceptible
12078,10,No,Yes,Susceptible
12079,66,Yes,Yes,Susceptible
12080,35,Yes,No,Susceptible
12081,83,No,No,Susceptible
12082,6,Yes,No,Susceptible
12083,19,Yes,No,Susceptible
12084,59,Yes,Yes,Infectious
12085,53,Yes,No,Susceptible
12086,8,Yes,Yes,Infectious
12087,78,Yes,No,Susceptible
12088,10,No,No,Susceptible
12089,67,Yes,Yes,Susceptible
12090,38,No,Yes,Exposed
12091,29,No,Yes,Susceptible
12092,15,Yes,No,Susceptible
12093,87,Yes,Yes,Susceptible
12094,23,No,No,Susceptible
12095,82,Yes,Yes,Susceptible
12096,46,Yes,Yes,Susceptible
12097,83,No,No,Susceptible
12098,28,Yes,Yes,Susceptible
12099,26,Yes,No,Recovered
12100,10,Yes,Yes,Susceptible
12101,47,No,No,Susceptible
12102,4,Yes,No,Susceptible
12103,55,Yes,No,Susceptible
12104,66,No,No,Susceptible
12105,67,Yes,No,Susceptible
12106,7,Yes,No,Susceptible
12107,55,Yes,No,Susceptible
12108,80,Yes,No,Susceptible
12109,31,No,Yes,Susceptible
12110,74,Yes,Yes,Susceptible
12111,19,Yes,No,Susceptible
12112,28,Yes,Yes,Susceptible
12113,81,Yes,Yes,Susceptible
12114,28,Yes,No,Susceptible
12115,19,No,Yes,Susceptible
12116,87,Yes,No,Susceptible
12117,20,No,Yes,Susceptible
12118,13,No,Yes,Susceptible
12119,77,Yes,Yes,Susceptible
12120,43,No,No,Susceptible
12121,11,Yes,Yes,Recovered
12122,48,No,Yes,Susceptible
12123,15,Yes,No,Susceptible
12124,17,Yes,Yes,Susceptible
12125,54,No,No,Susceptible
12126,50,Yes,Yes,Susceptible
12127,28,Yes,No,Susceptible
12128,83,Yes,Yes,Susceptible
12129,4,Yes,Yes,Susceptible
12130,22,No,Yes,Susceptible
12131,86,Yes,Yes,Susceptible
12132,39,Yes,Yes,Infectious
12133,34,No,Yes,Susceptible
12134,44,No,Yes,Infectious
12135,42,No,Yes,Susceptible
12136,40,No,Yes,Susceptible
12137,12,Yes,Yes,Susceptible
12138,2,Yes,No,Susceptible
12139,28,Yes,No,Susceptible
12140,74,No,No,Susceptible
12141,86,Yes,Yes,Susceptible
12142,81,Yes,Yes,Exposed
12143,67,Yes,No,Exposed
12144,71,No,Yes,Infectious
12145,72,No,No,Susceptible
12146,84,Yes,No,Recovered
12147,76,Yes,No,Susceptible
12148,81,No,No,Susceptible
12149,10,Yes,Yes,Susceptible
12150,86,Yes,Yes,Susceptible
12151,57,Yes,Yes,Susceptible
12152,86,Yes,Yes,Susceptible
12153,37,Yes,Yes,Susceptible
12154,77,Yes,No,Susceptible
12155,64,Yes,Yes,Susceptible
12156,79,No,Yes,Susceptible
12157,86,Yes,Yes,Susceptible
12158,40,No,Yes,Susceptible
12159,60,Yes,No,Susceptible
12160,48,Yes,No,Susceptible
12161,19,Yes,No,Susceptible
12162,72,Yes,No,Susceptible
12163,33,Yes,Yes,Susceptible
12164,44,Yes,No,Susceptible
12165,37,Yes,Yes,Susceptible
12166,89,No,No,Susceptible
12167,36,Yes,Yes,Susceptible
12168,81,Yes,Yes,Susceptible
12169,88,Yes,No,Susceptible
12170,21,Yes,Yes,Susceptible
12171,2,Yes,Yes,Susceptible
12172,31,No,Yes,Susceptible
12173,30,No,Yes,Exposed
12174,76,No,Yes,Susceptible
12175,44,Yes,No,Susceptible
12176,12,Yes,Yes,Infectious
12177,51,Yes,Yes,Susceptible
12178,49,Yes,No,Susceptible
12179,24,Yes,Yes,Susceptible
12180,24,Yes,No,Susceptible
12181,60,Yes,Yes,Susceptible
12182,11,Yes,No,Susceptible
12183,13,Yes,No,Susceptible
12184,72,No,Yes,Susceptible
12185,74,No,Yes,Susceptible
12186,72,Yes,Yes,Infectious
12187,64,Yes,Yes,Susceptible
12188,20,Yes,No,Susceptible
12189,72,Yes,No,Susceptible
12190,73,No,No,Susceptible
12191,71,Yes,Yes,Recovered
12192,78,Yes,No,Infectious
12193,28,No,Yes,Susceptible
12194,2,Yes,No,Susceptible
12195,43,Yes,No,Susceptible
12196,8,Yes,No,Susceptible
12197,13,Yes,Yes,Susceptible
12198,85,Yes,Yes,Susceptible
12199,35,No,Yes,Recovered
12200,23,No,No,Infectious
12201,46,Yes,Yes,Susceptible
12202,15,No,Yes,Susceptible
12203,2,Yes,No,Susceptible
12204,61,Yes,Yes,Susceptible
12205,76,No,Yes,Susceptible
12206,64,Yes,Yes,Infectious
12207,52,Yes,Yes,Susceptible
12208,36,Yes,Yes,Recovered
12209,67,Yes,No,Susceptible
12210,69,Yes,Yes,Susceptible
12211,67,Yes,Yes,Exposed
12212,47,Yes,No,Susceptible
12213,83,No,Yes,Susceptible
12214,2,No,No,Susceptible
12215,44,Yes,No,Susceptible
12216,64,Yes,Yes,Infectious
12217,81,Yes,Yes,Susceptible
12218,78,Yes,Yes,Susceptible
12219,28,No,No,Susceptible
12220,54,Yes,Yes,Susceptible
12221,74,Yes,No,Susceptible
12222,67,Yes,Yes,Susceptible
12223,36,Yes,Yes,Susceptible
12224,63,Yes,Yes,Susceptible
12225,25,Yes,No,Infectious
12226,86,Yes,No,Susceptible
12227,48,No,Yes,Exposed
12228,39,Yes,Yes,Susceptible
12229,47,No,No,Recovered
12230,21,No,No,Susceptible
12231,30,Yes,No,Susceptible
12232,31,Yes,No,Exposed
12233,26,No,Yes,Susceptible
12234,22,Yes,No,Susceptible
12235,21,Yes,No,Susceptible
12236,1,Yes,Yes,Susceptible
12237,37,Yes,Yes,Susceptible
12238,77,Yes,Yes,Susceptible
12239,85,No,No,Susceptible
12240,46,Yes,Yes,Susceptible
12241,9,No,No,Susceptible
12242,17,Yes,No,Susceptible
12243,47,No,No,Susceptible
12244,85,Yes,No,Susceptible
12245,59,Yes,No,Susceptible
12246,54,Yes,Yes,Susceptible
12247,86,Yes,No,Exposed
12248,12,No,Yes,Susceptible
12249,64,Yes,Yes,Susceptible
12250,6,No,No,Susceptible
12251,53,Yes,Yes,Susceptible
12252,16,No,Yes,Susceptible
12253,5,No,No,Susceptible
12254,73,Yes,No,Susceptible
12255,46,Yes,Yes,Susceptible
12256,14,Yes,No,Susceptible
12257,44,Yes,Yes,Recovered
12258,63,No,No,Susceptible
12259,52,No,No,Susceptible
12260,26,No,Yes,Susceptible
12261,53,No,Yes,Susceptible
12262,29,Yes,No,Susceptible
12263,19,Yes,Yes,Susceptible
12264,47,Yes,Yes,Susceptible
12265,8,Yes,Yes,Recovered
12266,23,Yes,No,Susceptible
12267,35,No,Yes,Susceptible
12268,53,Yes,Yes,Recovered
12269,58,No,Yes,Susceptible
12270,5,Yes,No,Susceptible
12271,16,Yes,No,Susceptible
12272,17,Yes,No,Susceptible
12273,32,Yes,No,Susceptible
12274,52,Yes,Yes,Susceptible
12275,20,No,No,Susceptible
12276,66,Yes,Yes,Susceptible
12277,84,Yes,Yes,Susceptible
12278,82,Yes,No,Susceptible
12279,1,No,Yes,Susceptible
12280,58,No,No,Susceptible
12281,83,Yes,No,Susceptible
12282,44,No,No,Infectious
12283,6,Yes,No,Susceptible
12284,50,Yes,No,Exposed
12285,72,No,No,Susceptible
12286,88,No,Yes,Susceptible
12287,20,Yes,Yes,Susceptible
12288,14,Yes,No,Susceptible
12289,5,No,No,Susceptible
12290,41,Yes,No,Susceptible
12291,40,No,No,Susceptible
12292,34,Yes,Yes,Susceptible
12293,80,Yes,No,Recovered
12294,45,Yes,No,Infectious
12295,71,No,No,Susceptible
12296,80,Yes,No,Susceptible
12297,71,Yes,No,Susceptible
12298,27,Yes,Yes,Susceptible
12299,78,Yes,Yes,Susceptible
12300,78,Yes,Yes,Susceptible
12301,44,No,Yes,Exposed
12302,33,Yes,No,Susceptible
12303,33,Yes,Yes,Susceptible
12304,44,Yes,Yes,Susceptible
12305,20,Yes,Yes,Susceptible
12306,36,No,Yes,Susceptible
12307,7,No,Yes,Recovered
12308,32,Yes,Yes,Susceptible
12309,67,Yes,No,Susceptible
12310,39,Yes,No,Susceptible
12311,24,Yes,Yes,Susceptible
12312,86,Yes,No,Susceptible
12313,70,Yes,Yes,Susceptible
12314,88,No,Yes,Exposed
12315,87,Yes,Yes,Susceptible
12316,54,No,No,Susceptible
12317,38,Yes,Yes,Susceptible
12318,74,Yes,No,Susceptible
12319,80,Yes,No,Susceptible
12320,75,Yes,Yes,Susceptible
12321,32,Yes,Yes,Susceptible
12322,45,Yes,Yes,Susceptible
12323,61,No,No,Susceptible
12324,70,Yes,No,Susceptible
12325,88,Yes,No,Susceptible
12326,53,Yes,Yes,Susceptible
12327,51,Yes,No,Susceptible
12328,76,Yes,No,Susceptible
12329,56,Yes,No,Susceptible
12330,27,Yes,Yes,Susceptible
12331,38,No,Yes,Susceptible
12332,62,Yes,Yes,Susceptible
12333,18,Yes,No,Susceptible
12334,64,No,Yes,Susceptible
12335,77,Yes,No,Susceptible
12336,30,Yes,Yes,Susceptible
12337,49,Yes,No,Susceptible
12338,41,Yes,No,Susceptible
12339,13,Yes,No,Susceptible
12340,34,Yes,No,Recovered
12341,25,Yes,No,Susceptible
12342,66,Yes,No,Susceptible
12343,18,No,Yes,Susceptible
12344,5,No,Yes,Susceptible
12345,19,Yes,Yes,Susceptible
12346,42,Yes,No,Susceptible
12347,18,Yes,No,Susceptible
12348,32,Yes,Yes,Susceptible
12349,21,Yes,Yes,Susceptible
12350,10,Yes,No,Susceptible
12351,37,No,No,Recovered
12352,49,No,Yes,Susceptible
12353,86,Yes,No,Susceptible
12354,13,Yes,No,Susceptible
12355,55,No,Yes,Exposed
12356,17,Yes,Yes,Recovered
12357,9,No,Yes,Susceptible
12358,88,Yes,No,Susceptible
12359,44,No,Yes,Susceptible
12360,78,Yes,No,Susceptible
12361,46,Yes,No,Susceptible
12362,8,No,No,Susceptible
12363,37,No,Yes,Susceptible
12364,19,No,No,Susceptible
12365,63,Yes,Yes,Susceptible
12366,46,Yes,Yes,Susceptible
12367,71,Yes,Yes,Susceptible
12368,26,No,Yes,Susceptible
12369,46,No,No,Susceptible
12370,46,No,No,Recovered
12371,75,No,No,Susceptible
12372,14,No,No,Susceptible
12373,85,No,Yes,Susceptible
12374,63,No,Yes,Susceptible
12375,72,Yes,Yes,Susceptible
12376,3,Yes,Yes,Susceptible
12377,28,Yes,No,Susceptible
12378,29,Yes,No,Exposed
12379,87,Yes,Yes,Susceptible
12380,18,Yes,Yes,Susceptible
12381,35,Yes,No,Susceptible
12382,77,Yes,Yes,Exposed
12383,76,Yes,No,Recovered
12384,47,Yes,No,Susceptible
12385,5,No,No,Susceptible
12386,75,Yes,No,Exposed
12387,59,No,No,Susceptible
12388,75,Yes,No,Susceptible
12389,59,Yes,No,Exposed
12390,47,No,No,Exposed
12391,13,Yes,Yes,Susceptible
12392,78,Yes,No,Susceptible
12393,89,Yes,No,Susceptible
12394,33,Yes,Yes,Susceptible
12395,62,Yes,Yes,Susceptible
12396,79,Yes,Yes,Susceptible
12397,16,No,Yes,Susceptible
12398,44,No,No,Susceptible
12399,58,No,Yes,Susceptible
12400,6,Yes,Yes,Susceptible
12401,89,No,No,Susceptible
12402,15,No,No,Recovered
12403,4,Yes,Yes,Susceptible
12404,56,Yes,Yes,Infectious
12405,64,Yes,Yes,Susceptible
12406,68,Yes,Yes,Susceptible
12407,34,No,Yes,Susceptible
12408,56,Yes,Yes,Susceptible
12409,32,Yes,No,Exposed
12410,9,Yes,Yes,Susceptible
12411,63,No,No,Recovered
12412,72,No,No,Susceptible
12413,78,Yes,No,Susceptible
12414,33,Yes,No,Susceptible
12415,87,Yes,No,Susceptible
12416,21,No,No,Susceptible
12417,55,No,Yes,Susceptible
12418,76,Yes,No,Susceptible
12419,57,Yes,Yes,Susceptible
12420,2,Yes,Yes,Susceptible
12421,13,No,Yes,Susceptible
12422,4,Yes,Yes,Susceptible
12423,84,Yes,Yes,Susceptible
12424,50,No,Yes,Susceptible
12425,48,Yes,Yes,Susceptible
12426,78,Yes,No,Susceptible
12427,30,Yes,Yes,Exposed
12428,29,No,Yes,Susceptible
12429,8,Yes,No,Susceptible
12430,12,No,Yes,Recovered
12431,41,Yes,Yes,Infectious
12432,26,Yes,Yes,Susceptible
12433,50,Yes,No,Susceptible
12434,2,No,No,Susceptible
12435,55,No,Yes,Susceptible
12436,56,Yes,Yes,Susceptible
12437,14,Yes,No,Infectious
12438,6,Yes,No,Susceptible
12439,81,Yes,No,Susceptible
12440,89,No,No,Susceptible
12441,61,No,Yes,Susceptible
12442,12,No,No,Susceptible
12443,13,Yes,No,Susceptible
12444,19,Yes,Yes,Recovered
12445,44,Yes,Yes,Susceptible
12446,89,No,Yes,Susceptible
12447,59,No,No,Susceptible
12448,37,No,Yes,Susceptible
12449,25,Yes,No,Susceptible
12450,16,No,No,Infectious
12451,38,Yes,Yes,Susceptible
12452,43,Yes,No,Susceptible
12453,87,Yes,Yes,Susceptible
12454,14,Yes,No,Susceptible
12455,6,Yes,Yes,Susceptible
12456,89,Yes,No,Susceptible
12457,23,Yes,No,Infectious
12458,60,No,Yes,Susceptible
12459,12,Yes,No,Susceptible
12460,13,No,Yes,Susceptible
12461,6,Yes,Yes,Susceptible
12462,63,No,Yes,Susceptible
12463,38,Yes,No,Recovered
12464,50,No,No,Susceptible
12465,52,No,Yes,Susceptible
12466,40,Yes,Yes,Exposed
12467,8,Yes,No,Susceptible
12468,61,Yes,No,Susceptible
12469,8,No,Yes,Susceptible
12470,34,Yes,No,Susceptible
12471,79,Yes,No,Recovered
12472,60,Yes,Yes,Susceptible
12473,57,No,No,Exposed
12474,46,Yes,Yes,Susceptible
12475,22,Yes,No,Susceptible
12476,87,No,Yes,Susceptible
12477,40,Yes,Yes,Susceptible
12478,45,Yes,No,Susceptible
12479,55,No,Yes,Susceptible
12480,51,No,Yes,Susceptible
12481,86,Yes,No,Susceptible
12482,5,Yes,No,Susceptible
12483,13,No,No,Susceptible
12484,28,Yes,No,Susceptible
12485,84,Yes,No,Susceptible
12486,80,No,No,Infectious
12487,62,Yes,Yes,Susceptible
12488,87,Yes,Yes,Susceptible
12489,24,Yes,No,Susceptible
12490,7,Yes,Yes,Susceptible
12491,38,Yes,Yes,Susceptible
12492,37,No,Yes,Susceptible
12493,68,Yes,Yes,Susceptible
12494,42,No,Yes,Susceptible
12495,86,No,Yes,Susceptible
12496,5,Yes,No,Exposed
12497,64,Yes,No,Susceptible
12498,50,Yes,No,Susceptible
12499,87,Yes,Yes,Susceptible
12500,15,Yes,No,Susceptible
12501,73,No,Yes,Susceptible
12502,53,No,Yes,Susceptible
12503,25,Yes,Yes,Susceptible
12504,89,Yes,Yes,Susceptible
12505,85,No,No,Susceptible
12506,9,No,Yes,Susceptible
12507,38,No,No,Susceptible
12508,22,Yes,No,Susceptible
12509,87,No,Yes,Susceptible
12510,49,Yes,No,Susceptible
12511,68,No,No,Susceptible
12512,15,Yes,Yes,Susceptible
12513,65,No,No,Susceptible
12514,54,Yes,No,Infectious
12515,30,No,No,Susceptible
12516,20,Yes,Yes,Susceptible
12517,33,Yes,Yes,Susceptible
12518,86,Yes,Yes,Susceptible
12519,77,Yes,Yes,Infectious
12520,7,No,Yes,Susceptible
12521,8,Yes,No,Susceptible
12522,28,Yes,No,Infectious
12523,45,Yes,Yes,Susceptible
12524,73,Yes,Yes,Susceptible
12525,89,Yes,No,Susceptible
12526,80,Yes,No,Susceptible
12527,74,Yes,Yes,Susceptible
12528,11,Yes,Yes,Susceptible
12529,31,Yes,Yes,Susceptible
12530,12,No,Yes,Susceptible
12531,78,Yes,No,Susceptible
12532,51,Yes,Yes,Susceptible
12533,44,Yes,No,Susceptible
12534,50,No,Yes,Susceptible
12535,17,Yes,No,Exposed
12536,35,Yes,Yes,Susceptible
12537,1,Yes,Yes,Susceptible
12538,29,Yes,No,Susceptible
12539,51,Yes,Yes,Susceptible
12540,64,Yes,No,Susceptible
12541,4,Yes,Yes,Susceptible
12542,87,Yes,No,Susceptible
12543,28,Yes,No,Susceptible
12544,16,Yes,Yes,Susceptible
12545,63,Yes,Yes,Susceptible
12546,76,No,No,Infectious
12547,53,Yes,No,Infectious
12548,85,Yes,Yes,Susceptible
12549,17,Yes,Yes,Recovered
12550,40,No,No,Infectious
12551,13,No,No,Susceptible
12552,52,No,No,Recovered
12553,58,Yes,Yes,Susceptible
12554,37,Yes,Yes,Infectious
12555,79,No,Yes,Susceptible
12556,76,No,No,Susceptible
12557,61,No,Yes,Infectious
12558,79,Yes,No,Susceptible
12559,34,Yes,No,Susceptible
12560,70,Yes,No,Susceptible
12561,17,Yes,No,Susceptible
12562,20,Yes,No,Susceptible
12563,73,No,No,Susceptible
12564,59,Yes,Yes,Susceptible
12565,69,Yes,Yes,Susceptible
12566,87,No,No,Exposed
12567,33,Yes,Yes,Susceptible
12568,78,No,No,Susceptible
12569,17,Yes,No,Susceptible
12570,57,Yes,No,Susceptible
12571,83,Yes,Yes,Susceptible
12572,1,Yes,Yes,Susceptible
12573,13,No,No,Susceptible
12574,27,Yes,Yes,Susceptible
12575,70,No,No,Susceptible
12576,59,Yes,No,Susceptible
12577,6,Yes,No,Susceptible
12578,23,Yes,Yes,Susceptible
12579,10,No,No,Susceptible
12580,51,No,Yes,Susceptible
12581,19,No,No,Susceptible
12582,51,No,No,Infectious
12583,87,No,No,Susceptible
12584,68,Yes,Yes,Susceptible
12585,84,No,Yes,Susceptible
12586,83,No,No,Susceptible
12587,42,Yes,Yes,Susceptible
12588,57,Yes,Yes,Recovered
12589,68,Yes,No,Susceptible
12590,38,Yes,Yes,Susceptible
12591,62,Yes,Yes,Susceptible
12592,7,Yes,Yes,Recovered
12593,71,Yes,No,Susceptible
12594,50,No,Yes,Susceptible
12595,52,Yes,No,Susceptible
12596,26,Yes,Yes,Susceptible
12597,26,No,No,Susceptible
12598,19,No,Yes,Susceptible
12599,9,No,Yes,Susceptible
12600,61,Yes,No,Susceptible
12601,20,No,Yes,Exposed
12602,50,Yes,Yes,Susceptible
12603,80,Yes,Yes,Susceptible
12604,81,Yes,No,Susceptible
12605,22,No,Yes,Susceptible
12606,13,Yes,No,Susceptible
12607,12,No,No,Susceptible
12608,10,No,No,Susceptible
12609,65,Yes,No,Exposed
12610,30,Yes,No,Susceptible
12611,8,Yes,Yes,Susceptible
12612,21,No,No,Susceptible
12613,22,Yes,Yes,Susceptible
12614,18,Yes,Yes,Susceptible
12615,66,Yes,Yes,Infectious
12616,48,No,No,Susceptible
12617,44,Yes,No,Susceptible
12618,9,Yes,No,Recovered
12619,67,Yes,No,Susceptible
12620,54,Yes,No,Susceptible
12621,26,Yes,No,Susceptible
12622,85,Yes,No,Susceptible
12623,26,Yes,Yes,Susceptible
12624,34,Yes,No,Susceptible
12625,8,No,Yes,Susceptible
12626,10,No,Yes,Susceptible
12627,48,Yes,Yes,Susceptible
12628,55,Yes,Yes,Susceptible
12629,54,Yes,Yes,Exposed
12630,78,Yes,No,Susceptible
12631,40,Yes,Yes,Susceptible
12632,15,No,No,Susceptible
12633,81,No,Yes,Susceptible
12634,18,Yes,Yes,Susceptible
12635,23,Yes,Yes,Susceptible
12636,62,Yes,No,Susceptible
12637,46,No,Yes,Susceptible
12638,87,Yes,No,Susceptible
12639,39,Yes,No,Susceptible
12640,15,Yes,Yes,Susceptible
12641,53,Yes,No,Susceptible
12642,88,Yes,Yes,Susceptible
12643,64,No,Yes,Susceptible
12644,63,No,Yes,Susceptible
12645,80,No,Yes,Susceptible
12646,16,Yes,No,Susceptible
12647,70,Yes,Yes,Susceptible
12648,66,Yes,Yes,Recovered
12649,13,Yes,No,Susceptible
12650,47,No,No,Susceptible
12651,9,No,No,Susceptible
12652,63,Yes,Yes,Susceptible
12653,34,Yes,Yes,Susceptible
12654,81,Yes,Yes,Recovered
12655,29,Yes,No,Susceptible
12656,37,Yes,Yes,Susceptible
12657,43,Yes,Yes,Susceptible
12658,86,Yes,Yes,Susceptible
12659,64,Yes,Yes,Susceptible
12660,24,Yes,No,Susceptible
12661,71,No,Yes,Susceptible
12662,34,No,No,Susceptible
12663,48,Yes,Yes,Susceptible
12664,12,No,No,Susceptible
12665,23,Yes,No,Susceptible
12666,79,Yes,No,Susceptible
12667,13,Yes,No,Susceptible
12668,87,Yes,No,Susceptible
12669,45,No,Yes,Susceptible
12670,65,Yes,Yes,Susceptible
12671,47,Yes,No,Susceptible
12672,58,Yes,Yes,Susceptible
12673,5,No,No,Susceptible
12674,77,Yes,No,Susceptible
12675,5,Yes,Yes,Susceptible
12676,60,Yes,Yes,Susceptible
12677,21,Yes,No,Susceptible
12678,24,No,No,Susceptible
12679,18,Yes,No,Susceptible
12680,21,Yes,No,Susceptible
12681,54,No,Yes,Susceptible
12682,10,Yes,No,Susceptible
12683,24,Yes,No,Susceptible
12684,85,No,Yes,Recovered
12685,89,Yes,No,Susceptible
12686,60,No,No,Susceptible
12687,57,Yes,Yes,Susceptible
12688,23,No,No,Susceptible
12689,22,No,No,Susceptible
12690,68,Yes,Yes,Susceptible
12691,34,No,Yes,Susceptible
12692,70,No,Yes,Exposed
12693,28,No,No,Susceptible
12694,39,Yes,Yes,Exposed
12695,42,No,No,Susceptible
12696,23,No,Yes,Susceptible
12697,70,Yes,Yes,Susceptible
12698,80,No,No,Susceptible
12699,2,No,No,Exposed
12700,24,Yes,Yes,Susceptible
12701,17,Yes,Yes,Susceptible
12702,65,No,Yes,Susceptible
12703,70,No,Yes,Recovered
12704,69,Yes,No,Susceptible
12705,60,Yes,No,Susceptible
12706,50,Yes,Yes,Susceptible
12707,12,Yes,No,Susceptible
12708,47,Yes,No,Susceptible
12709,67,Yes,Yes,Susceptible
12710,65,Yes,No,Infectious
12711,27,Yes,No,Susceptible
12712,48,No,No,Susceptible
12713,88,Yes,No,Susceptible
12714,62,Yes,Yes,Exposed
12715,44,No,No,Susceptible
12716,19,No,No,Susceptible
12717,59,No,No,Susceptible
12718,8,No,Yes,Susceptible
12719,55,Yes,Yes,Susceptible
12720,47,Yes,Yes,Susceptible
12721,2,No,No,Susceptible
12722,39,Yes,No,Susceptible
12723,45,Yes,No,Susceptible
12724,32,No,No,Infectious
12725,65,Yes,No,Susceptible
12726,38,Yes,Yes,Susceptible
12727,77,Yes,No,Susceptible
12728,11,No,No,Susceptible
12729,10,No,Yes,Susceptible
12730,59,Yes,Yes,Susceptible
12731,55,Yes,No,Susceptible
12732,20,Yes,Yes,Recovered
12733,81,Yes,No,Susceptible
12734,17,No,No,Susceptible
12735,68,Yes,Yes,Susceptible
12736,5,No,No,Susceptible
12737,60,Yes,Yes,Exposed
12738,23,No,Yes,Susceptible
12739,46,Yes,No,Susceptible
12740,52,Yes,Yes,Susceptible
12741,10,Yes,Yes,Susceptible
12742,46,Yes,No,Susceptible
12743,28,No,Yes,Susceptible
12744,43,Yes,No,Susceptible
12745,26,Yes,Yes,Susceptible
12746,55,Yes,Yes,Infectious
12747,48,No,Yes,Susceptible
12748,29,No,Yes,Susceptible
12749,27,No,Yes,Infectious
12750,18,No,No,Susceptible
12751,60,Yes,No,Susceptible
12752,74,Yes,Yes,Susceptible
12753,69,No,No,Susceptible
12754,74,Yes,No,Susceptible
12755,21,Yes,No,Susceptible
12756,24,Yes,Yes,Susceptible
12757,3,Yes,No,Susceptible
12758,62,No,No,Susceptible
12759,2,Yes,No,Susceptible
12760,66,Yes,Yes,Susceptible
12761,42,Yes,No,Susceptible
12762,34,No,Yes,Susceptible
12763,42,No,Yes,Susceptible
12764,20,Yes,No,Exposed
12765,68,No,No,Recovered
12766,45,No,Yes,Susceptible
12767,75,Yes,Yes,Infectious
12768,42,Yes,Yes,Susceptible
12769,47,Yes,No,Susceptible
12770,5,Yes,Yes,Susceptible
12771,89,Yes,Yes,Susceptible
12772,49,Yes,No,Recovered
12773,37,No,Yes,Susceptible
12774,34,No,No,Susceptible
12775,73,No,No,Susceptible
12776,70,Yes,Yes,Susceptible
12777,18,No,No,Infectious
12778,78,No,No,Susceptible
12779,19,Yes,Yes,Recovered
12780,78,No,Yes,Recovered
12781,40,Yes,No,Susceptible
12782,17,Yes,No,Susceptible
12783,60,Yes,Yes,Susceptible
12784,42,Yes,Yes,Susceptible
12785,81,Yes,No,Susceptible
12786,72,Yes,Yes,Susceptible
12787,65,Yes,Yes,Susceptible
12788,53,No,No,Susceptible
12789,7,Yes,Yes,Susceptible
12790,5,No,No,Susceptible
12791,24,Yes,No,Susceptible
12792,28,Yes,No,Susceptible
12793,62,No,No,Susceptible
12794,17,Yes,Yes,Susceptible
12795,20,No,Yes,Susceptible
12796,3,Yes,No,Infectious
12797,37,Yes,No,Susceptible
12798,15,No,Yes,Susceptible
12799,51,Yes,Yes,Susceptible
12800,48,Yes,Yes,Susceptible
12801,8,Yes,No,Infectious
12802,13,No,Yes,Susceptible
12803,48,No,Yes,Susceptible
12804,3,No,Yes,Susceptible
12805,65,Yes,Yes,Susceptible
12806,73,Yes,Yes,Susceptible
12807,31,Yes,Yes,Susceptible
12808,26,No,No,Susceptible
12809,81,Yes,No,Susceptible
12810,56,Yes,Yes,Susceptible
12811,34,No,No,Susceptible
12812,9,No,No,Susceptible
12813,62,Yes,No,Recovered
12814,13,Yes,Yes,Susceptible
12815,69,Yes,No,Susceptible
12816,41,No,No,Susceptible
12817,77,No,No,Exposed
12818,1,Yes,No,Susceptible
12819,89,No,Yes,Susceptible
12820,47,Yes,Yes,Susceptible
12821,4,Yes,No,Susceptible
12822,63,Yes,No,Susceptible
12823,52,Yes,No,Susceptible
12824,10,Yes,Yes,Susceptible
12825,28,No,Yes,Susceptible
12826,6,No,Yes,Susceptible
12827,27,No,Yes,Susceptible
12828,12,Yes,No,Susceptible
12829,62,Yes,No,Susceptible
12830,52,No,Yes,Susceptible
12831,48,Yes,Yes,Susceptible
12832,67,Yes,Yes,Susceptible
12833,46,Yes,No,Susceptible
12834,74,Yes,Yes,Susceptible
12835,15,Yes,No,Susceptible
12836,71,Yes,No,Susceptible
12837,36,No,Yes,Susceptible
12838,14,Yes,Yes,Susceptible
12839,78,Yes,Yes,Susceptible
12840,3,Yes,Yes,Susceptible
12841,67,Yes,Yes,Susceptible
12842,86,Yes,Yes,Susceptible
12843,19,Yes,No,Susceptible
12844,76,No,No,Susceptible
12845,54,Yes,No,Recovered
12846,69,Yes,Yes,Susceptible
12847,10,Yes,Yes,Infectious
12848,33,No,No,Susceptible
12849,13,Yes,No,Susceptible
12850,51,No,No,Infectious
12851,32,Yes,Yes,Susceptible
12852,75,Yes,Yes,Susceptible
12853,24,Yes,No,Susceptible
12854,35,Yes,No,Susceptible
12855,83,Yes,Yes,Susceptible
12856,70,Yes,Yes,Susceptible
12857,40,No,Yes,Susceptible
12858,54,No,Yes,Susceptible
12859,44,Yes,Yes,Susceptible
12860,62,No,Yes,Susceptible
12861,68,Yes,No,Exposed
12862,33,No,No,Susceptible
12863,77,No,No,Susceptible
12864,56,No,Yes,Susceptible
12865,36,Yes,Yes,Susceptible
12866,54,Yes,Yes,Susceptible
12867,19,Yes,Yes,Susceptible
12868,43,Yes,Yes,Susceptible
12869,12,Yes,No,Susceptible
12870,11,No,No,Recovered
12871,70,No,Yes,Susceptible
12872,12,Yes,Yes,Susceptible
12873,41,No,Yes,Susceptible
12874,25,No,Yes,Susceptible
12875,3,Yes,Yes,Susceptible
12876,3,Yes,Yes,Susceptible
12877,84,Yes,No,Susceptible
12878,28,Yes,Yes,Susceptible
12879,23,Yes,Yes,Susceptible
12880,48,Yes,No,Susceptible
12881,67,Yes,No,Susceptible
12882,42,No,Yes,Infectious
12883,88,Yes,Yes,Susceptible
12884,40,No,Yes,Susceptible
12885,6,Yes,Yes,Susceptible
12886,20,Yes,Yes,Susceptible
12887,11,Yes,No,Susceptible
12888,27,Yes,No,Susceptible
12889,21,Yes,Yes,Recovered
12890,13,Yes,Yes,Susceptible
12891,86,Yes,No,Susceptible
12892,35,Yes,Yes,Susceptible
12893,47,Yes,No,Susceptible
12894,86,No,No,Susceptible
12895,28,No,Yes,Susceptible
12896,21,Yes,No,Recovered
12897,18,Yes,Yes,Susceptible
12898,31,Yes,Yes,Susceptible
12899,60,Yes,Yes,Susceptible
12900,37,Yes,Yes,Infectious
12901,21,Yes,No,Susceptible
12902,14,No,Yes,Susceptible
12903,89,Yes,Yes,Susceptible
12904,60,Yes,No,Susceptible
12905,23,Yes,Yes,Susceptible
12906,29,No,No,Susceptible
12907,47,Yes,No,Susceptible
12908,30,Yes,Yes,Susceptible
12909,84,Yes,Yes,Susceptible
12910,38,Yes,No,Susceptible
12911,83,Yes,No,Infectious
12912,27,Yes,No,Susceptible
12913,89,Yes,Yes,Susceptible
12914,87,Yes,Yes,Susceptible
12915,15,No,No,Recovered
12916,59,No,Yes,Susceptible
12917,3,Yes,No,Susceptible
12918,10,Yes,No,Susceptible
12919,79,Yes,No,Susceptible
12920,80,Yes,Yes,Susceptible
12921,17,No,No,Susceptible
12922,83,Yes,Yes,Susceptible
12923,11,Yes,Yes,Susceptible
12924,48,Yes,No,Susceptible
12925,5,No,No,Susceptible
12926,69,Yes,Yes,Susceptible
12927,64,No,Yes,Susceptible
12928,14,Yes,No,Susceptible
12929,50,No,No,Susceptible
12930,26,Yes,Yes,Susceptible
12931,72,No,No,Susceptible
12932,69,No,No,Susceptible
12933,7,Yes,No,Susceptible
12934,16,Yes,Yes,Susceptible
12935,55,Yes,Yes,Susceptible
12936,78,Yes,Yes,Susceptible
12937,56,Yes,Yes,Susceptible
12938,4,Yes,No,Susceptible
12939,48,No,Yes,Susceptible
12940,17,No,Yes,Susceptible
12941,36,No,Yes,Infectious
12942,70,Yes,Yes,Exposed
12943,80,Yes,No,Susceptible
12944,38,Yes,Yes,Susceptible
12945,62,No,No,Susceptible
12946,48,No,No,Susceptible
12947,10,No,Yes,Susceptible
12948,36,No,No,Susceptible
12949,29,Yes,No,Susceptible
12950,78,No,Yes,Susceptible
12951,4,Yes,Yes,Exposed
12952,44,Yes,No,Susceptible
12953,56,Yes,Yes,Susceptible
12954,42,Yes,No,Susceptible
12955,13,Yes,No,Susceptible
12956,46,Yes,Yes,Susceptible
12957,82,No,No,Susceptible
12958,33,Yes,Yes,Susceptible
12959,21,Yes,Yes,Susceptible
12960,80,Yes,No,Susceptible
12961,79,Yes,Yes,Susceptible
12962,57,Yes,Yes,Susceptible
12963,69,Yes,No,Susceptible
12964,70,Yes,No,Susceptible
12965,67,Yes,No,Infectious
12966,48,No,No,Infectious
12967,76,Yes,No,Susceptible
12968,33,No,No,Susceptible
12969,36,No,No,Recovered
12970,33,Yes,Yes,Susceptible
12971,31,Yes,Yes,Susceptible
12972,21,Yes,No,Recovered
12973,27,Yes,Yes,Susceptible
12974,72,No,No,Susceptible
12975,62,No,No,Susceptible
12976,26,Yes,Yes,Infectious
12977,66,Yes,Yes,Susceptible
12978,12,Yes,Yes,Susceptible
12979,22,No,Yes,Susceptible
12980,17,Yes,Yes,Susceptible
12981,7,No,Yes,Susceptible
12982,68,Yes,Yes,Infectious
12983,37,Yes,No,Susceptible
12984,38,Yes,Yes,Susceptible
12985,11,Yes,No,Susceptible
12986,1,Yes,Yes,Susceptible
12987,25,No,No,Susceptible
12988,42,Yes,Yes,Susceptible
12989,52,Yes,Yes,Susceptible
12990,24,No,Yes,Susceptible
12991,53,Yes,No,Susceptible
12992,56,Yes,No,Exposed
12993,63,No,No,Susceptible
12994,81,No,Yes,Susceptible
12995,8,Yes,Yes,Susceptible
12996,59,Yes,Yes,Susceptible
12997,45,Yes,Yes,Susceptible
12998,27,Yes,Yes,Susceptible
12999,52,No,Yes,Susceptible
13000,18,Yes,Yes,Susceptible
13001,86,Yes,No,Susceptible
13002,16,Yes,Yes,Susceptible
13003,66,No,No,Susceptible
13004,5,Yes,No,Susceptible
13005,82,No,Yes,Susceptible
13006,3,Yes,Yes,Susceptible
13007,81,Yes,No,Susceptible
13008,80,Yes,No,Susceptible
13009,70,Yes,No,Susceptible
13010,7,Yes,Yes,Susceptible
13011,50,No,Yes,Susceptible
13012,14,Yes,Yes,Susceptible
13013,38,Yes,Yes,Susceptible
13014,79,Yes,No,Susceptible
13015,47,Yes,No,Susceptible
13016,33,No,No,Susceptible
13017,43,Yes,No,Susceptible
13018,29,Yes,No,Susceptible
13019,57,Yes,Yes,Susceptible
13020,5,Yes,Yes,Susceptible
13021,60,No,Yes,Susceptible
13022,70,Yes,Yes,Susceptible
13023,2,Yes,No,Susceptible
13024,70,Yes,Yes,Susceptible
13025,43,Yes,Yes,Susceptible
13026,4,Yes,Yes,Susceptible
13027,56,No,Yes,Susceptible
13028,59,Yes,Yes,Susceptible
13029,89,Yes,Yes,Susceptible
13030,9,Yes,No,Susceptible
13031,3,No,No,Susceptible
13032,48,No,No,Susceptible
13033,43,Yes,Yes,Susceptible
13034,1,No,Yes,Susceptible
13035,57,No,Yes,Susceptible
13036,53,Yes,Yes,Susceptible
13037,16,Yes,Yes,Susceptible
13038,51,Yes,Yes,Susceptible
13039,75,Yes,Yes,Susceptible
13040,55,Yes,Yes,Susceptible
13041,1,Yes,No,Susceptible
13042,28,Yes,Yes,Susceptible
13043,53,Yes,No,Susceptible
13044,58,Yes,Yes,Susceptible
13045,73,No,Yes,Susceptible
13046,60,Yes,No,Susceptible
13047,59,Yes,Yes,Recovered
13048,22,Yes,No,Susceptible
13049,8,No,No,Susceptible
13050,49,No,No,Susceptible
13051,42,No,Yes,Susceptible
13052,27,No,Yes,Susceptible
13053,39,Yes,No,Exposed
13054,83,Yes,Yes,Susceptible
13055,25,Yes,No,Susceptible
13056,38,Yes,Yes,Susceptible
13057,85,Yes,Yes,Exposed
13058,24,Yes,No,Susceptible
13059,24,Yes,No,Susceptible
13060,60,No,Yes,Susceptible
13061,83,Yes,Yes,Susceptible
13062,50,Yes,Yes,Susceptible
13063,66,Yes,Yes,Susceptible
13064,14,Yes,No,Susceptible
13065,53,Yes,No,Susceptible
13066,32,No,No,Recovered
13067,48,No,Yes,Susceptible
13068,39,Yes,No,Susceptible
13069,40,Yes,No,Susceptible
13070,42,Yes,Yes,Susceptible
13071,77,Yes,Yes,Infectious
13072,76,Yes,No,Susceptible
13073,8,No,Yes,Susceptible
13074,79,Yes,Yes,Susceptible
13075,26,Yes,No,Susceptible
13076,12,Yes,No,Susceptible
13077,43,No,No,Susceptible
13078,51,Yes,Yes,Exposed
13079,82,Yes,Yes,Susceptible
13080,63,No,No,Exposed
13081,49,Yes,No,Susceptible
13082,27,Yes,Yes,Susceptible
13083,9,Yes,Yes,Susceptible
13084,39,Yes,Yes,Susceptible
13085,65,Yes,No,Susceptible
13086,71,No,No,Susceptible
13087,71,Yes,No,Susceptible
13088,7,Yes,Yes,Susceptible
13089,72,No,No,Susceptible
13090,80,Yes,No,Recovered
13091,67,Yes,No,Susceptible
13092,10,Yes,No,Susceptible
13093,71,No,No,Infectious
13094,85,No,Yes,Recovered
13095,53,Yes,Yes,Susceptible
13096,87,Yes,No,Susceptible
13097,57,Yes,Yes,Susceptible
13098,86,Yes,No,Susceptible
13099,27,Yes,No,Susceptible
13100,54,Yes,Yes,Susceptible
13101,4,Yes,Yes,Susceptible
13102,88,Yes,Yes,Susceptible
13103,23,Yes,No,Susceptible
13104,48,Yes,No,Susceptible
13105,83,No,Yes,Susceptible
13106,42,Yes,No,Susceptible
13107,3,Yes,No,Susceptible
13108,3,Yes,Yes,Susceptible
13109,28,Yes,Yes,Susceptible
13110,63,No,Yes,Susceptible
13111,81,Yes,Yes,Susceptible
13112,31,Yes,Yes,Susceptible
13113,10,Yes,No,Recovered
13114,49,No,No,Susceptible
13115,86,Yes,Yes,Susceptible
13116,21,No,No,Exposed
13117,53,No,No,Susceptible
13118,87,No,Yes,Exposed
13119,76,Yes,No,Susceptible
13120,89,Yes,No,Susceptible
13121,54,Yes,Yes,Susceptible
13122,57,Yes,Yes,Susceptible
13123,20,Yes,Yes,Susceptible
13124,49,No,No,Susceptible
13125,7,No,Yes,Susceptible
13126,29,No,Yes,Susceptible
13127,48,No,No,Exposed
13128,13,Yes,No,Susceptible
13129,3,Yes,No,Susceptible
13130,2,Yes,No,Susceptible
13131,16,Yes,No,Susceptible
13132,6,Yes,Yes,Susceptible
13133,45,No,No,Susceptible
13134,71,Yes,No,Susceptible
13135,5,Yes,Yes,Susceptible
13136,56,Yes,No,Infectious
13137,71,Yes,No,Susceptible
13138,32,Yes,No,Susceptible
13139,49,No,No,Susceptible
13140,13,Yes,No,Susceptible
13141,30,Yes,Yes,Susceptible
13142,25,No,No,Susceptible
13143,85,Yes,Yes,Susceptible
13144,60,Yes,No,Susceptible
13145,59,Yes,No,Susceptible
13146,85,No,Yes,Susceptible
13147,28,No,No,Susceptible
13148,58,No,No,Susceptible
13149,20,Yes,No,Susceptible
13150,34,No,No,Susceptible
13151,5,Yes,No,Susceptible
13152,82,No,Yes,Infectious
13153,60,Yes,Yes,Susceptible
13154,43,Yes,Yes,Susceptible
13155,57,Yes,No,Susceptible
13156,57,Yes,No,Susceptible
13157,75,Yes,No,Infectious
13158,54,Yes,Yes,Susceptible
13159,81,Yes,No,Susceptible
13160,45,Yes,No,Susceptible
13161,86,Yes,No,Susceptible
13162,37,No,Yes,Susceptible
13163,84,Yes,No,Susceptible
13164,48,Yes,No,Susceptible
13165,54,Yes,Yes,Susceptible
13166,48,Yes,No,Exposed
13167,6,No,No,Susceptible
13168,34,Yes,No,Susceptible
13169,63,No,No,Susceptible
13170,78,No,No,Susceptible
13171,48,Yes,No,Susceptible
13172,23,No,No,Susceptible
13173,84,Yes,Yes,Susceptible
13174,13,Yes,Yes,Infectious
13175,47,No,No,Susceptible
13176,44,Yes,Yes,Susceptible
13177,32,No,Yes,Susceptible
13178,26,Yes,No,Susceptible
13179,53,No,No,Susceptible
13180,14,Yes,No,Susceptible
13181,52,No,No,Susceptible
13182,36,Yes,No,Susceptible
13183,8,Yes,Yes,Susceptible
13184,40,Yes,Yes,Susceptible
13185,86,Yes,No,Susceptible
13186,22,Yes,No,Exposed
13187,16,No,No,Susceptible
13188,60,Yes,No,Susceptible
13189,60,No,No,Infectious
13190,10,Yes,No,Susceptible
13191,25,Yes,Yes,Recovered
13192,31,No,Yes,Susceptible
13193,21,Yes,No,Susceptible
13194,81,Yes,Yes,Susceptible
13195,33,Yes,No,Susceptible
13196,31,Yes,No,Susceptible
13197,21,Yes,Yes,Susceptible
13198,36,Yes,No,Susceptible
13199,65,Yes,No,Susceptible
13200,4,Yes,Yes,Susceptible
13201,68,Yes,Yes,Susceptible
13202,4,Yes,Yes,Infectious
13203,9,Yes,No,Susceptible
13204,30,Yes,No,Susceptible
13205,45,Yes,No,Susceptible
13206,4,No,Yes,Susceptible
13207,69,Yes,No,Susceptible
13208,23,Yes,No,Susceptible
13209,16,Yes,Yes,Susceptible
13210,22,No,No,Susceptible
13211,72,Yes,Yes,Susceptible
13212,48,Yes,Yes,Susceptible
13213,62,Yes,Yes,Susceptible
13214,60,Yes,Yes,Susceptible
13215,80,No,No,Susceptible
13216,5,No,No,Susceptible
13217,80,Yes,Yes,Recovered
13218,7,Yes,Yes,Susceptible
13219,51,Yes,Yes,Susceptible
13220,65,No,No,Susceptible
13221,9,Yes,No,Infectious
13222,82,Yes,Yes,Recovered
13223,45,Yes,Yes,Susceptible
13224,47,Yes,No,Susceptible
13225,67,Yes,Yes,Susceptible
13226,24,Yes,Yes,Exposed
13227,10,Yes,No,Susceptible
13228,73,Yes,Yes,Susceptible
13229,77,Yes,Yes,Exposed
13230,48,Yes,Yes,Susceptible
13231,35,No,Yes,Susceptible
13232,54,Yes,Yes,Susceptible
13233,87,Yes,No,Susceptible
13234,81,Yes,Yes,Recovered
13235,71,Yes,No,Susceptible
13236,16,No,Yes,Susceptible
13237,53,Yes,Yes,Susceptible
13238,40,Yes,No,Susceptible
13239,20,Yes,No,Susceptible
13240,88,Yes,No,Susceptible
13241,69,Yes,Yes,Susceptible
13242,45,Yes,Yes,Susceptible
13243,6,Yes,No,Susceptible
13244,69,Yes,Yes,Susceptible
13245,49,No,Yes,Susceptible
13246,39,Yes,No,Susceptible
13247,2,No,No,Susceptible
13248,39,Yes,No,Susceptible
13249,21,No,No,Susceptible
13250,40,Yes,Yes,Susceptible
13251,82,Yes,No,Susceptible
13252,54,Yes,No,Susceptible
13253,12,Yes,Yes,Susceptible
13254,81,Yes,No,Susceptible
13255,37,Yes,Yes,Susceptible
13256,38,Yes,No,Susceptible
13257,15,Yes,No,Susceptible
13258,7,Yes,Yes,Susceptible
13259,78,Yes,Yes,Susceptible
13260,50,No,No,Susceptible
13261,65,Yes,Yes,Susceptible
13262,67,Yes,No,Susceptible
13263,44,Yes,Yes,Susceptible
13264,31,Yes,Yes,Infectious
13265,43,No,Yes,Susceptible
13266,77,No,Yes,Susceptible
13267,48,Yes,No,Susceptible
13268,82,Yes,No,Susceptible
13269,81,Yes,No,Susceptible
13270,81,Yes,Yes,Susceptible
13271,61,No,Yes,Susceptible
13272,75,Yes,Yes,Susceptible
13273,84,Yes,Yes,Infectious
13274,10,Yes,No,Susceptible
13275,29,No,Yes,Susceptible
13276,48,No,Yes,Susceptible
13277,81,Yes,No,Susceptible
13278,62,Yes,No,Susceptible
13279,13,Yes,Yes,Susceptible
13280,44,No,No,Susceptible
13281,47,Yes,No,Susceptible
13282,64,No,Yes,Susceptible
13283,53,Yes,Yes,Susceptible
13284,77,No,No,Susceptible
13285,76,Yes,No,Susceptible
13286,44,Yes,No,Susceptible
13287,28,Yes,Yes,Susceptible
13288,2,Yes,Yes,Susceptible
13289,57,Yes,No,Susceptible
13290,57,Yes,No,Susceptible
13291,34,Yes,No,Susceptible
13292,87,Yes,Yes,Susceptible
13293,58,Yes,Yes,Susceptible
13294,52,Yes,No,Recovered
13295,29,Yes,Yes,Susceptible
13296,35,Yes,No,Susceptible
13297,75,Yes,Yes,Susceptible
13298,48,No,Yes,Susceptible
13299,33,Yes,No,Susceptible
13300,75,No,No,Susceptible
13301,73,Yes,No,Susceptible
13302,78,Yes,No,Susceptible
13303,9,Yes,No,Susceptible
13304,48,Yes,No,Susceptible
13305,67,No,Yes,Susceptible
13306,83,Yes,Yes,Infectious
13307,36,Yes,No,Recovered
13308,71,Yes,No,Susceptible
13309,44,No,No,Infectious
13310,82,No,No,Susceptible
13311,60,Yes,Yes,Susceptible
13312,63,No,Yes,Susceptible
13313,5,Yes,No,Susceptible
13314,87,Yes,No,Susceptible
13315,86,Yes,No,Susceptible
13316,76,Yes,Yes,Susceptible
13317,40,Yes,No,Susceptible
13318,19,Yes,Yes,Susceptible
13319,47,Yes,Yes,Exposed
13320,65,No,Yes,Susceptible
13321,67,Yes,No,Infectious
13322,18,Yes,Yes,Susceptible
13323,50,No,Yes,Susceptible
13324,30,No,Yes,Susceptible
13325,66,Yes,Yes,Susceptible
13326,5,Yes,No,Susceptible
13327,42,Yes,No,Susceptible
13328,84,No,Yes,Susceptible
13329,5,Yes,Yes,Susceptible
13330,50,Yes,Yes,Susceptible
13331,85,No,No,Susceptible
13332,58,Yes,No,Susceptible
13333,79,No,No,Susceptible
13334,84,Yes,No,Susceptible
13335,8,Yes,Yes,Susceptible
13336,31,Yes,Yes,Susceptible
13337,12,Yes,Yes,Recovered
13338,21,Yes,Yes,Susceptible
13339,62,Yes,No,Susceptible
13340,33,Yes,No,Susceptible
13341,26,Yes,Yes,Exposed
13342,40,No,No,Susceptible
13343,65,Yes,Yes,Susceptible
13344,59,Yes,Yes,Susceptible
13345,15,Yes,No,Recovered
13346,1,Yes,Yes,Susceptible
13347,11,Yes,No,Susceptible
13348,55,Yes,Yes,Susceptible
13349,2,Yes,Yes,Exposed
13350,65,Yes,Yes,Susceptible
13351,44,No,Yes,Susceptible
13352,16,Yes,No,Susceptible
13353,22,Yes,Yes,Exposed
13354,18,No,No,Exposed
13355,47,Yes,No,Susceptible
13356,81,Yes,Yes,Susceptible
13357,30,Yes,No,Infectious
13358,10,Yes,Yes,Exposed
13359,58,Yes,Yes,Susceptible
13360,62,Yes,No,Susceptible
13361,85,Yes,Yes,Susceptible
13362,80,No,Yes,Susceptible
13363,6,No,No,Susceptible
13364,67,No,No,Susceptible
13365,41,No,Yes,Susceptible
13366,43,Yes,Yes,Susceptible
13367,85,No,No,Susceptible
13368,77,Yes,Yes,Susceptible
13369,18,Yes,Yes,Susceptible
13370,58,Yes,Yes,Susceptible
13371,60,Yes,No,Susceptible
13372,88,Yes,No,Susceptible
13373,27,Yes,Yes,Susceptible
13374,68,No,Yes,Recovered
13375,22,Yes,No,Susceptible
13376,24,No,No,Susceptible
13377,40,Yes,Yes,Exposed
13378,74,Yes,No,Susceptible
13379,66,Yes,No,Susceptible
13380,40,Yes,Yes,Susceptible
13381,6,Yes,Yes,Infectious
13382,18,Yes,Yes,Susceptible
13383,81,Yes,Yes,Susceptible
13384,87,No,Yes,Susceptible
13385,30,Yes,Yes,Susceptible
13386,21,Yes,Yes,Susceptible
13387,62,Yes,Yes,Susceptible
13388,10,Yes,Yes,Susceptible
13389,13,Yes,No,Susceptible
13390,76,No,Yes,Exposed
13391,9,Yes,Yes,Susceptible
13392,68,Yes,Yes,Infectious
13393,39,Yes,No,Susceptible
13394,24,No,No,Susceptible
13395,34,No,No,Susceptible
13396,61,Yes,Yes,Exposed
13397,41,No,Yes,Exposed
13398,5,No,No,Susceptible
13399,79,Yes,No,Susceptible
13400,50,Yes,Yes,Susceptible
13401,4,Yes,Yes,Susceptible
13402,51,Yes,Yes,Susceptible
13403,52,Yes,Yes,Susceptible
13404,39,Yes,No,Susceptible
13405,8,No,No,Exposed
13406,45,No,No,Susceptible
13407,88,Yes,Yes,Susceptible
13408,28,Yes,No,Susceptible
13409,27,Yes,Yes,Susceptible
13410,65,No,Yes,Susceptible
13411,34,Yes,No,Susceptible
13412,81,No,Yes,Susceptible
13413,62,Yes,No,Exposed
13414,62,Yes,Yes,Susceptible
13415,38,Yes,Yes,Susceptible
13416,26,Yes,Yes,Susceptible
13417,24,Yes,Yes,Exposed
13418,39,Yes,Yes,Susceptible
13419,21,No,Yes,Recovered
13420,47,No,Yes,Susceptible
13421,48,No,Yes,Susceptible
13422,13,Yes,No,Susceptible
13423,3,No,No,Susceptible
13424,32,No,Yes,Exposed
13425,35,Yes,No,Susceptible
13426,19,No,Yes,Susceptible
13427,14,No,Yes,Susceptible
13428,48,Yes,Yes,Susceptible
13429,86,Yes,Yes,Susceptible
13430,81,Yes,No,Susceptible
13431,68,Yes,No,Susceptible
13432,45,Yes,Yes,Exposed
13433,19,Yes,Yes,Exposed
13434,64,Yes,No,Susceptible
13435,66,Yes,Yes,Susceptible
13436,79,No,Yes,Susceptible
13437,66,Yes,Yes,Susceptible
13438,75,Yes,No,Susceptible
13439,45,Yes,No,Infectious
13440,87,Yes,Yes,Susceptible
13441,74,Yes,No,Susceptible
13442,67,Yes,No,Susceptible
13443,69,No,No,Susceptible
13444,3,Yes,Yes,Susceptible
13445,38,Yes,Yes,Susceptible
13446,77,Yes,Yes,Susceptible
13447,42,No,No,Susceptible
13448,83,No,Yes,Susceptible
13449,40,Yes,Yes,Susceptible
13450,50,Yes,Yes,Susceptible
13451,35,No,No,Susceptible
13452,24,Yes,No,Exposed
13453,88,No,Yes,Susceptible
13454,17,No,Yes,Susceptible
13455,40,Yes,Yes,Exposed
13456,74,No,No,Susceptible
13457,66,No,No,Susceptible
13458,44,No,Yes,Susceptible
13459,23,Yes,Yes,Susceptible
13460,6,Yes,No,Susceptible
13461,66,Yes,No,Exposed
13462,21,Yes,Yes,Susceptible
13463,35,Yes,No,Susceptible
13464,29,Yes,Yes,Recovered
13465,7,Yes,No,Susceptible
13466,53,Yes,No,Susceptible
13467,37,Yes,No,Exposed
13468,23,Yes,Yes,Susceptible
13469,8,Yes,No,Susceptible
13470,76,No,Yes,Susceptible
13471,48,Yes,No,Susceptible
13472,10,Yes,Yes,Exposed
13473,79,Yes,No,Susceptible
13474,24,Yes,No,Susceptible
13475,47,Yes,No,Susceptible
13476,53,Yes,No,Susceptible
13477,39,Yes,No,Susceptible
13478,67,Yes,No,Susceptible
13479,66,Yes,Yes,Susceptible
13480,6,Yes,No,Susceptible
13481,21,Yes,Yes,Susceptible
13482,73,Yes,Yes,Recovered
13483,74,Yes,No,Susceptible
13484,36,No,Yes,Susceptible
13485,3,Yes,Yes,Recovered
13486,88,Yes,Yes,Susceptible
13487,86,Yes,Yes,Susceptible
13488,78,Yes,No,Susceptible
13489,42,No,Yes,Susceptible
13490,45,No,No,Susceptible
13491,44,Yes,Yes,Susceptible
13492,33,No,No,Infectious
13493,60,Yes,Yes,Susceptible
13494,86,No,No,Susceptible
13495,83,No,No,Susceptible
13496,83,No,Yes,Susceptible
13497,70,Yes,Yes,Susceptible
13498,83,Yes,Yes,Susceptible
13499,77,No,No,Susceptible
13500,26,No,No,Susceptible
13501,86,Yes,Yes,Susceptible
13502,21,Yes,Yes,Susceptible
13503,2,Yes,No,Susceptible
13504,47,Yes,No,Susceptible
13505,30,Yes,Yes,Susceptible
13506,27,No,Yes,Infectious
13507,71,Yes,Yes,Infectious
13508,20,Yes,Yes,Susceptible
13509,50,Yes,No,Susceptible
13510,23,Yes,No,Susceptible
13511,13,No,Yes,Susceptible
13512,81,Yes,No,Susceptible
13513,4,No,No,Susceptible
13514,14,Yes,Yes,Susceptible
13515,20,No,No,Susceptible
13516,13,Yes,No,Susceptible
13517,3,Yes,No,Susceptible
13518,82,Yes,Yes,Susceptible
13519,78,Yes,No,Susceptible
13520,47,Yes,Yes,Susceptible
13521,3,Yes,No,Susceptible
13522,1,Yes,No,Susceptible
13523,24,No,Yes,Infectious
13524,35,No,No,Susceptible
13525,14,Yes,No,Susceptible
13526,67,Yes,Yes,Susceptible
13527,13,Yes,No,Susceptible
13528,47,No,Yes,Exposed
13529,50,Yes,No,Infectious
13530,78,Yes,No,Susceptible
13531,85,Yes,No,Infectious
13532,26,Yes,Yes,Susceptible
13533,3,Yes,No,Susceptible
13534,51,Yes,Yes,Susceptible
13535,40,No,No,Susceptible
13536,68,No,No,Susceptible
13537,36,No,No,Susceptible
13538,51,Yes,No,Infectious
13539,1,Yes,Yes,Susceptible
13540,33,No,No,Susceptible
13541,7,No,No,Susceptible
13542,52,No,Yes,Recovered
13543,11,No,No,Susceptible
13544,27,Yes,Yes,Susceptible
13545,14,Yes,No,Susceptible
13546,86,No,No,Susceptible
13547,80,No,No,Susceptible
13548,46,Yes,No,Susceptible
13549,76,Yes,No,Susceptible
13550,10,No,No,Susceptible
13551,24,Yes,No,Susceptible
13552,61,Yes,No,Susceptible
13553,18,Yes,No,Susceptible
13554,86,Yes,No,Susceptible
13555,9,No,Yes,Susceptible
13556,17,Yes,Yes,Susceptible
13557,58,Yes,Yes,Susceptible
13558,13,No,Yes,Susceptible
13559,50,Yes,No,Susceptible
13560,6,No,No,Susceptible
13561,85,Yes,No,Susceptible
13562,51,Yes,No,Susceptible
13563,36,No,No,Infectious
13564,71,Yes,No,Susceptible
13565,25,Yes,No,Infectious
13566,11,Yes,No,Susceptible
13567,44,Yes,Yes,Susceptible
13568,14,Yes,No,Susceptible
13569,29,Yes,Yes,Susceptible
13570,74,No,No,Susceptible
13571,50,Yes,Yes,Susceptible
13572,5,No,No,Susceptible
13573,72,Yes,No,Infectious
13574,69,No,No,Susceptible
13575,88,Yes,Yes,Susceptible
13576,57,Yes,Yes,Susceptible
13577,26,No,No,Susceptible
13578,6,Yes,Yes,Susceptible
13579,16,No,No,Susceptible
13580,60,Yes,Yes,Susceptible
13581,12,Yes,Yes,Recovered
13582,75,Yes,Yes,Susceptible
13583,3,Yes,Yes,Susceptible
13584,63,No,No,Susceptible
13585,64,Yes,Yes,Susceptible
13586,62,Yes,Yes,Susceptible
13587,6,Yes,No,Susceptible
13588,19,Yes,Yes,Susceptible
13589,18,Yes,No,Susceptible
13590,80,No,No,Infectious
13591,87,Yes,Yes,Susceptible
13592,43,Yes,Yes,Susceptible
13593,73,Yes,Yes,Susceptible
13594,3,Yes,No,Susceptible
13595,72,No,No,Susceptible
13596,38,Yes,No,Susceptible
13597,68,No,Yes,Susceptible
13598,76,Yes,Yes,Susceptible
13599,44,Yes,No,Susceptible
13600,89,Yes,No,Susceptible
13601,80,Yes,No,Susceptible
13602,63,Yes,No,Susceptible
13603,42,Yes,Yes,Susceptible
13604,64,No,No,Susceptible
13605,54,No,No,Susceptible
13606,78,Yes,No,Susceptible
13607,77,Yes,Yes,Susceptible
13608,71,No,No,Infectious
13609,76,Yes,Yes,Susceptible
13610,37,Yes,Yes,Recovered
13611,4,Yes,Yes,Susceptible
13612,2,Yes,Yes,Recovered
13613,44,Yes,No,Susceptible
13614,67,Yes,No,Susceptible
13615,68,No,Yes,Susceptible
13616,76,Yes,No,Susceptible
13617,83,Yes,No,Susceptible
13618,74,Yes,Yes,Susceptible
13619,62,No,No,Susceptible
13620,1,Yes,No,Susceptible
13621,17,Yes,No,Susceptible
13622,16,Yes,No,Susceptible
13623,9,Yes,Yes,Susceptible
13624,53,Yes,No,Susceptible
13625,73,Yes,No,Susceptible
13626,59,Yes,Yes,Susceptible
13627,9,No,No,Susceptible
13628,12,Yes,Yes,Susceptible
13629,41,Yes,No,Susceptible
13630,15,Yes,Yes,Susceptible
13631,66,Yes,Yes,Susceptible
13632,75,Yes,No,Susceptible
13633,11,Yes,Yes,Susceptible
13634,8,No,Yes,Susceptible
13635,55,Yes,No,Susceptible
13636,6,Yes,No,Susceptible
13637,53,No,Yes,Susceptible
13638,20,No,No,Infectious
13639,39,Yes,Yes,Susceptible
13640,72,Yes,Yes,Susceptible
13641,34,No,No,Susceptible
13642,57,Yes,Yes,Susceptible
13643,19,Yes,No,Susceptible
13644,71,No,Yes,Susceptible
13645,31,Yes,No,Susceptible
13646,82,No,No,Susceptible
13647,40,Yes,No,Susceptible
13648,14,No,Yes,Susceptible
13649,81,Yes,Yes,Susceptible
13650,37,No,Yes,Susceptible
13651,44,Yes,No,Susceptible
13652,9,No,No,Susceptible
13653,58,Yes,No,Recovered
13654,20,Yes,Yes,Susceptible
13655,50,No,Yes,Susceptible
13656,20,Yes,Yes,Susceptible
13657,36,Yes,No,Susceptible
13658,27,Yes,Yes,Susceptible
13659,72,Yes,No,Susceptible
13660,32,Yes,Yes,Infectious
13661,1,Yes,Yes,Infectious
13662,17,No,Yes,Susceptible
13663,9,Yes,Yes,Susceptible
13664,84,Yes,Yes,Recovered
13665,45,Yes,Yes,Susceptible
13666,66,Yes,Yes,Susceptible
13667,32,Yes,No,Susceptible
13668,45,No,Yes,Susceptible
13669,9,No,No,Susceptible
13670,30,Yes,Yes,Exposed
13671,84,No,Yes,Susceptible
13672,38,Yes,Yes,Susceptible
13673,60,Yes,No,Susceptible
13674,1,Yes,Yes,Infectious
13675,5,Yes,No,Susceptible
13676,63,No,No,Susceptible
13677,36,No,No,Susceptible
13678,65,Yes,No,Susceptible
13679,78,Yes,Yes,Susceptible
13680,73,No,Yes,Susceptible
13681,24,Yes,No,Susceptible
13682,4,No,Yes,Susceptible
13683,78,No,Yes,Susceptible
13684,89,No,Yes,Susceptible
13685,68,No,No,Susceptible
13686,25,Yes,No,Susceptible
13687,74,No,No,Exposed
13688,7,No,No,Susceptible
13689,13,Yes,Yes,Susceptible
13690,68,Yes,No,Susceptible
13691,43,No,No,Susceptible
13692,57,Yes,Yes,Susceptible
13693,36,Yes,Yes,Susceptible
13694,14,Yes,No,Susceptible
13695,82,No,No,Susceptible
13696,72,Yes,Yes,Susceptible
13697,27,No,No,Susceptible
13698,37,Yes,No,Susceptible
13699,87,No,Yes,Susceptible
13700,71,No,Yes,Susceptible
13701,76,Yes,Yes,Susceptible
13702,25,Yes,Yes,Susceptible
13703,67,No,Yes,Susceptible
13704,4,No,No,Susceptible
13705,79,No,No,Susceptible
13706,74,Yes,No,Susceptible
13707,85,Yes,Yes,Susceptible
13708,16,Yes,No,Susceptible
13709,19,No,No,Exposed
13710,29,Yes,No,Susceptible
13711,51,Yes,No,Susceptible
13712,18,No,Yes,Susceptible
13713,58,No,No,Susceptible
13714,44,Yes,No,Susceptible
13715,16,Yes,Yes,Susceptible
13716,65,Yes,Yes,Susceptible
13717,2,No,No,Susceptible
13718,56,Yes,Yes,Susceptible
13719,79,No,No,Susceptible
13720,28,Yes,No,Susceptible
13721,65,No,No,Susceptible
13722,5,No,Yes,Susceptible
13723,22,Yes,Yes,Susceptible
13724,13,Yes,No,Susceptible
13725,65,Yes,Yes,Exposed
13726,16,Yes,No,Susceptible
13727,86,Yes,Yes,Susceptible
13728,64,Yes,No,Susceptible
13729,32,Yes,Yes,Susceptible
13730,80,Yes,Yes,Recovered
13731,51,Yes,Yes,Susceptible
13732,79,Yes,Yes,Susceptible
13733,58,Yes,No,Recovered
13734,46,Yes,No,Susceptible
13735,52,Yes,No,Susceptible
13736,63,Yes,Yes,Susceptible
13737,76,Yes,Yes,Susceptible
13738,60,No,No,Recovered
13739,65,Yes,Yes,Susceptible
13740,81,No,Yes,Susceptible
13741,55,Yes,Yes,Susceptible
13742,57,Yes,Yes,Susceptible
13743,71,Yes,No,Susceptible
13744,73,Yes,Yes,Susceptible
13745,86,Yes,Yes,Susceptible
13746,26,No,Yes,Susceptible
13747,12,Yes,Yes,Susceptible
13748,71,Yes,Yes,Susceptible
13749,46,Yes,Yes,Infectious
13750,47,No,Yes,Susceptible
13751,79,No,No,Infectious
13752,38,Yes,Yes,Susceptible
13753,21,Yes,No,Susceptible
13754,14,No,Yes,Susceptible
13755,2,Yes,Yes,Susceptible
13756,72,No,No,Susceptible
13757,70,Yes,No,Susceptible
13758,33,Yes,No,Susceptible
13759,6,Yes,Yes,Susceptible
13760,37,Yes,Yes,Susceptible
13761,14,Yes,No,Susceptible
13762,37,Yes,Yes,Susceptible
13763,8,No,No,Susceptible
13764,77,No,No,Susceptible
13765,13,Yes,Yes,Susceptible
13766,40,Yes,Yes,Exposed
13767,58,Yes,No,Susceptible
13768,18,No,No,Susceptible
13769,57,Yes,Yes,Susceptible
13770,83,No,No,Recovered
13771,38,Yes,Yes,Susceptible
13772,32,Yes,Yes,Susceptible
13773,86,No,Yes,Recovered
13774,66,No,No,Susceptible
13775,77,Yes,Yes,Susceptible
13776,87,Yes,Yes,Susceptible
13777,25,Yes,Yes,Susceptible
13778,58,Yes,Yes,Susceptible
13779,75,No,Yes,Exposed
13780,33,Yes,Yes,Susceptible
13781,88,No,No,Susceptible
13782,66,Yes,Yes,Recovered
13783,30,Yes,Yes,Susceptible
13784,81,Yes,No,Susceptible
13785,34,Yes,Yes,Susceptible
13786,86,Yes,No,Susceptible
13787,69,Yes,No,Susceptible
13788,48,Yes,No,Exposed
13789,40,Yes,No,Susceptible
13790,51,Yes,No,Susceptible
13791,80,Yes,Yes,Susceptible
13792,13,Yes,No,Susceptible
13793,31,Yes,Yes,Susceptible
13794,39,Yes,Yes,Susceptible
13795,63,Yes,No,Susceptible
13796,48,No,No,Susceptible
13797,87,No,Yes,Susceptible
13798,48,Yes,No,Susceptible
13799,61,Yes,Yes,Susceptible
13800,12,No,Yes,Susceptible
13801,78,Yes,Yes,Susceptible
13802,56,Yes,No,Susceptible
13803,18,No,Yes,Susceptible
13804,27,Yes,Yes,Susceptible
13805,28,Yes,Yes,Susceptible
13806,82,Yes,Yes,Infectious
13807,80,Yes,Yes,Susceptible
13808,52,No,No,Infectious
13809,16,Yes,No,Infectious
13810,77,Yes,No,Susceptible
13811,58,Yes,Yes,Susceptible
13812,9,Yes,No,Susceptible
13813,26,Yes,Yes,Exposed
13814,28,Yes,Yes,Susceptible
13815,77,No,Yes,Susceptible
13816,36,No,No,Susceptible
13817,9,Yes,Yes,Susceptible
13818,47,Yes,No,Susceptible
13819,78,Yes,Yes,Susceptible
13820,51,No,No,Susceptible
13821,76,No,Yes,Susceptible
13822,57,Yes,Yes,Susceptible
13823,32,Yes,No,Susceptible
13824,67,Yes,Yes,Susceptible
13825,57,Yes,No,Susceptible
13826,54,Yes,Yes,Susceptible
13827,16,Yes,No,Susceptible
13828,62,Yes,Yes,Susceptible
13829,84,Yes,No,Susceptible
13830,56,No,Yes,Exposed
13831,23,Yes,No,Susceptible
13832,17,Yes,Yes,Susceptible
13833,80,No,No,Exposed
13834,38,Yes,No,Susceptible
13835,72,Yes,No,Susceptible
13836,83,Yes,No,Susceptible
13837,30,Yes,Yes,Susceptible
13838,58,Yes,No,Susceptible
13839,78,No,No,Susceptible
13840,22,No,No,Recovered
13841,17,No,No,Susceptible
13842,15,Yes,No,Susceptible
13843,48,Yes,No,Susceptible
13844,32,Yes,Yes,Susceptible
13845,77,Yes,No,Susceptible
13846,85,Yes,No,Infectious
13847,40,Yes,Yes,Susceptible
13848,57,Yes,No,Susceptible
13849,58,Yes,No,Susceptible
13850,16,Yes,No,Susceptible
13851,28,Yes,Yes,Susceptible
13852,1,No,No,Susceptible
13853,41,No,No,Susceptible
13854,48,Yes,Yes,Infectious
13855,31,No,Yes,Susceptible
13856,36,No,Yes,Susceptible
13857,33,Yes,No,Susceptible
13858,33,No,No,Susceptible
13859,82,Yes,No,Susceptible
13860,23,No,No,Susceptible
13861,60,No,No,Susceptible
13862,87,Yes,No,Susceptible
13863,79,Yes,Yes,Susceptible
13864,30,No,No,Susceptible
13865,89,No,Yes,Susceptible
13866,45,No,Yes,Infectious
13867,80,Yes,Yes,Infectious
13868,39,Yes,No,Susceptible
13869,45,Yes,No,Infectious
13870,78,No,Yes,Susceptible
13871,81,Yes,Yes,Susceptible
13872,12,No,No,Susceptible
13873,32,Yes,Yes,Susceptible
13874,56,No,No,Susceptible
13875,24,Yes,Yes,Susceptible
13876,13,Yes,No,Susceptible
13877,20,Yes,Yes,Infectious
13878,79,Yes,No,Susceptible
13879,56,Yes,Yes,Infectious
13880,53,No,Yes,Susceptible
13881,68,Yes,Yes,Susceptible
13882,54,Yes,No,Susceptible
13883,34,No,No,Susceptible
13884,28,Yes,Yes,Susceptible
13885,50,No,No,Recovered
13886,2,Yes,No,Susceptible
13887,26,Yes,No,Susceptible
13888,51,Yes,Yes,Susceptible
13889,47,Yes,No,Susceptible
13890,26,Yes,No,Recovered
13891,84,No,No,Susceptible
13892,84,Yes,No,Susceptible
13893,75,Yes,No,Susceptible
13894,74,Yes,No,Susceptible
13895,61,Yes,Yes,Susceptible
13896,23,Yes,No,Susceptible
13897,37,No,Yes,Susceptible
13898,41,No,No,Exposed
13899,52,No,No,Susceptible
13900,83,No,Yes,Susceptible
13901,82,Yes,No,Susceptible
13902,49,Yes,No,Infectious
13903,27,No,Yes,Susceptible
13904,6,Yes,No,Exposed
13905,74,Yes,No,Susceptible
13906,66,Yes,Yes,Susceptible
13907,24,Yes,No,Susceptible
13908,38,Yes,Yes,Susceptible
13909,28,Yes,No,Susceptible
13910,28,Yes,Yes,Infectious
13911,66,Yes,No,Susceptible
13912,61,No,Yes,Susceptible
13913,46,Yes,Yes,Susceptible
13914,69,Yes,No,Susceptible
13915,75,No,No,Susceptible
13916,74,Yes,No,Susceptible
13917,43,Yes,Yes,Susceptible
13918,59,No,Yes,Susceptible
13919,2,Yes,Yes,Susceptible
13920,15,Yes,No,Susceptible
13921,37,Yes,Yes,Susceptible
13922,71,Yes,No,Susceptible
13923,20,No,No,Susceptible
13924,35,Yes,No,Susceptible
13925,34,Yes,No,Exposed
13926,86,No,No,Susceptible
13927,31,Yes,Yes,Susceptible
13928,87,Yes,Yes,Susceptible
13929,19,No,No,Exposed
13930,68,No,Yes,Susceptible
13931,24,Yes,Yes,Susceptible
13932,84,Yes,Yes,Susceptible
13933,39,No,No,Susceptible
13934,54,Yes,No,Susceptible
13935,39,Yes,No,Susceptible
13936,17,Yes,No,Susceptible
13937,19,No,Yes,Infectious
13938,48,Yes,No,Susceptible
13939,35,Yes,No,Susceptible
13940,32,Yes,No,Susceptible
13941,47,Yes,No,Susceptible
13942,47,Yes,No,Susceptible
13943,64,No,No,Susceptible
13944,46,Yes,No,Susceptible
13945,35,Yes,Yes,Susceptible
13946,17,Yes,Yes,Susceptible
13947,42,Yes,No,Susceptible
13948,29,Yes,No,Susceptible
13949,70,No,Yes,Susceptible
13950,17,No,No,Susceptible
13951,81,No,No,Susceptible
13952,14,Yes,Yes,Susceptible
13953,24,Yes,No,Susceptible
13954,57,Yes,Yes,Susceptible
13955,50,Yes,Yes,Susceptible
13956,57,Yes,No,Susceptible
13957,61,Yes,No,Susceptible
13958,39,Yes,No,Susceptible
13959,55,Yes,No,Susceptible
13960,36,Yes,Yes,Susceptible
13961,37,No,Yes,Susceptible
13962,14,Yes,Yes,Susceptible
13963,27,No,No,Susceptible
13964,83,Yes,No,Susceptible
13965,31,No,No,Susceptible
13966,73,Yes,No,Susceptible
13967,81,Yes,No,Susceptible
13968,83,No,No,Susceptible
13969,44,Yes,No,Susceptible
13970,68,No,Yes,Susceptible
13971,48,Yes,Yes,Exposed
13972,57,No,No,Susceptible
13973,75,Yes,No,Recovered
13974,22,No,Yes,Susceptible
13975,4,Yes,Yes,Exposed
13976,81,Yes,No,Susceptible
13977,72,Yes,Yes,Susceptible
13978,46,Yes,Yes,Susceptible
13979,59,No,No,Susceptible
13980,34,Yes,Yes,Susceptible
13981,11,Yes,Yes,Susceptible
13982,31,No,No,Susceptible
13983,11,Yes,Yes,Recovered
13984,56,Yes,No,Susceptible
13985,38,Yes,No,Susceptible
13986,21,No,Yes,Susceptible
13987,10,Yes,No,Susceptible
13988,26,Yes,No,Susceptible
13989,8,Yes,Yes,Susceptible
13990,8,Yes,No,Infectious
13991,60,Yes,Yes,Infectious
13992,72,No,Yes,Recovered
13993,34,No,No,Susceptible
13994,16,Yes,Yes,Susceptible
13995,13,Yes,No,Susceptible
13996,87,No,Yes,Susceptible
13997,76,Yes,Yes,Susceptible
13998,22,Yes,No,Susceptible
13999,27,No,Yes,Susceptible
14000,64,Yes,No,Susceptible
14001,2,Yes,No,Susceptible
14002,26,No,No,Susceptible
14003,83,Yes,No,Susceptible
14004,69,No,Yes,Susceptible
14005,84,No,Yes,Susceptible
14006,30,No,No,Susceptible
14007,8,Yes,No,Susceptible
14008,38,No,No,Susceptible
14009,61,No,No,Susceptible
14010,81,Yes,No,Susceptible
14011,65,Yes,No,Susceptible
14012,67,No,No,Exposed
14013,46,Yes,No,Susceptible
14014,72,Yes,Yes,Susceptible
14015,43,Yes,No,Susceptible
14016,59,No,Yes,Susceptible
14017,46,Yes,No,Susceptible
14018,72,Yes,No,Susceptible
14019,35,Yes,Yes,Susceptible
14020,39,Yes,No,Susceptible
14021,51,Yes,Yes,Infectious
14022,4,Yes,No,Susceptible
14023,80,No,No,Susceptible
14024,77,Yes,Yes,Susceptible
14025,84,Yes,No,Susceptible
14026,51,Yes,Yes,Susceptible
14027,5,Yes,No,Infectious
14028,55,Yes,No,Susceptible
14029,20,No,Yes,Exposed
14030,24,Yes,No,Susceptible
14031,36,No,Yes,Susceptible
14032,34,Yes,Yes,Susceptible
14033,54,Yes,No,Susceptible
14034,34,Yes,No,Susceptible
14035,83,No,No,Susceptible
14036,17,Yes,Yes,Susceptible
14037,5,Yes,No,Susceptible
14038,89,Yes,Yes,Susceptible
14039,18,Yes,No,Susceptible
14040,55,No,No,Exposed
14041,53,Yes,Yes,Infectious
14042,50,No,Yes,Susceptible
14043,72,No,Yes,Susceptible
14044,79,Yes,No,Susceptible
14045,45,No,No,Susceptible
14046,13,No,No,Susceptible
14047,16,Yes,Yes,Susceptible
14048,86,Yes,No,Susceptible
14049,84,Yes,No,Susceptible
14050,13,Yes,Yes,Susceptible
14051,20,Yes,No,Susceptible
14052,66,Yes,Yes,Susceptible
14053,47,No,Yes,Susceptible
14054,19,Yes,No,Exposed
14055,45,No,No,Susceptible
14056,37,Yes,No,Recovered
14057,54,Yes,No,Susceptible
14058,6,No,No,Susceptible
14059,14,Yes,No,Susceptible
14060,4,Yes,Yes,Susceptible
14061,86,Yes,Yes,Susceptible
14062,55,No,No,Susceptible
14063,34,No,No,Susceptible
14064,27,Yes,Yes,Susceptible
14065,7,Yes,Yes,Susceptible
14066,3,No,Yes,Susceptible
14067,47,Yes,Yes,Susceptible
14068,2,No,Yes,Susceptible
14069,80,No,Yes,Susceptible
14070,25,No,No,Susceptible
14071,60,No,No,Susceptible
14072,79,No,Yes,Recovered
14073,24,Yes,Yes,Susceptible
14074,15,No,No,Susceptible
14075,14,Yes,Yes,Susceptible
14076,54,Yes,Yes,Susceptible
14077,78,Yes,No,Susceptible
14078,6,No,No,Susceptible
14079,78,Yes,No,Susceptible
14080,81,Yes,No,Susceptible
14081,18,Yes,Yes,Susceptible
14082,20,Yes,No,Susceptible
14083,62,Yes,Yes,Susceptible
14084,81,No,Yes,Susceptible
14085,80,Yes,Yes,Susceptible
14086,40,No,No,Susceptible
14087,39,Yes,Yes,Susceptible
14088,52,No,Yes,Exposed
14089,32,Yes,No,Susceptible
14090,73,No,No,Susceptible
14091,27,Yes,Yes,Exposed
14092,52,Yes,Yes,Susceptible
14093,63,Yes,Yes,Susceptible
14094,74,Yes,Yes,Susceptible
14095,63,No,Yes,Susceptible
14096,17,Yes,No,Susceptible
14097,49,Yes,Yes,Exposed
14098,81,Yes,Yes,Susceptible
14099,82,No,Yes,Susceptible
14100,23,No,Yes,Susceptible
14101,72,Yes,No,Susceptible
14102,13,Yes,Yes,Susceptible
14103,23,Yes,Yes,Susceptible
14104,57,Yes,No,Susceptible
14105,62,Yes,No,Susceptible
14106,54,Yes,Yes,Susceptible
14107,20,Yes,No,Susceptible
14108,86,No,Yes,Susceptible
14109,52,Yes,Yes,Susceptible
14110,23,No,No,Susceptible
14111,35,Yes,Yes,Susceptible
14112,67,Yes,Yes,Susceptible
14113,34,Yes,No,Susceptible
14114,33,Yes,No,Susceptible
14115,46,Yes,No,Susceptible
14116,81,Yes,Yes,Susceptible
14117,45,No,No,Susceptible
14118,19,Yes,No,Susceptible
14119,87,Yes,Yes,Susceptible
14120,15,No,No,Susceptible
14121,78,Yes,No,Susceptible
14122,66,Yes,Yes,Infectious
14123,39,No,No,Susceptible
14124,18,No,No,Susceptible
14125,70,Yes,No,Exposed
14126,59,No,No,Susceptible
14127,32,No,Yes,Infectious
14128,21,Yes,Yes,Susceptible
14129,40,Yes,No,Susceptible
14130,27,Yes,No,Susceptible
14131,2,Yes,No,Susceptible
14132,80,Yes,Yes,Susceptible
14133,39,Yes,No,Susceptible
14134,86,Yes,No,Susceptible
14135,56,No,No,Susceptible
14136,13,Yes,No,Susceptible
14137,56,Yes,Yes,Susceptible
14138,66,No,Yes,Susceptible
14139,78,Yes,No,Susceptible
14140,56,Yes,Yes,Susceptible
14141,28,Yes,No,Susceptible
14142,64,No,Yes,Recovered
14143,71,No,Yes,Susceptible
14144,82,No,No,Infectious
14145,64,Yes,No,Susceptible
14146,56,Yes,No,Susceptible
14147,41,Yes,No,Susceptible
14148,41,No,Yes,Susceptible
14149,4,Yes,No,Susceptible
14150,57,No,No,Susceptible
14151,30,No,No,Susceptible
14152,88,Yes,Yes,Susceptible
14153,84,No,No,Susceptible
14154,46,No,No,Susceptible
14155,56,Yes,No,Susceptible
14156,31,Yes,No,Susceptible
14157,88,No,No,Infectious
14158,7,No,No,Susceptible
14159,77,Yes,Yes,Susceptible
14160,54,Yes,Yes,Susceptible
14161,8,No,No,Susceptible
14162,55,Yes,No,Susceptible
14163,69,Yes,No,Recovered
14164,44,Yes,Yes,Susceptible
14165,13,Yes,No,Exposed
14166,20,No,No,Susceptible
14167,78,Yes,No,Susceptible
14168,32,No,Yes,Susceptible
14169,60,Yes,No,Susceptible
14170,50,Yes,Yes,Susceptible
14171,27,No,No,Susceptible
14172,25,Yes,Yes,Susceptible
14173,52,No,No,Susceptible
14174,68,Yes,No,Infectious
14175,21,No,No,Infectious
14176,18,Yes,No,Susceptible
14177,39,Yes,Yes,Susceptible
14178,15,Yes,Yes,Infectious
14179,53,Yes,Yes,Susceptible
14180,38,Yes,No,Infectious
14181,48,Yes,No,Susceptible
14182,52,Yes,Yes,Susceptible
14183,88,Yes,Yes,Susceptible
14184,72,No,No,Recovered
14185,28,Yes,No,Exposed
14186,85,Yes,No,Susceptible
14187,16,No,Yes,Susceptible
14188,16,Yes,Yes,Susceptible
14189,35,Yes,Yes,Susceptible
14190,17,Yes,Yes,Susceptible
14191,73,No,No,Susceptible
14192,52,Yes,Yes,Infectious
14193,82,Yes,Yes,Susceptible
14194,12,Yes,No,Exposed
14195,83,Yes,Yes,Susceptible
14196,48,Yes,No,Susceptible
14197,22,Yes,No,Susceptible
14198,49,Yes,Yes,Susceptible
14199,52,Yes,Yes,Susceptible
14200,79,Yes,Yes,Susceptible
14201,1,No,No,Susceptible
14202,66,Yes,No,Susceptible
14203,64,No,No,Susceptible
14204,8,Yes,No,Susceptible
14205,86,Yes,No,Susceptible
14206,25,No,Yes,Susceptible
14207,66,Yes,No,Susceptible
14208,73,No,Yes,Susceptible
14209,73,Yes,No,Susceptible
14210,77,No,Yes,Exposed
14211,70,Yes,No,Susceptible
14212,79,Yes,No,Susceptible
14213,51,No,No,Susceptible
14214,53,Yes,No,Susceptible
14215,15,Yes,Yes,Susceptible
14216,50,Yes,Yes,Susceptible
14217,71,Yes,No,Susceptible
14218,75,Yes,Yes,Susceptible
14219,38,Yes,Yes,Susceptible
14220,40,Yes,No,Susceptible
14221,66,No,Yes,Susceptible
14222,39,Yes,Yes,Susceptible
14223,74,Yes,No,Susceptible
14224,17,Yes,Yes,Susceptible
14225,7,Yes,No,Susceptible
14226,39,Yes,Yes,Susceptible
14227,68,No,Yes,Recovered
14228,35,No,Yes,Susceptible
14229,51,Yes,Yes,Susceptible
14230,47,Yes,No,Susceptible
14231,36,Yes,Yes,Susceptible
14232,64,Yes,No,Susceptible
14233,89,No,Yes,Susceptible
14234,13,No,Yes,Susceptible
14235,18,Yes,No,Susceptible
14236,21,Yes,Yes,Susceptible
14237,65,Yes,No,Susceptible
14238,8,Yes,Yes,Susceptible
14239,48,No,No,Susceptible
14240,85,No,No,Susceptible
14241,43,Yes,Yes,Susceptible
14242,53,Yes,No,Susceptible
14243,85,No,No,Susceptible
14244,27,Yes,Yes,Susceptible
14245,19,Yes,No,Susceptible
14246,23,Yes,No,Susceptible
14247,50,No,No,Susceptible
14248,51,Yes,Yes,Susceptible
14249,43,No,Yes,Susceptible
14250,51,Yes,Yes,Susceptible
14251,69,Yes,No,Susceptible
14252,41,Yes,No,Susceptible
14253,72,Yes,Yes,Susceptible
14254,11,Yes,No,Susceptible
14255,80,Yes,No,Susceptible
14256,88,No,Yes,Exposed
14257,85,No,Yes,Susceptible
14258,52,No,Yes,Infectious
14259,23,No,No,Susceptible
14260,49,Yes,No,Susceptible
14261,38,No,Yes,Susceptible
14262,47,No,Yes,Susceptible
14263,72,Yes,No,Susceptible
14264,7,Yes,Yes,Susceptible
14265,66,Yes,No,Recovered
14266,77,No,No,Susceptible
14267,62,Yes,Yes,Susceptible
14268,87,Yes,Yes,Susceptible
14269,29,Yes,Yes,Susceptible
14270,38,Yes,Yes,Susceptible
14271,84,No,No,Susceptible
14272,33,Yes,Yes,Susceptible
14273,29,Yes,Yes,Susceptible
14274,79,No,No,Susceptible
14275,23,Yes,No,Susceptible
14276,3,Yes,No,Exposed
14277,45,No,Yes,Infectious
14278,8,No,Yes,Susceptible
14279,86,No,Yes,Susceptible
14280,29,Yes,No,Exposed
14281,2,No,No,Susceptible
14282,50,Yes,No,Recovered
14283,65,No,No,Susceptible
14284,20,Yes,Yes,Exposed
14285,52,No,No,Susceptible
14286,85,Yes,No,Recovered
14287,37,Yes,Yes,Susceptible
14288,72,Yes,Yes,Susceptible
14289,27,Yes,Yes,Susceptible
14290,47,Yes,No,Susceptible
14291,6,No,No,Susceptible
14292,60,No,Yes,Susceptible
14293,45,Yes,Yes,Susceptible
14294,44,Yes,No,Susceptible
14295,83,Yes,Yes,Susceptible
14296,18,Yes,Yes,Susceptible
14297,65,Yes,No,Exposed
14298,25,Yes,Yes,Susceptible
14299,27,Yes,Yes,Infectious
14300,7,Yes,Yes,Susceptible
14301,44,Yes,Yes,Susceptible
14302,29,Yes,No,Susceptible
14303,44,Yes,No,Exposed
14304,36,Yes,No,Susceptible
14305,19,Yes,Yes,Susceptible
14306,6,Yes,Yes,Susceptible
14307,25,No,Yes,Susceptible
14308,31,Yes,Yes,Susceptible
14309,9,No,Yes,Susceptible
14310,84,Yes,No,Susceptible
14311,74,No,Yes,Susceptible
14312,37,Yes,No,Exposed
14313,27,Yes,Yes,Susceptible
14314,13,Yes,No,Susceptible
14315,41,No,No,Susceptible
14316,66,Yes,No,Susceptible
14317,85,No,Yes,Susceptible
14318,24,No,No,Exposed
14319,44,Yes,No,Susceptible
14320,60,Yes,No,Susceptible
14321,9,Yes,Yes,Susceptible
14322,2,No,No,Susceptible
14323,56,Yes,Yes,Susceptible
14324,30,No,Yes,Susceptible
14325,22,Yes,No,Exposed
14326,75,No,No,Susceptible
14327,81,No,No,Susceptible
14328,13,Yes,No,Susceptible
14329,71,Yes,Yes,Infectious
14330,16,No,Yes,Susceptible
14331,45,Yes,Yes,Susceptible
14332,65,Yes,No,Susceptible
14333,11,Yes,No,Susceptible
14334,70,No,Yes,Recovered
14335,20,Yes,No,Susceptible
14336,63,Yes,No,Susceptible
14337,12,Yes,Yes,Susceptible
14338,62,No,Yes,Susceptible
14339,42,Yes,No,Susceptible
14340,83,No,No,Susceptible
14341,69,Yes,No,Susceptible
14342,58,Yes,Yes,Recovered
14343,5,Yes,Yes,Susceptible
14344,27,Yes,Yes,Susceptible
14345,28,No,Yes,Susceptible
14346,26,Yes,No,Recovered
14347,49,Yes,No,Susceptible
14348,21,Yes,Yes,Susceptible
14349,1,No,Yes,Exposed
14350,58,No,Yes,Susceptible
14351,79,Yes,No,Susceptible
14352,55,No,No,Susceptible
14353,81,Yes,No,Susceptible
14354,26,No,Yes,Susceptible
14355,84,Yes,Yes,Susceptible
14356,25,No,Yes,Susceptible
14357,77,Yes,No,Susceptible
14358,33,Yes,No,Susceptible
14359,89,Yes,No,Susceptible
14360,72,Yes,No,Susceptible
14361,69,Yes,No,Susceptible
14362,6,Yes,No,Susceptible
14363,23,Yes,Yes,Susceptible
14364,30,No,No,Susceptible
14365,78,Yes,Yes,Susceptible
14366,54,Yes,No,Susceptible
14367,87,Yes,No,Susceptible
14368,11,No,No,Susceptible
14369,31,Yes,No,Susceptible
14370,6,Yes,Yes,Susceptible
14371,11,Yes,Yes,Susceptible
14372,77,Yes,Yes,Susceptible
14373,12,Yes,No,Susceptible
14374,66,No,Yes,Susceptible
14375,53,Yes,Yes,Exposed
14376,36,Yes,Yes,Susceptible
14377,17,No,Yes,Susceptible
14378,28,Yes,Yes,Susceptible
14379,22,No,No,Susceptible
14380,7,Yes,Yes,Susceptible
14381,15,No,No,Susceptible
14382,11,Yes,Yes,Susceptible
14383,24,Yes,Yes,Recovered
14384,67,Yes,Yes,Susceptible
14385,30,Yes,Yes,Susceptible
14386,70,Yes,Yes,Exposed
14387,66,Yes,Yes,Susceptible
14388,61,Yes,No,Susceptible
14389,78,Yes,Yes,Susceptible
14390,41,Yes,Yes,Susceptible
14391,82,Yes,Yes,Susceptible
14392,51,Yes,Yes,Susceptible
14393,44,Yes,No,Susceptible
14394,13,Yes,Yes,Exposed
14395,12,No,Yes,Susceptible
14396,82,No,Yes,Susceptible
14397,9,No,Yes,Susceptible
14398,85,Yes,No,Susceptible
14399,48,Yes,No,Susceptible
14400,49,Yes,No,Susceptible
14401,53,Yes,Yes,Susceptible
14402,56,Yes,No,Susceptible
14403,40,No,No,Susceptible
14404,24,Yes,No,Susceptible
14405,72,Yes,No,Susceptible
14406,33,Yes,No,Susceptible
14407,23,No,Yes,Susceptible
14408,77,No,Yes,Susceptible
14409,54,Yes,No,Susceptible
14410,53,No,Yes,Susceptible
14411,49,Yes,No,Susceptible
14412,78,No,No,Susceptible
14413,78,No,Yes,Exposed
14414,80,Yes,No,Exposed
14415,49,Yes,Yes,Susceptible
14416,60,Yes,No,Susceptible
14417,65,Yes,Yes,Susceptible
14418,32,Yes,Yes,Susceptible
14419,79,Yes,No,Susceptible
14420,21,No,Yes,Susceptible
14421,18,Yes,No,Infectious
14422,60,No,Yes,Susceptible
14423,13,Yes,No,Susceptible
14424,24,No,No,Susceptible
14425,30,Yes,Yes,Susceptible
14426,2,Yes,Yes,Susceptible
14427,83,Yes,Yes,Susceptible
14428,25,Yes,No,Susceptible
14429,50,Yes,Yes,Susceptible
14430,14,Yes,No,Susceptible
14431,6,Yes,Yes,Susceptible
14432,76,Yes,Yes,Susceptible
14433,84,Yes,Yes,Susceptible
14434,87,No,Yes,Susceptible
14435,30,Yes,Yes,Susceptible
14436,30,No,Yes,Infectious
14437,38,No,No,Susceptible
14438,58,Yes,Yes,Susceptible
14439,41,Yes,Yes,Susceptible
14440,57,Yes,No,Susceptible
14441,36,Yes,No,Susceptible
14442,64,Yes,No,Susceptible
14443,16,Yes,No,Susceptible
14444,88,No,Yes,Susceptible
14445,78,Yes,No,Infectious
14446,72,Yes,Yes,Susceptible
14447,14,Yes,Yes,Susceptible
14448,31,Yes,No,Susceptible
14449,66,No,Yes,Infectious
14450,68,Yes,Yes,Susceptible
14451,65,No,Yes,Susceptible
14452,55,Yes,No,Susceptible
14453,84,No,Yes,Susceptible
14454,78,Yes,Yes,Susceptible
14455,40,No,Yes,Susceptible
14456,25,Yes,No,Infectious
14457,25,Yes,Yes,Susceptible
14458,3,Yes,No,Susceptible
14459,69,No,No,Susceptible
14460,26,Yes,No,Susceptible
14461,40,Yes,Yes,Susceptible
14462,38,No,Yes,Susceptible
14463,38,Yes,Yes,Susceptible
14464,68,Yes,No,Susceptible
14465,7,Yes,No,Susceptible
14466,30,Yes,No,Susceptible
14467,19,Yes,Yes,Susceptible
14468,35,No,Yes,Susceptible
14469,33,Yes,No,Susceptible
14470,33,Yes,Yes,Susceptible
14471,78,Yes,No,Recovered
14472,38,No,Yes,Susceptible
14473,10,Yes,No,Susceptible
14474,57,No,Yes,Susceptible
14475,28,Yes,Yes,Susceptible
14476,78,Yes,Yes,Susceptible
14477,38,Yes,Yes,Susceptible
14478,16,No,No,Susceptible
14479,21,Yes,Yes,Susceptible
14480,6,No,Yes,Susceptible
14481,41,No,Yes,Susceptible
14482,15,Yes,Yes,Susceptible
14483,3,Yes,Yes,Exposed
14484,43,No,No,Susceptible
14485,47,Yes,No,Susceptible
14486,14,Yes,No,Recovered
14487,66,Yes,Yes,Susceptible
14488,29,Yes,No,Susceptible
14489,4,Yes,No,Susceptible
14490,26,Yes,No,Infectious
14491,12,No,No,Susceptible
14492,2,Yes,No,Susceptible
14493,17,Yes,Yes,Susceptible
14494,35,Yes,Yes,Susceptible
14495,10,No,No,Susceptible
14496,86,Yes,No,Susceptible
14497,43,Yes,Yes,Susceptible
14498,21,Yes,Yes,Susceptible
14499,15,Yes,Yes,Susceptible
14500,35,Yes,Yes,Susceptible
14501,85,Yes,No,Susceptible
14502,85,Yes,Yes,Susceptible
14503,85,No,Yes,Susceptible
14504,60,Yes,Yes,Susceptible
14505,44,No,Yes,Susceptible
14506,5,Yes,No,Susceptible
14507,73,Yes,No,Susceptible
14508,18,Yes,Yes,Exposed
14509,21,No,Yes,Susceptible
14510,72,Yes,No,Susceptible
14511,74,Yes,No,Susceptible
14512,51,Yes,Yes,Susceptible
14513,41,Yes,Yes,Susceptible
14514,24,No,No,Susceptible
14515,24,Yes,No,Susceptible
14516,38,No,No,Susceptible
14517,44,No,No,Susceptible
14518,57,No,Yes,Susceptible
14519,59,Yes,No,Susceptible
14520,34,Yes,No,Exposed
14521,75,Yes,No,Susceptible
14522,82,Yes,Yes,Susceptible
14523,23,Yes,Yes,Susceptible
14524,86,No,No,Susceptible
14525,43,Yes,Yes,Susceptible
14526,82,No,Yes,Susceptible
14527,40,Yes,No,Susceptible
14528,47,Yes,No,Recovered
14529,41,No,No,Susceptible
14530,47,Yes,No,Susceptible
14531,20,Yes,No,Susceptible
14532,77,No,No,Susceptible
14533,65,Yes,Yes,Susceptible
14534,68,Yes,No,Susceptible
14535,24,Yes,No,Susceptible
14536,36,No,Yes,Susceptible
14537,45,Yes,Yes,Susceptible
14538,2,No,Yes,Susceptible
14539,28,Yes,Yes,Susceptible
14540,26,Yes,No,Susceptible
14541,23,No,Yes,Susceptible
14542,79,Yes,No,Susceptible
14543,36,Yes,No,Exposed
14544,6,No,Yes,Susceptible
14545,35,Yes,No,Susceptible
14546,38,Yes,No,Susceptible
14547,35,No,Yes,Susceptible
14548,74,No,Yes,Susceptible
14549,53,No,No,Susceptible
14550,38,Yes,Yes,Recovered
14551,59,No,Yes,Susceptible
14552,43,Yes,No,Susceptible
14553,4,Yes,No,Susceptible
14554,5,Yes,Yes,Susceptible
14555,68,Yes,Yes,Susceptible
14556,45,Yes,Yes,Susceptible
14557,80,Yes,No,Susceptible
14558,25,Yes,No,Susceptible
14559,78,Yes,Yes,Susceptible
14560,11,No,No,Susceptible
14561,29,Yes,No,Infectious
14562,34,Yes,No,Susceptible
14563,86,No,Yes,Susceptible
14564,14,Yes,Yes,Susceptible
14565,24,Yes,Yes,Susceptible
14566,59,No,No,Susceptible
14567,39,Yes,Yes,Susceptible
14568,26,Yes,No,Susceptible
14569,43,No,Yes,Susceptible
14570,36,Yes,No,Susceptible
14571,39,No,No,Susceptible
14572,61,Yes,Yes,Susceptible
14573,16,Yes,No,Susceptible
14574,59,Yes,Yes,Susceptible
14575,6,Yes,No,Susceptible
14576,56,Yes,No,Susceptible
14577,8,Yes,Yes,Susceptible
14578,27,No,Yes,Susceptible
14579,71,Yes,Yes,Susceptible
14580,27,No,No,Susceptible
14581,89,No,No,Susceptible
14582,46,Yes,Yes,Susceptible
14583,41,Yes,Yes,Susceptible
14584,79,Yes,Yes,Susceptible
14585,25,Yes,Yes,Susceptible
14586,86,Yes,No,Susceptible
14587,18,Yes,Yes,Susceptible
14588,12,Yes,Yes,Exposed
14589,87,No,No,Susceptible
14590,51,Yes,Yes,Susceptible
14591,39,Yes,No,Susceptible
14592,89,Yes,No,Exposed
14593,10,Yes,No,Susceptible
14594,74,Yes,Yes,Susceptible
14595,77,Yes,No,Susceptible
14596,54,No,Yes,Susceptible
14597,29,Yes,Yes,Infectious
14598,41,Yes,No,Recovered
14599,9,Yes,Yes,Susceptible
14600,63,Yes,Yes,Susceptible
14601,77,No,No,Susceptible
14602,37,Yes,Yes,Susceptible
14603,14,Yes,No,Recovered
14604,73,No,Yes,Recovered
14605,72,Yes,No,Susceptible
14606,39,Yes,Yes,Susceptible
14607,40,Yes,No,Susceptible
14608,54,Yes,Yes,Susceptible
14609,3,Yes,No,Susceptible
14610,55,Yes,No,Susceptible
14611,33,Yes,No,Susceptible
14612,71,Yes,No,Susceptible
14613,19,Yes,No,Susceptible
14614,34,Yes,Yes,Susceptible
14615,78,No,Yes,Recovered
14616,50,Yes,No,Susceptible
14617,47,Yes,No,Infectious
14618,46,No,Yes,Exposed
14619,56,No,No,Susceptible
14620,57,No,No,Susceptible
14621,83,Yes,No,Susceptible
14622,51,Yes,No,Susceptible
14623,54,Yes,No,Susceptible
14624,81,No,Yes,Susceptible
14625,28,No,No,Recovered
14626,19,No,Yes,Infectious
14627,27,Yes,No,Susceptible
14628,48,Yes,No,Susceptible
14629,19,Yes,Yes,Exposed
14630,51,No,Yes,Susceptible
14631,7,Yes,Yes,Susceptible
14632,29,Yes,No,Susceptible
14633,43,Yes,Yes,Susceptible
14634,69,Yes,No,Susceptible
14635,58,Yes,No,Susceptible
14636,8,No,No,Susceptible
14637,42,Yes,No,Susceptible
14638,76,No,Yes,Susceptible
14639,42,Yes,No,Susceptible
14640,13,Yes,No,Susceptible
14641,26,Yes,Yes,Susceptible
14642,18,Yes,No,Susceptible
14643,42,Yes,Yes,Susceptible
14644,51,Yes,No,Susceptible
14645,84,Yes,Yes,Susceptible
14646,16,Yes,No,Susceptible
14647,3,Yes,Yes,Susceptible
14648,79,No,Yes,Susceptible
14649,45,Yes,No,Recovered
14650,22,Yes,Yes,Exposed
14651,23,Yes,No,Susceptible
14652,59,Yes,Yes,Susceptible
14653,62,Yes,Yes,Susceptible
14654,68,Yes,Yes,Susceptible
14655,54,Yes,No,Susceptible
14656,57,No,No,Susceptible
14657,23,No,Yes,Susceptible
14658,60,Yes,Yes,Susceptible
14659,73,Yes,No,Infectious
14660,88,Yes,Yes,Susceptible
14661,85,Yes,No,Susceptible
14662,55,Yes,Yes,Susceptible
14663,80,Yes,No,Susceptible
14664,63,Yes,No,Susceptible
14665,56,No,No,Susceptible
14666,55,Yes,No,Susceptible
14667,25,Yes,Yes,Susceptible
14668,26,Yes,Yes,Susceptible
14669,49,Yes,No,Susceptible
14670,63,Yes,Yes,Susceptible
14671,45,Yes,Yes,Susceptible
14672,73,No,Yes,Susceptible
14673,79,Yes,No,Recovered
14674,39,Yes,Yes,Susceptible
14675,65,Yes,No,Susceptible
14676,69,No,No,Susceptible
14677,56,No,Yes,Susceptible
14678,9,Yes,No,Susceptible
14679,70,Yes,No,Exposed
14680,28,Yes,No,Susceptible
14681,45,No,No,Infectious
14682,26,Yes,Yes,Susceptible
14683,28,Yes,Yes,Recovered
14684,40,Yes,Yes,Susceptible
14685,15,Yes,Yes,Susceptible
14686,6,Yes,Yes,Recovered
14687,27,Yes,Yes,Susceptible
14688,38,Yes,No,Susceptible
14689,68,No,No,Susceptible
14690,75,Yes,Yes,Susceptible
14691,85,Yes,Yes,Susceptible
14692,64,No,Yes,Susceptible
14693,30,Yes,Yes,Susceptible
14694,82,Yes,No,Susceptible
14695,3,Yes,No,Infectious
14696,62,No,No,Susceptible
14697,12,No,Yes,Susceptible
14698,30,Yes,No,Susceptible
14699,85,Yes,No,Recovered
14700,38,Yes,No,Susceptible
14701,85,No,No,Susceptible
14702,60,Yes,Yes,Susceptible
14703,38,Yes,Yes,Susceptible
14704,15,Yes,No,Susceptible
14705,18,Yes,Yes,Susceptible
14706,52,No,No,Susceptible
14707,29,No,No,Susceptible
14708,60,Yes,Yes,Susceptible
14709,21,Yes,No,Susceptible
14710,17,No,Yes,Susceptible
14711,18,No,No,Susceptible
14712,57,No,Yes,Susceptible
14713,37,Yes,Yes,Susceptible
14714,60,Yes,Yes,Susceptible
14715,38,Yes,Yes,Susceptible
14716,12,Yes,Yes,Susceptible
14717,75,Yes,No,Susceptible
14718,84,Yes,Yes,Exposed
14719,73,Yes,Yes,Susceptible
14720,1,Yes,No,Susceptible
14721,58,Yes,Yes,Susceptible
14722,3,Yes,Yes,Susceptible
14723,63,Yes,No,Susceptible
14724,21,Yes,Yes,Susceptible
14725,23,Yes,No,Recovered
14726,9,Yes,No,Susceptible
14727,83,No,No,Susceptible
14728,55,Yes,Yes,Susceptible
14729,19,Yes,No,Susceptible
14730,62,No,Yes,Susceptible
14731,87,Yes,Yes,Susceptible
14732,39,Yes,Yes,Susceptible
14733,76,Yes,No,Exposed
14734,27,No,Yes,Susceptible
14735,46,Yes,Yes,Susceptible
14736,34,No,Yes,Susceptible
14737,33,Yes,No,Susceptible
14738,50,Yes,Yes,Susceptible
14739,20,Yes,Yes,Susceptible
14740,40,Yes,No,Susceptible
14741,58,No,Yes,Susceptible
14742,31,No,No,Susceptible
14743,38,No,Yes,Susceptible
14744,86,No,Yes,Recovered
14745,45,Yes,No,Susceptible
14746,41,Yes,Yes,Infectious
14747,9,Yes,Yes,Susceptible
14748,9,Yes,No,Susceptible
14749,63,Yes,Yes,Infectious
14750,79,Yes,Yes,Susceptible
14751,77,Yes,No,Susceptible
14752,22,No,Yes,Susceptible
14753,16,No,Yes,Susceptible
14754,32,Yes,No,Susceptible
14755,66,Yes,Yes,Susceptible
14756,14,Yes,No,Susceptible
14757,38,Yes,Yes,Susceptible
14758,8,No,Yes,Susceptible
14759,21,Yes,No,Susceptible
14760,56,Yes,No,Exposed
14761,46,No,Yes,Susceptible
14762,43,Yes,Yes,Susceptible
14763,46,Yes,Yes,Infectious
14764,48,Yes,Yes,Susceptible
14765,70,Yes,No,Recovered
14766,84,Yes,No,Infectious
14767,31,No,No,Susceptible
14768,33,Yes,Yes,Susceptible
14769,44,Yes,Yes,Susceptible
14770,71,Yes,Yes,Susceptible
14771,8,Yes,No,Susceptible
14772,73,Yes,Yes,Susceptible
14773,2,Yes,Yes,Susceptible
14774,17,No,No,Susceptible
14775,52,Yes,No,Susceptible
14776,45,No,Yes,Susceptible
14777,37,Yes,No,Susceptible
14778,42,Yes,Yes,Susceptible
14779,44,No,No,Susceptible
14780,81,Yes,No,Susceptible
14781,38,Yes,Yes,Recovered
14782,6,No,Yes,Susceptible
14783,68,No,Yes,Susceptible
14784,51,No,No,Susceptible
14785,35,No,No,Susceptible
14786,58,No,Yes,Susceptible
14787,57,Yes,No,Susceptible
14788,73,Yes,No,Susceptible
14789,6,No,No,Susceptible
14790,13,Yes,Yes,Susceptible
14791,59,Yes,No,Susceptible
14792,86,Yes,Yes,Susceptible
14793,30,Yes,No,Susceptible
14794,2,Yes,No,Susceptible
14795,58,No,No,Susceptible
14796,36,Yes,No,Susceptible
14797,72,Yes,No,Susceptible
14798,45,No,Yes,Susceptible
14799,9,Yes,Yes,Susceptible
14800,65,Yes,No,Susceptible
14801,77,No,No,Infectious
14802,50,Yes,No,Exposed
14803,79,No,Yes,Susceptible
14804,32,No,No,Susceptible
14805,43,Yes,Yes,Susceptible
14806,78,Yes,No,Susceptible
14807,54,Yes,Yes,Susceptible
14808,47,Yes,No,Susceptible
14809,14,Yes,No,Susceptible
14810,48,Yes,Yes,Susceptible
14811,55,No,Yes,Susceptible
14812,29,Yes,No,Susceptible
14813,47,Yes,No,Susceptible
14814,63,Yes,Yes,Susceptible
14815,19,No,Yes,Susceptible
14816,9,No,Yes,Susceptible
14817,37,Yes,Yes,Susceptible
14818,52,No,Yes,Susceptible
14819,57,No,No,Susceptible
14820,88,No,No,Susceptible
14821,28,No,No,Susceptible
14822,36,Yes,Yes,Susceptible
14823,64,No,Yes,Susceptible
14824,18,No,Yes,Infectious
14825,89,Yes,No,Susceptible
14826,35,Yes,Yes,Susceptible
14827,68,Yes,No,Susceptible
14828,78,Yes,No,Infectious
14829,39,Yes,Yes,Susceptible
14830,8,Yes,No,Susceptible
14831,88,Yes,Yes,Susceptible
14832,80,No,No,Susceptible
14833,84,Yes,Yes,Susceptible
14834,15,Yes,Yes,Susceptible
14835,7,Yes,Yes,Susceptible
14836,17,Yes,Yes,Susceptible
14837,86,No,Yes,Susceptible
14838,86,Yes,No,Exposed
14839,64,Yes,Yes,Susceptible
14840,12,Yes,Yes,Susceptible
14841,82,Yes,Yes,Susceptible
14842,56,Yes,Yes,Susceptible
14843,46,No,No,Susceptible
14844,47,Yes,No,Susceptible
14845,79,Yes,Yes,Susceptible
14846,16,Yes,No,Susceptible
14847,69,Yes,No,Susceptible
14848,2,No,No,Susceptible
14849,54,No,Yes,Susceptible
14850,27,Yes,Yes,Susceptible
14851,31,Yes,Yes,Susceptible
14852,41,No,No,Susceptible
14853,36,Yes,Yes,Susceptible
14854,47,Yes,Yes,Susceptible
14855,43,Yes,Yes,Susceptible
14856,65,No,No,Susceptible
14857,50,No,Yes,Susceptible
14858,1,Yes,No,Susceptible
14859,72,Yes,Yes,Susceptible
14860,57,Yes,Yes,Exposed
14861,16,Yes,No,Susceptible
14862,28,Yes,No,Susceptible
14863,86,Yes,Yes,Susceptible
14864,82,Yes,No,Susceptible
14865,22,Yes,No,Susceptible
14866,41,Yes,No,Susceptible
14867,76,Yes,No,Susceptible
14868,19,No,Yes,Susceptible
14869,89,No,Yes,Susceptible
14870,50,Yes,No,Susceptible
14871,59,Yes,Yes,Exposed
14872,69,Yes,Yes,Susceptible
14873,34,Yes,Yes,Susceptible
14874,39,Yes,No,Susceptible
14875,74,No,No,Susceptible
14876,7,Yes,Yes,Susceptible
14877,52,Yes,Yes,Susceptible
14878,60,Yes,No,Exposed
14879,52,No,No,Exposed
14880,79,No,Yes,Susceptible
14881,24,No,No,Exposed
14882,26,Yes,Yes,Recovered
14883,10,No,No,Susceptible
14884,17,Yes,Yes,Susceptible
14885,78,Yes,Yes,Exposed
14886,2,Yes,No,Susceptible
14887,77,Yes,Yes,Susceptible
14888,27,Yes,Yes,Susceptible
14889,73,Yes,Yes,Susceptible
14890,71,No,Yes,Susceptible
14891,48,Yes,Yes,Susceptible
14892,74,No,Yes,Susceptible
14893,9,Yes,No,Susceptible
14894,86,Yes,No,Susceptible
14895,23,Yes,No,Susceptible
14896,71,Yes,No,Susceptible
14897,73,Yes,No,Susceptible
14898,27,Yes,Yes,Susceptible
14899,88,Yes,Yes,Susceptible
14900,81,No,Yes,Susceptible
14901,84,No,Yes,Susceptible
14902,71,Yes,Yes,Exposed
14903,43,No,Yes,Infectious
14904,7,Yes,Yes,Susceptible
14905,83,Yes,No,Susceptible
14906,63,Yes,Yes,Susceptible
14907,84,Yes,Yes,Susceptible
14908,44,Yes,No,Infectious
14909,39,Yes,No,Susceptible
14910,40,Yes,Yes,Susceptible
14911,7,Yes,Yes,Susceptible
14912,70,Yes,Yes,Susceptible
14913,25,Yes,No,Susceptible
14914,59,Yes,No,Susceptible
14915,13,No,No,Susceptible
14916,86,Yes,Yes,Recovered
14917,81,Yes,No,Susceptible
14918,86,Yes,Yes,Susceptible
14919,62,No,No,Susceptible
14920,8,Yes,Yes,Susceptible
14921,45,Yes,Yes,Susceptible
14922,18,No,Yes,Recovered
14923,88,No,No,Susceptible
14924,60,No,Yes,Susceptible
14925,60,No,No,Susceptible
14926,2,No,No,Susceptible
14927,66,No,No,Susceptible
14928,14,Yes,No,Susceptible
14929,48,No,Yes,Susceptible
14930,56,Yes,Yes,Susceptible
14931,12,No,Yes,Susceptible
14932,55,Yes,Yes,Susceptible
14933,28,No,Yes,Susceptible
14934,89,Yes,No,Exposed
14935,4,Yes,No,Susceptible
14936,36,Yes,No,Susceptible
14937,50,Yes,Yes,Susceptible
14938,3,Yes,Yes,Susceptible
14939,1,No,No,Susceptible
14940,17,No,Yes,Susceptible
14941,71,Yes,No,Susceptible
14942,62,No,No,Susceptible
14943,48,Yes,Yes,Susceptible
14944,62,Yes,No,Recovered
14945,69,Yes,No,Infectious
14946,19,Yes,No,Susceptible
14947,34,No,No,Susceptible
14948,49,Yes,Yes,Susceptible
14949,80,Yes,Yes,Susceptible
14950,47,No,No,Susceptible
14951,50,Yes,No,Susceptible
14952,89,Yes,No,Susceptible
14953,26,Yes,Yes,Recovered
14954,56,Yes,No,Susceptible
14955,78,Yes,Yes,Susceptible
14956,14,Yes,No,Susceptible
14957,78,Yes,No,Susceptible
14958,25,Yes,Yes,Susceptible
14959,4,Yes,Yes,Susceptible
14960,79,Yes,Yes,Exposed
14961,32,Yes,No,Recovered
14962,82,Yes,Yes,Infectious
14963,78,Yes,Yes,Susceptible
14964,65,Yes,Yes,Infectious
14965,61,Yes,Yes,Recovered
14966,20,Yes,Yes,Susceptible
14967,74,Yes,Yes,Exposed
14968,10,No,Yes,Susceptible
14969,88,No,Yes,Susceptible
14970,34,Yes,No,Susceptible
14971,61,Yes,Yes,Susceptible
14972,27,No,No,Infectious
14973,40,Yes,Yes,Susceptible
14974,65,No,Yes,Susceptible
14975,33,Yes,No,Susceptible
14976,68,Yes,Yes,Susceptible
14977,71,Yes,No,Susceptible
14978,9,Yes,Yes,Susceptible
14979,16,Yes,Yes,Susceptible
14980,5,Yes,Yes,Susceptible
14981,23,Yes,Yes,Infectious
14982,43,Yes,Yes,Susceptible
14983,89,Yes,Yes,Susceptible
14984,57,No,Yes,Susceptible
14985,51,No,No,Susceptible
14986,13,Yes,Yes,Susceptible
14987,24,No,Yes,Susceptible
14988,11,Yes,No,Susceptible
14989,52,Yes,No,Susceptible
14990,17,No,No,Susceptible
14991,37,No,Yes,Susceptible
14992,13,Yes,No,Susceptible
14993,62,Yes,Yes,Susceptible
14994,84,Yes,Yes,Susceptible
14995,8,No,No,Infectious
14996,56,Yes,Yes,Susceptible
14997,83,Yes,No,Susceptible
14998,70,No,Yes,Infectious
14999,44,Yes,No,Susceptible
